{
  "gameId": "0efa72da-9f4e-4578-aa23-5612601279e7",
  "rounds": {
    "0": {
      "pot": 15,
      "bets": {
        "4055448947": 5,
        "3820804005": 10
      },
      "actions": {
        "4055448947": "RAISE",
        "3820804005": "RAISE"
      },
      "action_sequence": [
        {
          "player": 4055448947,
          "action": "RAISE",
          "amount": 5,
          "timestamp": 1758171453756,
          "pot_after_action": 5,
          "side_pots_after_action": [
            {
              "amount": 5,
              "eligible_players": [
                4055448948,
                3820804006
              ]
            }
          ],
          "total_pot_after_action": 5,
          "total_side_pots_after_action": [
            {
              "id": 0,
              "amount": 5,
              "eligible_players": [
                4055448948,
                3820804006
              ]
            }
          ]
        },
        {
          "player": 3820804005,
          "action": "RAISE",
          "amount": 10,
          "timestamp": 1758171453756,
          "pot_after_action": 15,
          "side_pots_after_action": [
            {
              "amount": 10,
              "eligible_players": [
                4055448948,
                3820804006
              ]
            },
            {
              "amount": 5,
              "eligible_players": [
                3820804006
              ]
            }
          ],
          "total_pot_after_action": 15,
          "total_side_pots_after_action": [
            {
              "id": 0,
              "amount": 10,
              "eligible_players": [
                4055448948,
                3820804006
              ]
            },
            {
              "id": 1,
              "amount": 5,
              "eligible_players": [
                3820804006
              ]
            }
          ]
        }
      ],
      "actionTimes": {}
    },
    "1": {
      "pot": 100,
      "bets": {
        "4055448947": 100,
        "3820804005": 0
      },
      "actions": {
        "4055448947": "RAISE",
        "3820804005": "FOLD"
      },
      "action_sequence": [
        {
          "player": 4055448947,
          "action": "RAISE",
          "amount": 100,
          "timestamp": 1758171453760,
          "pot_after_action": 100,
          "side_pots_after_action": [
            {
              "amount": 100,
              "eligible_players": [
                4055448948,
                3820804006
              ]
            }
          ],
          "total_pot_after_action": 115,
          "total_side_pots_after_action": [
            {
              "id": 0,
              "amount": 10,
              "eligible_players": [
                4055448948,
                3820804006
              ]
            },
            {
              "id": 1,
              "amount": 5,
              "eligible_players": [
                3820804006
              ]
            },
            {
              "id": 2,
              "amount": 100,
              "eligible_players": [
                4055448948,
                3820804006
              ]
            }
          ]
        },
        {
          "player": 3820804005,
          "action": "FOLD",
          "amount": 0,
          "timestamp": 1758171453761,
          "pot_after_action": 100,
          "side_pots_after_action": [
            {
              "amount": 100,
              "eligible_players": [
                4055448948,
                3820804006
              ]
            }
          ],
          "total_pot_after_action": 115,
          "total_side_pots_after_action": [
            {
              "id": 0,
              "amount": 10,
              "eligible_players": [
                4055448948,
                3820804006
              ]
            },
            {
              "id": 1,
              "amount": 5,
              "eligible_players": [
                3820804006
              ]
            },
            {
              "id": 2,
              "amount": 100,
              "eligible_players": [
                4055448948,
                3820804006
              ]
            }
          ]
        }
      ],
      "actionTimes": {
        "4055448947": 5,
        "3820804005": 6
      }
    }
  },
  "playerNames": {
    "4055448947": "player4055448948",
    "3820804005": "player3820804006"
  },
  "blinds": {
    "small": 5,
    "big": 10
  },
  "finalBoard": [
    "Qc",
    "Ts",
    "Ah",
    "3s"
  ],
  "sidePots": [
    {
      "amount": 0,
      "eligible_players": [
        4055448947
      ]
    }
  ],
  "playerMoney": {
    "initialAmount": 10000,
    "startingMoney": {
      "4055448948": 10000,
      "3820804006": 10000
    },
    "startingDelta": {
      "4055448948": 0,
      "3820804006": 0
    },
    "finalDelta": {
      "4055448948": 10,
      "3820804006": -10
    },
    "gameScores": {
      "4055448948": 10,
      "3820804006": -10
    },
    "finalMoney": {
      "4055448948": 10010,
      "3820804006": 9990
    },
    "thisGameDelta": {
      "4055448948": 10,
      "3820804006": -10
    }
  },
  "playerHands": {
    "4055448947": [
      "9s",
      "4h"
    ],
    "3820804005": [
      "9d",
      "2h"
    ]
  },
  "usernameMapping": {
    "default": 4055448948,
    "client_container_6730_test_client_test_x_ai_grok_4_iter_4_20250917_215727_iter4": 3820804006
  },
  "playerIdToUsername": {
    "4055448948": "default",
    "3820804006": "client_container_6730_test_client_test_x_ai_grok_4_iter_4_20250917_215727_iter4"
  }
}