{
  "gameId": "0efa72da-9f4e-4578-aa23-5612601279e7",
  "rounds": {
    "0": {
      "pot": 15,
      "bets": {
        "4055448947": 10,
        "3820804005": 5
      },
      "actions": {
        "3820804005": "RAISE",
        "4055448947": "RAISE"
      },
      "action_sequence": [
        {
          "player": 3820804005,
          "action": "RAISE",
          "amount": 5,
          "timestamp": 1758171453938,
          "pot_after_action": 5,
          "side_pots_after_action": [
            {
              "amount": 5,
              "eligible_players": [
                4055448948,
                3820804006
              ]
            }
          ],
          "total_pot_after_action": 5,
          "total_side_pots_after_action": [
            {
              "id": 0,
              "amount": 5,
              "eligible_players": [
                4055448948,
                3820804006
              ]
            }
          ]
        },
        {
          "player": 4055448947,
          "action": "RAISE",
          "amount": 10,
          "timestamp": 1758171453938,
          "pot_after_action": 15,
          "side_pots_after_action": [
            {
              "amount": 10,
              "eligible_players": [
                4055448948,
                3820804006
              ]
            },
            {
              "amount": 5,
              "eligible_players": [
                4055448948
              ]
            }
          ],
          "total_pot_after_action": 15,
          "total_side_pots_after_action": [
            {
              "id": 0,
              "amount": 10,
              "eligible_players": [
                4055448948,
                3820804006
              ]
            },
            {
              "id": 1,
              "amount": 5,
              "eligible_players": [
                4055448948
              ]
            }
          ]
        }
      ],
      "actionTimes": {}
    },
    "1": {
      "pot": 100,
      "bets": {
        "4055448947": 100,
        "3820804005": 0
      },
      "actions": {
        "3820804005": "FOLD",
        "4055448947": "RAISE"
      },
      "action_sequence": [
        {
          "player": 3820804005,
          "action": "CHECK",
          "amount": 0,
          "timestamp": 1758171453942,
          "pot_after_action": 0,
          "side_pots_after_action": [
            {
              "amount": 0,
              "eligible_players": [
                4055448948,
                3820804006
              ]
            }
          ],
          "total_pot_after_action": 15,
          "total_side_pots_after_action": [
            {
              "id": 0,
              "amount": 10,
              "eligible_players": [
                4055448948,
                3820804006
              ]
            },
            {
              "id": 1,
              "amount": 5,
              "eligible_players": [
                4055448948
              ]
            },
            {
              "id": 2,
              "amount": 0,
              "eligible_players": [
                4055448948,
                3820804006
              ]
            }
          ]
        },
        {
          "player": 4055448947,
          "action": "RAISE",
          "amount": 100,
          "timestamp": 1758171453943,
          "pot_after_action": 100,
          "side_pots_after_action": [
            {
              "amount": 100,
              "eligible_players": [
                4055448948,
                3820804006
              ]
            }
          ],
          "total_pot_after_action": 115,
          "total_side_pots_after_action": [
            {
              "id": 0,
              "amount": 10,
              "eligible_players": [
                4055448948,
                3820804006
              ]
            },
            {
              "id": 1,
              "amount": 5,
              "eligible_players": [
                4055448948
              ]
            },
            {
              "id": 2,
              "amount": 100,
              "eligible_players": [
                4055448948,
                3820804006
              ]
            }
          ]
        },
        {
          "player": 3820804005,
          "action": "FOLD",
          "amount": 0,
          "timestamp": 1758171453984,
          "pot_after_action": 100,
          "side_pots_after_action": [
            {
              "amount": 100,
              "eligible_players": [
                4055448948,
                3820804006
              ]
            }
          ],
          "total_pot_after_action": 115,
          "total_side_pots_after_action": [
            {
              "id": 0,
              "amount": 10,
              "eligible_players": [
                4055448948,
                3820804006
              ]
            },
            {
              "id": 1,
              "amount": 5,
              "eligible_players": [
                4055448948
              ]
            },
            {
              "id": 2,
              "amount": 100,
              "eligible_players": [
                4055448948,
                3820804006
              ]
            }
          ]
        }
      ],
      "actionTimes": {
        "3820804005": 46,
        "4055448947": 5
      }
    }
  },
  "playerNames": {
    "4055448947": "player4055448948",
    "3820804005": "player3820804006"
  },
  "blinds": {
    "small": 5,
    "big": 10
  },
  "finalBoard": [
    "Js",
    "Kh",
    "Tc",
    "5c"
  ],
  "sidePots": [
    {
      "amount": 0,
      "eligible_players": [
        4055448947
      ]
    }
  ],
  "playerMoney": {
    "initialAmount": 10000,
    "startingMoney": {
      "4055448948": 10025,
      "3820804006": 9975
    },
    "startingDelta": {
      "4055448948": 25,
      "3820804006": -25
    },
    "finalDelta": {
      "4055448948": 30,
      "3820804006": -30
    },
    "gameScores": {
      "4055448948": 5,
      "3820804006": -5
    },
    "finalMoney": {
      "4055448948": 10030,
      "3820804006": 9970
    },
    "thisGameDelta": {
      "4055448948": 5,
      "3820804006": -5
    }
  },
  "playerHands": {
    "4055448947": [
      "5d",
      "As"
    ],
    "3820804005": [
      "7c",
      "Th"
    ]
  },
  "usernameMapping": {
    "default": 4055448948,
    "client_container_6730_test_client_test_x_ai_grok_4_iter_4_20250917_215727_iter4": 3820804006
  },
  "playerIdToUsername": {
    "4055448948": "default",
    "3820804006": "client_container_6730_test_client_test_x_ai_grok_4_iter_4_20250917_215727_iter4"
  }
}