{
  "gameId": "472f974f-eb39-4e6a-b720-9ae15a0b01ff",
  "rounds": {
    "0": {
      "pot": 15,
      "bets": {
        "2899882151": 10,
        "3059055583": 5
      },
      "actions": {
        "3059055583": "RAISE",
        "2899882151": "RAISE"
      },
      "action_sequence": [
        {
          "player": 3059055583,
          "action": "RAISE",
          "amount": 5,
          "timestamp": 1758178264097,
          "pot_after_action": 5,
          "side_pots_after_action": [
            {
              "amount": 5,
              "eligible_players": [
                2899882152,
                3059055584
              ]
            }
          ],
          "total_pot_after_action": 5,
          "total_side_pots_after_action": [
            {
              "id": 0,
              "amount": 5,
              "eligible_players": [
                2899882152,
                3059055584
              ]
            }
          ]
        },
        {
          "player": 2899882151,
          "action": "RAISE",
          "amount": 10,
          "timestamp": 1758178264097,
          "pot_after_action": 15,
          "side_pots_after_action": [
            {
              "amount": 10,
              "eligible_players": [
                2899882152,
                3059055584
              ]
            },
            {
              "amount": 5,
              "eligible_players": [
                2899882152
              ]
            }
          ],
          "total_pot_after_action": 15,
          "total_side_pots_after_action": [
            {
              "id": 0,
              "amount": 10,
              "eligible_players": [
                2899882152,
                3059055584
              ]
            },
            {
              "id": 1,
              "amount": 5,
              "eligible_players": [
                2899882152
              ]
            }
          ]
        }
      ],
      "actionTimes": {}
    },
    "1": {
      "pot": 100,
      "bets": {
        "2899882151": 100,
        "3059055583": 0
      },
      "actions": {
        "3059055583": "FOLD",
        "2899882151": "RAISE"
      },
      "action_sequence": [
        {
          "player": 3059055583,
          "action": "CHECK",
          "amount": 0,
          "timestamp": 1758178264101,
          "pot_after_action": 0,
          "side_pots_after_action": [
            {
              "amount": 0,
              "eligible_players": [
                2899882152,
                3059055584
              ]
            }
          ],
          "total_pot_after_action": 15,
          "total_side_pots_after_action": [
            {
              "id": 0,
              "amount": 10,
              "eligible_players": [
                2899882152,
                3059055584
              ]
            },
            {
              "id": 1,
              "amount": 5,
              "eligible_players": [
                2899882152
              ]
            },
            {
              "id": 2,
              "amount": 0,
              "eligible_players": [
                2899882152,
                3059055584
              ]
            }
          ]
        },
        {
          "player": 2899882151,
          "action": "RAISE",
          "amount": 100,
          "timestamp": 1758178264101,
          "pot_after_action": 100,
          "side_pots_after_action": [
            {
              "amount": 100,
              "eligible_players": [
                2899882152,
                3059055584
              ]
            }
          ],
          "total_pot_after_action": 115,
          "total_side_pots_after_action": [
            {
              "id": 0,
              "amount": 10,
              "eligible_players": [
                2899882152,
                3059055584
              ]
            },
            {
              "id": 1,
              "amount": 5,
              "eligible_players": [
                2899882152
              ]
            },
            {
              "id": 2,
              "amount": 100,
              "eligible_players": [
                2899882152,
                3059055584
              ]
            }
          ]
        },
        {
          "player": 3059055583,
          "action": "FOLD",
          "amount": 0,
          "timestamp": 1758178264144,
          "pot_after_action": 100,
          "side_pots_after_action": [
            {
              "amount": 100,
              "eligible_players": [
                2899882152,
                3059055584
              ]
            }
          ],
          "total_pot_after_action": 115,
          "total_side_pots_after_action": [
            {
              "id": 0,
              "amount": 10,
              "eligible_players": [
                2899882152,
                3059055584
              ]
            },
            {
              "id": 1,
              "amount": 5,
              "eligible_players": [
                2899882152
              ]
            },
            {
              "id": 2,
              "amount": 100,
              "eligible_players": [
                2899882152,
                3059055584
              ]
            }
          ]
        }
      ],
      "actionTimes": {
        "3059055583": 48,
        "2899882151": 5
      }
    }
  },
  "playerNames": {
    "2899882151": "player2899882152",
    "3059055583": "player3059055584"
  },
  "blinds": {
    "small": 5,
    "big": 10
  },
  "finalBoard": [
    "3c",
    "7h",
    "9h",
    "2s"
  ],
  "sidePots": [
    {
      "amount": 0,
      "eligible_players": [
        2899882151
      ]
    }
  ],
  "playerMoney": {
    "initialAmount": 10000,
    "startingMoney": {
      "2899882152": 10070,
      "3059055584": 9930
    },
    "startingDelta": {
      "2899882152": 70,
      "3059055584": -70
    },
    "finalDelta": {
      "2899882152": 75,
      "3059055584": -75
    },
    "gameScores": {
      "2899882152": 5,
      "3059055584": -5
    },
    "finalMoney": {
      "2899882152": 10075,
      "3059055584": 9925
    },
    "thisGameDelta": {
      "2899882152": 5,
      "3059055584": -5
    }
  },
  "playerHands": {
    "2899882151": [
      "Tc",
      "Ad"
    ],
    "3059055583": [
      "8c",
      "Ac"
    ]
  },
  "usernameMapping": {
    "default": 2899882152,
    "client_container_5261_test_client_test_deepseek_deepseek_r1_0528_iter_2_20250917_235056_iter2": 3059055584
  },
  "playerIdToUsername": {
    "2899882152": "default",
    "3059055584": "client_container_5261_test_client_test_deepseek_deepseek_r1_0528_iter_2_20250917_235056_iter2"
  }
}