{
  "gameId": "8bcec24a-6d62-4096-aeb0-43096b40edd1",
  "rounds": {
    "0": {
      "pot": 15,
      "bets": {
        "1268978180": 5,
        "1156514442": 10
      },
      "actions": {
        "1268978180": "RAISE",
        "1156514442": "RAISE"
      },
      "action_sequence": [
        {
          "player": 1268978180,
          "action": "RAISE",
          "amount": 5,
          "timestamp": 1756787830938,
          "pot_after_action": 5,
          "side_pots_after_action": [
            {
              "amount": 5,
              "eligible_players": [
                1156514443,
                1268978181
              ]
            }
          ],
          "total_pot_after_action": 5,
          "total_side_pots_after_action": [
            {
              "id": 0,
              "amount": 5,
              "eligible_players": [
                1156514443,
                1268978181
              ]
            }
          ]
        },
        {
          "player": 1156514442,
          "action": "RAISE",
          "amount": 10,
          "timestamp": 1756787830938,
          "pot_after_action": 15,
          "side_pots_after_action": [
            {
              "amount": 10,
              "eligible_players": [
                1156514443,
                1268978181
              ]
            },
            {
              "amount": 5,
              "eligible_players": [
                1156514443
              ]
            }
          ],
          "total_pot_after_action": 15,
          "total_side_pots_after_action": [
            {
              "id": 0,
              "amount": 10,
              "eligible_players": [
                1156514443,
                1268978181
              ]
            },
            {
              "id": 1,
              "amount": 5,
              "eligible_players": [
                1156514443
              ]
            }
          ]
        }
      ],
      "actionTimes": {}
    },
    "1": {
      "pot": 100,
      "bets": {
        "1268978180": 100,
        "1156514442": 0
      },
      "actions": {
        "1268978180": "RAISE",
        "1156514442": "FOLD"
      },
      "action_sequence": [
        {
          "player": 1268978180,
          "action": "RAISE",
          "amount": 100,
          "timestamp": 1756787830980,
          "pot_after_action": 100,
          "side_pots_after_action": [
            {
              "amount": 100,
              "eligible_players": [
                1156514443,
                1268978181
              ]
            }
          ],
          "total_pot_after_action": 115,
          "total_side_pots_after_action": [
            {
              "id": 0,
              "amount": 10,
              "eligible_players": [
                1156514443,
                1268978181
              ]
            },
            {
              "id": 1,
              "amount": 5,
              "eligible_players": [
                1156514443
              ]
            },
            {
              "id": 2,
              "amount": 100,
              "eligible_players": [
                1156514443,
                1268978181
              ]
            }
          ]
        },
        {
          "player": 1156514442,
          "action": "FOLD",
          "amount": 0,
          "timestamp": 1756787830981,
          "pot_after_action": 100,
          "side_pots_after_action": [
            {
              "amount": 100,
              "eligible_players": [
                1156514443,
                1268978181
              ]
            }
          ],
          "total_pot_after_action": 115,
          "total_side_pots_after_action": [
            {
              "id": 0,
              "amount": 10,
              "eligible_players": [
                1156514443,
                1268978181
              ]
            },
            {
              "id": 1,
              "amount": 5,
              "eligible_players": [
                1156514443
              ]
            },
            {
              "id": 2,
              "amount": 100,
              "eligible_players": [
                1156514443,
                1268978181
              ]
            }
          ]
        }
      ],
      "actionTimes": {
        "1268978180": 42,
        "1156514442": 43
      }
    }
  },
  "playerNames": {
    "1268978180": "player1268978181",
    "1156514442": "player1156514443"
  },
  "blinds": {
    "small": 5,
    "big": 10
  },
  "finalBoard": [
    "Ks",
    "Kd",
    "2s",
    "7c"
  ],
  "sidePots": [
    {
      "amount": 0,
      "eligible_players": [
        1268978180
      ]
    }
  ],
  "playerMoney": {
    "initialAmount": 10000,
    "startingMoney": {
      "1268978181": 10015,
      "1156514443": 9985
    },
    "startingDelta": {
      "1268978181": 15,
      "1156514443": -15
    },
    "finalDelta": {
      "1268978181": 25,
      "1156514443": -25
    },
    "gameScores": {
      "1268978181": 10,
      "1156514443": -10
    },
    "finalMoney": {
      "1268978181": 10025,
      "1156514443": 9975
    },
    "thisGameDelta": {
      "1268978181": 10,
      "1156514443": -10
    }
  },
  "playerHands": {
    "1268978180": [
      "8d",
      "7s"
    ],
    "1156514442": [
      "3d",
      "9h"
    ]
  },
  "usernameMapping": {
    "default": 1268978181,
    "client_container_6175_test_client_test_moonshotai_kimi_k2_iter_1_20250901_213704_iter1": 1156514443
  },
  "playerIdToUsername": {
    "1268978181": "default",
    "1156514443": "client_container_6175_test_client_test_moonshotai_kimi_k2_iter_1_20250901_213704_iter1"
  }
}