{
  "gameId": "8bcec24a-6d62-4096-aeb0-43096b40edd1",
  "rounds": {
    "0": {
      "pot": 15,
      "bets": {
        "1268978180": 10,
        "1156514442": 5
      },
      "actions": {
        "1156514442": "RAISE",
        "1268978180": "RAISE"
      },
      "action_sequence": [
        {
          "player": 1156514442,
          "action": "RAISE",
          "amount": 5,
          "timestamp": 1756787831157,
          "pot_after_action": 5,
          "side_pots_after_action": [
            {
              "amount": 5,
              "eligible_players": [
                1156514443,
                1268978181
              ]
            }
          ],
          "total_pot_after_action": 5,
          "total_side_pots_after_action": [
            {
              "id": 0,
              "amount": 5,
              "eligible_players": [
                1156514443,
                1268978181
              ]
            }
          ]
        },
        {
          "player": 1268978180,
          "action": "RAISE",
          "amount": 10,
          "timestamp": 1756787831157,
          "pot_after_action": 15,
          "side_pots_after_action": [
            {
              "amount": 10,
              "eligible_players": [
                1156514443,
                1268978181
              ]
            },
            {
              "amount": 5,
              "eligible_players": [
                1268978181
              ]
            }
          ],
          "total_pot_after_action": 15,
          "total_side_pots_after_action": [
            {
              "id": 0,
              "amount": 10,
              "eligible_players": [
                1156514443,
                1268978181
              ]
            },
            {
              "id": 1,
              "amount": 5,
              "eligible_players": [
                1268978181
              ]
            }
          ]
        }
      ],
      "actionTimes": {}
    },
    "1": {
      "pot": 100,
      "bets": {
        "1268978180": 100,
        "1156514442": 0
      },
      "actions": {
        "1156514442": "FOLD",
        "1268978180": "RAISE"
      },
      "action_sequence": [
        {
          "player": 1156514442,
          "action": "FOLD",
          "amount": 0,
          "timestamp": 1756787831200,
          "pot_after_action": 0,
          "side_pots_after_action": [
            {
              "amount": 0,
              "eligible_players": [
                1156514443,
                1268978181
              ]
            }
          ],
          "total_pot_after_action": 15,
          "total_side_pots_after_action": [
            {
              "id": 0,
              "amount": 10,
              "eligible_players": [
                1156514443,
                1268978181
              ]
            },
            {
              "id": 1,
              "amount": 5,
              "eligible_players": [
                1268978181
              ]
            },
            {
              "id": 2,
              "amount": 0,
              "eligible_players": [
                1156514443,
                1268978181
              ]
            }
          ]
        },
        {
          "player": 1268978180,
          "action": "RAISE",
          "amount": 100,
          "timestamp": 1756787831200,
          "pot_after_action": 100,
          "side_pots_after_action": [
            {
              "amount": 100,
              "eligible_players": [
                1156514443,
                1268978181
              ]
            }
          ],
          "total_pot_after_action": 115,
          "total_side_pots_after_action": [
            {
              "id": 0,
              "amount": 10,
              "eligible_players": [
                1156514443,
                1268978181
              ]
            },
            {
              "id": 1,
              "amount": 5,
              "eligible_players": [
                1268978181
              ]
            },
            {
              "id": 2,
              "amount": 100,
              "eligible_players": [
                1156514443,
                1268978181
              ]
            }
          ]
        }
      ],
      "actionTimes": {
        "1156514442": 43,
        "1268978180": 43
      }
    }
  },
  "playerNames": {
    "1268978180": "player1268978181",
    "1156514442": "player1156514443"
  },
  "blinds": {
    "small": 5,
    "big": 10
  },
  "finalBoard": [
    "2c",
    "Tc",
    "6s",
    "Jh"
  ],
  "sidePots": [
    {
      "amount": 0,
      "eligible_players": [
        1268978180
      ]
    }
  ],
  "playerMoney": {
    "initialAmount": 10000,
    "startingMoney": {
      "1268978181": 10055,
      "1156514443": 9945
    },
    "startingDelta": {
      "1268978181": 55,
      "1156514443": -55
    },
    "finalDelta": {
      "1268978181": 60,
      "1156514443": -60
    },
    "gameScores": {
      "1268978181": 5,
      "1156514443": -5
    },
    "finalMoney": {
      "1268978181": 10060,
      "1156514443": 9940
    },
    "thisGameDelta": {
      "1268978181": 5,
      "1156514443": -5
    }
  },
  "playerHands": {
    "1268978180": [
      "9d",
      "3c"
    ],
    "1156514442": [
      "Kc",
      "9h"
    ]
  },
  "usernameMapping": {
    "default": 1268978181,
    "client_container_6175_test_client_test_moonshotai_kimi_k2_iter_1_20250901_213704_iter1": 1156514443
  },
  "playerIdToUsername": {
    "1268978181": "default",
    "1156514443": "client_container_6175_test_client_test_moonshotai_kimi_k2_iter_1_20250901_213704_iter1"
  }
}