{
  "gameId": "738531a5-55fd-4a89-b56a-36eb06a18d7a",
  "rounds": {
    "0": {
      "pot": 15,
      "bets": {
        "3174531608": 5,
        "644635449": 10
      },
      "actions": {
        "3174531608": "RAISE",
        "644635449": "RAISE"
      },
      "action_sequence": [
        {
          "player": 3174531608,
          "action": "RAISE",
          "amount": 5,
          "timestamp": 1756692060314,
          "pot_after_action": 5,
          "side_pots_after_action": [
            {
              "amount": 5,
              "eligible_players": [
                3174531609,
                644635450
              ]
            }
          ],
          "total_pot_after_action": 5,
          "total_side_pots_after_action": [
            {
              "id": 0,
              "amount": 5,
              "eligible_players": [
                3174531609,
                644635450
              ]
            }
          ]
        },
        {
          "player": 644635449,
          "action": "RAISE",
          "amount": 10,
          "timestamp": 1756692060314,
          "pot_after_action": 15,
          "side_pots_after_action": [
            {
              "amount": 10,
              "eligible_players": [
                3174531609,
                644635450
              ]
            },
            {
              "amount": 5,
              "eligible_players": [
                644635450
              ]
            }
          ],
          "total_pot_after_action": 15,
          "total_side_pots_after_action": [
            {
              "id": 0,
              "amount": 10,
              "eligible_players": [
                3174531609,
                644635450
              ]
            },
            {
              "id": 1,
              "amount": 5,
              "eligible_players": [
                644635450
              ]
            }
          ]
        }
      ],
      "actionTimes": {}
    },
    "1": {
      "pot": 100,
      "bets": {
        "3174531608": 100,
        "644635449": 0
      },
      "actions": {
        "3174531608": "RAISE",
        "644635449": "FOLD"
      },
      "action_sequence": [
        {
          "player": 3174531608,
          "action": "RAISE",
          "amount": 100,
          "timestamp": 1756692060318,
          "pot_after_action": 100,
          "side_pots_after_action": [
            {
              "amount": 100,
              "eligible_players": [
                3174531609,
                644635450
              ]
            }
          ],
          "total_pot_after_action": 115,
          "total_side_pots_after_action": [
            {
              "id": 0,
              "amount": 10,
              "eligible_players": [
                3174531609,
                644635450
              ]
            },
            {
              "id": 1,
              "amount": 5,
              "eligible_players": [
                644635450
              ]
            },
            {
              "id": 2,
              "amount": 100,
              "eligible_players": [
                3174531609,
                644635450
              ]
            }
          ]
        },
        {
          "player": 644635449,
          "action": "FOLD",
          "amount": 0,
          "timestamp": 1756692060321,
          "pot_after_action": 100,
          "side_pots_after_action": [
            {
              "amount": 100,
              "eligible_players": [
                3174531609,
                644635450
              ]
            }
          ],
          "total_pot_after_action": 115,
          "total_side_pots_after_action": [
            {
              "id": 0,
              "amount": 10,
              "eligible_players": [
                3174531609,
                644635450
              ]
            },
            {
              "id": 1,
              "amount": 5,
              "eligible_players": [
                644635450
              ]
            },
            {
              "id": 2,
              "amount": 100,
              "eligible_players": [
                3174531609,
                644635450
              ]
            }
          ]
        }
      ],
      "actionTimes": {
        "3174531608": 6,
        "644635449": 9
      }
    }
  },
  "playerNames": {
    "3174531608": "player3174531609",
    "644635449": "player644635450"
  },
  "blinds": {
    "small": 5,
    "big": 10
  },
  "finalBoard": [
    "8h",
    "Kd",
    "6c",
    "Jc"
  ],
  "sidePots": [
    {
      "amount": 0,
      "eligible_players": [
        3174531608
      ]
    }
  ],
  "playerMoney": {
    "initialAmount": 10000,
    "startingMoney": {
      "3174531609": 10000,
      "644635450": 10000
    },
    "startingDelta": {
      "3174531609": 0,
      "644635450": 0
    },
    "finalDelta": {
      "3174531609": 10,
      "644635450": -10
    },
    "gameScores": {
      "3174531609": 10,
      "644635450": -10
    },
    "finalMoney": {
      "3174531609": 10010,
      "644635450": 9990
    },
    "thisGameDelta": {
      "3174531609": 10,
      "644635450": -10
    }
  },
  "playerHands": {
    "3174531608": [
      "Th",
      "Ah"
    ],
    "644635449": [
      "8s",
      "Ks"
    ]
  },
  "usernameMapping": {
    "default": 3174531609,
    "client_container_5852_test_client_test_z_ai_glm_4.5_iter_2_20250831_190053_iter2": 644635450
  },
  "playerIdToUsername": {
    "3174531609": "default",
    "644635450": "client_container_5852_test_client_test_z_ai_glm_4.5_iter_2_20250831_190053_iter2"
  }
}