{
  "gameId": "1a129e51-57d6-42cd-8b23-725905198b58",
  "rounds": {
    "0": {
      "pot": 15,
      "bets": {
        "833885632": 5,
        "3673760734": 10
      },
      "actions": {
        "833885632": "RAISE",
        "3673760734": "RAISE"
      },
      "action_sequence": [
        {
          "player": 833885632,
          "action": "RAISE",
          "amount": 5,
          "timestamp": 1758173623434,
          "pot_after_action": 5,
          "side_pots_after_action": [
            {
              "amount": 5,
              "eligible_players": [
                833885633,
                3673760735
              ]
            }
          ],
          "total_pot_after_action": 5,
          "total_side_pots_after_action": [
            {
              "id": 0,
              "amount": 5,
              "eligible_players": [
                833885633,
                3673760735
              ]
            }
          ]
        },
        {
          "player": 3673760734,
          "action": "RAISE",
          "amount": 10,
          "timestamp": 1758173623434,
          "pot_after_action": 15,
          "side_pots_after_action": [
            {
              "amount": 10,
              "eligible_players": [
                833885633,
                3673760735
              ]
            },
            {
              "amount": 5,
              "eligible_players": [
                3673760735
              ]
            }
          ],
          "total_pot_after_action": 15,
          "total_side_pots_after_action": [
            {
              "id": 0,
              "amount": 10,
              "eligible_players": [
                833885633,
                3673760735
              ]
            },
            {
              "id": 1,
              "amount": 5,
              "eligible_players": [
                3673760735
              ]
            }
          ]
        }
      ],
      "actionTimes": {}
    },
    "1": {
      "pot": 100,
      "bets": {
        "833885632": 100,
        "3673760734": 0
      },
      "actions": {
        "833885632": "RAISE",
        "3673760734": "FOLD"
      },
      "action_sequence": [
        {
          "player": 833885632,
          "action": "RAISE",
          "amount": 100,
          "timestamp": 1758173623438,
          "pot_after_action": 100,
          "side_pots_after_action": [
            {
              "amount": 100,
              "eligible_players": [
                833885633,
                3673760735
              ]
            }
          ],
          "total_pot_after_action": 115,
          "total_side_pots_after_action": [
            {
              "id": 0,
              "amount": 10,
              "eligible_players": [
                833885633,
                3673760735
              ]
            },
            {
              "id": 1,
              "amount": 5,
              "eligible_players": [
                3673760735
              ]
            },
            {
              "id": 2,
              "amount": 100,
              "eligible_players": [
                833885633,
                3673760735
              ]
            }
          ]
        },
        {
          "player": 3673760734,
          "action": "FOLD",
          "amount": 0,
          "timestamp": 1758173623439,
          "pot_after_action": 100,
          "side_pots_after_action": [
            {
              "amount": 100,
              "eligible_players": [
                833885633,
                3673760735
              ]
            }
          ],
          "total_pot_after_action": 115,
          "total_side_pots_after_action": [
            {
              "id": 0,
              "amount": 10,
              "eligible_players": [
                833885633,
                3673760735
              ]
            },
            {
              "id": 1,
              "amount": 5,
              "eligible_players": [
                3673760735
              ]
            },
            {
              "id": 2,
              "amount": 100,
              "eligible_players": [
                833885633,
                3673760735
              ]
            }
          ]
        }
      ],
      "actionTimes": {
        "833885632": 5,
        "3673760734": 6
      }
    }
  },
  "playerNames": {
    "833885632": "player833885633",
    "3673760734": "player3673760735"
  },
  "blinds": {
    "small": 5,
    "big": 10
  },
  "finalBoard": [
    "Jd",
    "3d",
    "5c",
    "2c"
  ],
  "sidePots": [
    {
      "amount": 0,
      "eligible_players": [
        833885632
      ]
    }
  ],
  "playerMoney": {
    "initialAmount": 10000,
    "startingMoney": {
      "833885633": 10000,
      "3673760735": 10000
    },
    "startingDelta": {
      "833885633": 0,
      "3673760735": 0
    },
    "finalDelta": {
      "833885633": 10,
      "3673760735": -10
    },
    "gameScores": {
      "833885633": 10,
      "3673760735": -10
    },
    "finalMoney": {
      "833885633": 10010,
      "3673760735": 9990
    },
    "thisGameDelta": {
      "833885633": 10,
      "3673760735": -10
    }
  },
  "playerHands": {
    "833885632": [
      "Ts",
      "9h"
    ],
    "3673760734": [
      "3s",
      "8s"
    ]
  },
  "usernameMapping": {
    "default": 833885633,
    "client_container_6650_test_client_test_openai_o3_pro_iter_3_20250917_223337_iter3": 3673760735
  },
  "playerIdToUsername": {
    "833885633": "default",
    "3673760735": "client_container_6650_test_client_test_openai_o3_pro_iter_3_20250917_223337_iter3"
  }
}