{
  "gameId": "0a5645d6-b576-4b4c-99f0-f52a22a3d4a4",
  "rounds": {
    "0": {
      "pot": 15,
      "bets": {
        "2645974171": 10,
        "2361107058": 5
      },
      "actions": {
        "2361107058": "RAISE",
        "2645974171": "RAISE"
      },
      "action_sequence": [
        {
          "player": 2361107058,
          "action": "RAISE",
          "amount": 5,
          "timestamp": 1756712454999,
          "pot_after_action": 5,
          "side_pots_after_action": [
            {
              "amount": 5,
              "eligible_players": [
                2361107059,
                2645974172
              ]
            }
          ],
          "total_pot_after_action": 5,
          "total_side_pots_after_action": [
            {
              "id": 0,
              "amount": 5,
              "eligible_players": [
                2361107059,
                2645974172
              ]
            }
          ]
        },
        {
          "player": 2645974171,
          "action": "RAISE",
          "amount": 10,
          "timestamp": 1756712454999,
          "pot_after_action": 15,
          "side_pots_after_action": [
            {
              "amount": 10,
              "eligible_players": [
                2361107059,
                2645974172
              ]
            },
            {
              "amount": 5,
              "eligible_players": [
                2645974172
              ]
            }
          ],
          "total_pot_after_action": 15,
          "total_side_pots_after_action": [
            {
              "id": 0,
              "amount": 10,
              "eligible_players": [
                2361107059,
                2645974172
              ]
            },
            {
              "id": 1,
              "amount": 5,
              "eligible_players": [
                2645974172
              ]
            }
          ]
        }
      ],
      "actionTimes": {}
    },
    "1": {
      "pot": 100,
      "bets": {
        "2645974171": 100,
        "2361107058": 0
      },
      "actions": {
        "2361107058": "FOLD",
        "2645974171": "RAISE"
      },
      "action_sequence": [
        {
          "player": 2361107058,
          "action": "CHECK",
          "amount": 0,
          "timestamp": 1756712455041,
          "pot_after_action": 0,
          "side_pots_after_action": [
            {
              "amount": 0,
              "eligible_players": [
                2361107059,
                2645974172
              ]
            }
          ],
          "total_pot_after_action": 15,
          "total_side_pots_after_action": [
            {
              "id": 0,
              "amount": 10,
              "eligible_players": [
                2361107059,
                2645974172
              ]
            },
            {
              "id": 1,
              "amount": 5,
              "eligible_players": [
                2645974172
              ]
            },
            {
              "id": 2,
              "amount": 0,
              "eligible_players": [
                2361107059,
                2645974172
              ]
            }
          ]
        },
        {
          "player": 2645974171,
          "action": "RAISE",
          "amount": 100,
          "timestamp": 1756712455041,
          "pot_after_action": 100,
          "side_pots_after_action": [
            {
              "amount": 100,
              "eligible_players": [
                2361107059,
                2645974172
              ]
            }
          ],
          "total_pot_after_action": 115,
          "total_side_pots_after_action": [
            {
              "id": 0,
              "amount": 10,
              "eligible_players": [
                2361107059,
                2645974172
              ]
            },
            {
              "id": 1,
              "amount": 5,
              "eligible_players": [
                2645974172
              ]
            },
            {
              "id": 2,
              "amount": 100,
              "eligible_players": [
                2361107059,
                2645974172
              ]
            }
          ]
        },
        {
          "player": 2361107058,
          "action": "FOLD",
          "amount": 0,
          "timestamp": 1756712455083,
          "pot_after_action": 100,
          "side_pots_after_action": [
            {
              "amount": 100,
              "eligible_players": [
                2361107059,
                2645974172
              ]
            }
          ],
          "total_pot_after_action": 115,
          "total_side_pots_after_action": [
            {
              "id": 0,
              "amount": 10,
              "eligible_players": [
                2361107059,
                2645974172
              ]
            },
            {
              "id": 1,
              "amount": 5,
              "eligible_players": [
                2645974172
              ]
            },
            {
              "id": 2,
              "amount": 100,
              "eligible_players": [
                2361107059,
                2645974172
              ]
            }
          ]
        }
      ],
      "actionTimes": {
        "2361107058": 84,
        "2645974171": 42
      }
    }
  },
  "playerNames": {
    "2645974171": "player2645974172",
    "2361107058": "player2361107059"
  },
  "blinds": {
    "small": 5,
    "big": 10
  },
  "finalBoard": [
    "8d",
    "9d",
    "5d",
    "Jd"
  ],
  "sidePots": [
    {
      "amount": 0,
      "eligible_players": [
        2645974171
      ]
    }
  ],
  "playerMoney": {
    "initialAmount": 10000,
    "startingMoney": {
      "2645974172": 10010,
      "2361107059": 9990
    },
    "startingDelta": {
      "2645974172": 10,
      "2361107059": -10
    },
    "finalDelta": {
      "2645974172": 15,
      "2361107059": -15
    },
    "gameScores": {
      "2645974172": 5,
      "2361107059": -5
    },
    "finalMoney": {
      "2645974172": 10015,
      "2361107059": 9985
    },
    "thisGameDelta": {
      "2645974172": 5,
      "2361107059": -5
    }
  },
  "playerHands": {
    "2645974171": [
      "6c",
      "Ad"
    ],
    "2361107058": [
      "Qd",
      "Kd"
    ]
  },
  "usernameMapping": {
    "default": 2645974172,
    "client_container_5279_test_client_test_z_ai_glm_4.5_iter_2_20250901_004048_iter2": 2361107059
  },
  "playerIdToUsername": {
    "2645974172": "default",
    "2361107059": "client_container_5279_test_client_test_z_ai_glm_4.5_iter_2_20250901_004048_iter2"
  }
}