{
  "gameId": "c9165d84-bd3b-4847-9ad1-c78787a7d3d1",
  "rounds": {
    "0": {
      "pot": 15,
      "bets": {
        "3283056719": 5,
        "3658803841": 10
      },
      "actions": {
        "3283056719": "RAISE",
        "3658803841": "RAISE"
      },
      "action_sequence": [
        {
          "player": 3283056719,
          "action": "RAISE",
          "amount": 5,
          "timestamp": 1757781217727,
          "pot_after_action": 5,
          "side_pots_after_action": [
            {
              "amount": 5,
              "eligible_players": [
                3283056720,
                3658803842
              ]
            }
          ],
          "total_pot_after_action": 5,
          "total_side_pots_after_action": [
            {
              "id": 0,
              "amount": 5,
              "eligible_players": [
                3283056720,
                3658803842
              ]
            }
          ]
        },
        {
          "player": 3658803841,
          "action": "RAISE",
          "amount": 10,
          "timestamp": 1757781217727,
          "pot_after_action": 15,
          "side_pots_after_action": [
            {
              "amount": 10,
              "eligible_players": [
                3283056720,
                3658803842
              ]
            },
            {
              "amount": 5,
              "eligible_players": [
                3658803842
              ]
            }
          ],
          "total_pot_after_action": 15,
          "total_side_pots_after_action": [
            {
              "id": 0,
              "amount": 10,
              "eligible_players": [
                3283056720,
                3658803842
              ]
            },
            {
              "id": 1,
              "amount": 5,
              "eligible_players": [
                3658803842
              ]
            }
          ]
        }
      ],
      "actionTimes": {}
    },
    "1": {
      "pot": 100,
      "bets": {
        "3283056719": 100,
        "3658803841": 0
      },
      "actions": {
        "3283056719": "RAISE",
        "3658803841": "FOLD"
      },
      "action_sequence": [
        {
          "player": 3283056719,
          "action": "RAISE",
          "amount": 100,
          "timestamp": 1757781217729,
          "pot_after_action": 100,
          "side_pots_after_action": [
            {
              "amount": 100,
              "eligible_players": [
                3283056720,
                3658803842
              ]
            }
          ],
          "total_pot_after_action": 115,
          "total_side_pots_after_action": [
            {
              "id": 0,
              "amount": 10,
              "eligible_players": [
                3283056720,
                3658803842
              ]
            },
            {
              "id": 1,
              "amount": 5,
              "eligible_players": [
                3658803842
              ]
            },
            {
              "id": 2,
              "amount": 100,
              "eligible_players": [
                3283056720,
                3658803842
              ]
            }
          ]
        },
        {
          "player": 3658803841,
          "action": "FOLD",
          "amount": 0,
          "timestamp": 1757781217770,
          "pot_after_action": 100,
          "side_pots_after_action": [
            {
              "amount": 100,
              "eligible_players": [
                3283056720,
                3658803842
              ]
            }
          ],
          "total_pot_after_action": 115,
          "total_side_pots_after_action": [
            {
              "id": 0,
              "amount": 10,
              "eligible_players": [
                3283056720,
                3658803842
              ]
            },
            {
              "id": 1,
              "amount": 5,
              "eligible_players": [
                3658803842
              ]
            },
            {
              "id": 2,
              "amount": 100,
              "eligible_players": [
                3283056720,
                3658803842
              ]
            }
          ]
        }
      ],
      "actionTimes": {
        "3283056719": 3,
        "3658803841": 44
      }
    }
  },
  "playerNames": {
    "3283056719": "player3283056720",
    "3658803841": "player3658803842"
  },
  "blinds": {
    "small": 5,
    "big": 10
  },
  "finalBoard": [
    "8h",
    "2h",
    "8c",
    "7d"
  ],
  "sidePots": [
    {
      "amount": 0,
      "eligible_players": [
        3283056719
      ]
    }
  ],
  "playerMoney": {
    "initialAmount": 10000,
    "startingMoney": {
      "3283056720": 10060,
      "3658803842": 9940
    },
    "startingDelta": {
      "3283056720": 60,
      "3658803842": -60
    },
    "finalDelta": {
      "3283056720": 70,
      "3658803842": -70
    },
    "gameScores": {
      "3283056720": 10,
      "3658803842": -10
    },
    "finalMoney": {
      "3283056720": 10070,
      "3658803842": 9930
    },
    "thisGameDelta": {
      "3283056720": 10,
      "3658803842": -10
    }
  },
  "playerHands": {
    "3283056719": [
      "2c",
      "8d"
    ],
    "3658803841": [
      "2d",
      "5s"
    ]
  },
  "usernameMapping": {
    "default": 3283056720,
    "client_container_6882_test_client_test_deepseek_deepseek_r1_0528_iter_5_20250913_123331_iter5": 3658803842
  },
  "playerIdToUsername": {
    "3283056720": "default",
    "3658803842": "client_container_6882_test_client_test_deepseek_deepseek_r1_0528_iter_5_20250913_123331_iter5"
  }
}