{
  "gameId": "b492007f-4498-4c4f-8d30-057a0ee1cbb7",
  "rounds": {
    "0": {
      "pot": 15,
      "bets": {
        "1828786358": 5,
        "2927442873": 10
      },
      "actions": {
        "1828786358": "RAISE",
        "2927442873": "RAISE"
      },
      "action_sequence": [
        {
          "player": 1828786358,
          "action": "RAISE",
          "amount": 5,
          "timestamp": 1757871517655,
          "pot_after_action": 5,
          "side_pots_after_action": [
            {
              "amount": 5,
              "eligible_players": [
                2927442874,
                1828786359
              ]
            }
          ],
          "total_pot_after_action": 5,
          "total_side_pots_after_action": [
            {
              "id": 0,
              "amount": 5,
              "eligible_players": [
                2927442874,
                1828786359
              ]
            }
          ]
        },
        {
          "player": 2927442873,
          "action": "RAISE",
          "amount": 10,
          "timestamp": 1757871517655,
          "pot_after_action": 15,
          "side_pots_after_action": [
            {
              "amount": 10,
              "eligible_players": [
                2927442874,
                1828786359
              ]
            },
            {
              "amount": 5,
              "eligible_players": [
                2927442874
              ]
            }
          ],
          "total_pot_after_action": 15,
          "total_side_pots_after_action": [
            {
              "id": 0,
              "amount": 10,
              "eligible_players": [
                2927442874,
                1828786359
              ]
            },
            {
              "id": 1,
              "amount": 5,
              "eligible_players": [
                2927442874
              ]
            }
          ]
        }
      ],
      "actionTimes": {}
    },
    "1": {
      "pot": 100,
      "bets": {
        "1828786358": 100,
        "2927442873": 0
      },
      "actions": {
        "1828786358": "RAISE",
        "2927442873": "FOLD"
      },
      "action_sequence": [
        {
          "player": 1828786358,
          "action": "RAISE",
          "amount": 100,
          "timestamp": 1757871517658,
          "pot_after_action": 100,
          "side_pots_after_action": [
            {
              "amount": 100,
              "eligible_players": [
                2927442874,
                1828786359
              ]
            }
          ],
          "total_pot_after_action": 115,
          "total_side_pots_after_action": [
            {
              "id": 0,
              "amount": 10,
              "eligible_players": [
                2927442874,
                1828786359
              ]
            },
            {
              "id": 1,
              "amount": 5,
              "eligible_players": [
                2927442874
              ]
            },
            {
              "id": 2,
              "amount": 100,
              "eligible_players": [
                2927442874,
                1828786359
              ]
            }
          ]
        },
        {
          "player": 2927442873,
          "action": "FOLD",
          "amount": 0,
          "timestamp": 1757871517699,
          "pot_after_action": 100,
          "side_pots_after_action": [
            {
              "amount": 100,
              "eligible_players": [
                2927442874,
                1828786359
              ]
            }
          ],
          "total_pot_after_action": 115,
          "total_side_pots_after_action": [
            {
              "id": 0,
              "amount": 10,
              "eligible_players": [
                2927442874,
                1828786359
              ]
            },
            {
              "id": 1,
              "amount": 5,
              "eligible_players": [
                2927442874
              ]
            },
            {
              "id": 2,
              "amount": 100,
              "eligible_players": [
                2927442874,
                1828786359
              ]
            }
          ]
        }
      ],
      "actionTimes": {
        "1828786358": 3,
        "2927442873": 44
      }
    }
  },
  "playerNames": {
    "1828786358": "player1828786359",
    "2927442873": "player2927442874"
  },
  "blinds": {
    "small": 5,
    "big": 10
  },
  "finalBoard": [
    "Qd",
    "2h",
    "9s",
    "Qc"
  ],
  "sidePots": [
    {
      "amount": 0,
      "eligible_players": [
        1828786358
      ]
    }
  ],
  "playerMoney": {
    "initialAmount": 10000,
    "startingMoney": {
      "1828786359": 10060,
      "2927442874": 9940
    },
    "startingDelta": {
      "1828786359": 60,
      "2927442874": -60
    },
    "finalDelta": {
      "1828786359": 70,
      "2927442874": -70
    },
    "gameScores": {
      "1828786359": 10,
      "2927442874": -10
    },
    "finalMoney": {
      "1828786359": 10070,
      "2927442874": 9930
    },
    "thisGameDelta": {
      "1828786359": 10,
      "2927442874": -10
    }
  },
  "playerHands": {
    "1828786358": [
      "Kh",
      "3s"
    ],
    "2927442873": [
      "2d",
      "5h"
    ]
  },
  "usernameMapping": {
    "default": 1828786359,
    "client_container_6933_test_client_test_x_ai_grok_4_iter_4_20250914_133831_iter4": 2927442874
  },
  "playerIdToUsername": {
    "1828786359": "default",
    "2927442874": "client_container_6933_test_client_test_x_ai_grok_4_iter_4_20250914_133831_iter4"
  }
}