{
  "gameId": "feec7778-c755-47d6-b5d1-293131ac73d7",
  "rounds": {
    "0": {
      "pot": 15,
      "bets": {
        "318633926": 10,
        "3687623261": 5
      },
      "actions": {
        "3687623261": "RAISE",
        "318633926": "RAISE"
      },
      "action_sequence": [
        {
          "player": 3687623261,
          "action": "RAISE",
          "amount": 5,
          "timestamp": 1757645867969,
          "pot_after_action": 5,
          "side_pots_after_action": [
            {
              "amount": 5,
              "eligible_players": [
                3687623262,
                318633927
              ]
            }
          ],
          "total_pot_after_action": 5,
          "total_side_pots_after_action": [
            {
              "id": 0,
              "amount": 5,
              "eligible_players": [
                3687623262,
                318633927
              ]
            }
          ]
        },
        {
          "player": 318633926,
          "action": "RAISE",
          "amount": 10,
          "timestamp": 1757645867970,
          "pot_after_action": 15,
          "side_pots_after_action": [
            {
              "amount": 10,
              "eligible_players": [
                3687623262,
                318633927
              ]
            },
            {
              "amount": 5,
              "eligible_players": [
                318633927
              ]
            }
          ],
          "total_pot_after_action": 15,
          "total_side_pots_after_action": [
            {
              "id": 0,
              "amount": 10,
              "eligible_players": [
                3687623262,
                318633927
              ]
            },
            {
              "id": 1,
              "amount": 5,
              "eligible_players": [
                318633927
              ]
            }
          ]
        }
      ],
      "actionTimes": {}
    },
    "1": {
      "pot": 100,
      "bets": {
        "318633926": 100,
        "3687623261": 0
      },
      "actions": {
        "3687623261": "FOLD",
        "318633926": "RAISE"
      },
      "action_sequence": [
        {
          "player": 3687623261,
          "action": "CHECK",
          "amount": 0,
          "timestamp": 1757645867973,
          "pot_after_action": 0,
          "side_pots_after_action": [
            {
              "amount": 0,
              "eligible_players": [
                3687623262,
                318633927
              ]
            }
          ],
          "total_pot_after_action": 15,
          "total_side_pots_after_action": [
            {
              "id": 0,
              "amount": 10,
              "eligible_players": [
                3687623262,
                318633927
              ]
            },
            {
              "id": 1,
              "amount": 5,
              "eligible_players": [
                318633927
              ]
            },
            {
              "id": 2,
              "amount": 0,
              "eligible_players": [
                3687623262,
                318633927
              ]
            }
          ]
        },
        {
          "player": 318633926,
          "action": "RAISE",
          "amount": 100,
          "timestamp": 1757645867974,
          "pot_after_action": 100,
          "side_pots_after_action": [
            {
              "amount": 100,
              "eligible_players": [
                3687623262,
                318633927
              ]
            }
          ],
          "total_pot_after_action": 115,
          "total_side_pots_after_action": [
            {
              "id": 0,
              "amount": 10,
              "eligible_players": [
                3687623262,
                318633927
              ]
            },
            {
              "id": 1,
              "amount": 5,
              "eligible_players": [
                318633927
              ]
            },
            {
              "id": 2,
              "amount": 100,
              "eligible_players": [
                3687623262,
                318633927
              ]
            }
          ]
        },
        {
          "player": 3687623261,
          "action": "FOLD",
          "amount": 0,
          "timestamp": 1757645868015,
          "pot_after_action": 100,
          "side_pots_after_action": [
            {
              "amount": 100,
              "eligible_players": [
                3687623262,
                318633927
              ]
            }
          ],
          "total_pot_after_action": 115,
          "total_side_pots_after_action": [
            {
              "id": 0,
              "amount": 10,
              "eligible_players": [
                3687623262,
                318633927
              ]
            },
            {
              "id": 1,
              "amount": 5,
              "eligible_players": [
                318633927
              ]
            },
            {
              "id": 2,
              "amount": 100,
              "eligible_players": [
                3687623262,
                318633927
              ]
            }
          ]
        }
      ],
      "actionTimes": {
        "3687623261": 46,
        "318633926": 5
      }
    }
  },
  "playerNames": {
    "318633926": "player318633927",
    "3687623261": "player3687623262"
  },
  "blinds": {
    "small": 5,
    "big": 10
  },
  "finalBoard": [
    "Kc",
    "9c",
    "8d",
    "Qs"
  ],
  "sidePots": [
    {
      "amount": 0,
      "eligible_players": [
        318633926
      ]
    }
  ],
  "playerMoney": {
    "initialAmount": 10000,
    "startingMoney": {
      "318633927": 10055,
      "3687623262": 9945
    },
    "startingDelta": {
      "318633927": 55,
      "3687623262": -55
    },
    "finalDelta": {
      "318633927": 60,
      "3687623262": -60
    },
    "gameScores": {
      "318633927": 5,
      "3687623262": -5
    },
    "finalMoney": {
      "318633927": 10060,
      "3687623262": 9940
    },
    "thisGameDelta": {
      "318633927": 5,
      "3687623262": -5
    }
  },
  "playerHands": {
    "318633926": [
      "9d",
      "6d"
    ],
    "3687623261": [
      "Ah",
      "Ts"
    ]
  },
  "usernameMapping": {
    "default": 318633927,
    "client_container_6627_test_client_test_openai_o3_pro_iter_1_20250911_195741_iter1": 3687623262
  },
  "playerIdToUsername": {
    "318633927": "default",
    "3687623262": "client_container_6627_test_client_test_openai_o3_pro_iter_1_20250911_195741_iter1"
  }
}