{
  "gameId": "973198f5-ec6c-4b16-b78e-212805743ac7",
  "rounds": {
    "0": {
      "pot": 15,
      "bets": {
        "3694320938": 10,
        "2044282690": 5
      },
      "actions": {
        "2044282690": "RAISE",
        "3694320938": "RAISE"
      },
      "action_sequence": [
        {
          "player": 2044282690,
          "action": "RAISE",
          "amount": 5,
          "timestamp": 1757693640255,
          "pot_after_action": 5,
          "side_pots_after_action": [
            {
              "amount": 5,
              "eligible_players": [
                2044282691,
                3694320939
              ]
            }
          ],
          "total_pot_after_action": 5,
          "total_side_pots_after_action": [
            {
              "id": 0,
              "amount": 5,
              "eligible_players": [
                2044282691,
                3694320939
              ]
            }
          ]
        },
        {
          "player": 3694320938,
          "action": "RAISE",
          "amount": 10,
          "timestamp": 1757693640255,
          "pot_after_action": 15,
          "side_pots_after_action": [
            {
              "amount": 10,
              "eligible_players": [
                2044282691,
                3694320939
              ]
            },
            {
              "amount": 5,
              "eligible_players": [
                3694320939
              ]
            }
          ],
          "total_pot_after_action": 15,
          "total_side_pots_after_action": [
            {
              "id": 0,
              "amount": 10,
              "eligible_players": [
                2044282691,
                3694320939
              ]
            },
            {
              "id": 1,
              "amount": 5,
              "eligible_players": [
                3694320939
              ]
            }
          ]
        }
      ],
      "actionTimes": {}
    },
    "1": {
      "pot": 100,
      "bets": {
        "3694320938": 100,
        "2044282690": 0
      },
      "actions": {
        "2044282690": "FOLD",
        "3694320938": "RAISE"
      },
      "action_sequence": [
        {
          "player": 2044282690,
          "action": "CALL",
          "amount": 0,
          "timestamp": 1757693640259,
          "pot_after_action": 0,
          "side_pots_after_action": [
            {
              "amount": 0,
              "eligible_players": [
                2044282691,
                3694320939
              ]
            }
          ],
          "total_pot_after_action": 15,
          "total_side_pots_after_action": [
            {
              "id": 0,
              "amount": 10,
              "eligible_players": [
                2044282691,
                3694320939
              ]
            },
            {
              "id": 1,
              "amount": 5,
              "eligible_players": [
                3694320939
              ]
            },
            {
              "id": 2,
              "amount": 0,
              "eligible_players": [
                2044282691,
                3694320939
              ]
            }
          ]
        },
        {
          "player": 3694320938,
          "action": "RAISE",
          "amount": 100,
          "timestamp": 1757693640260,
          "pot_after_action": 100,
          "side_pots_after_action": [
            {
              "amount": 100,
              "eligible_players": [
                2044282691,
                3694320939
              ]
            }
          ],
          "total_pot_after_action": 115,
          "total_side_pots_after_action": [
            {
              "id": 0,
              "amount": 10,
              "eligible_players": [
                2044282691,
                3694320939
              ]
            },
            {
              "id": 1,
              "amount": 5,
              "eligible_players": [
                3694320939
              ]
            },
            {
              "id": 2,
              "amount": 100,
              "eligible_players": [
                2044282691,
                3694320939
              ]
            }
          ]
        },
        {
          "player": 2044282690,
          "action": "FOLD",
          "amount": 0,
          "timestamp": 1757693640301,
          "pot_after_action": 100,
          "side_pots_after_action": [
            {
              "amount": 100,
              "eligible_players": [
                2044282691,
                3694320939
              ]
            }
          ],
          "total_pot_after_action": 115,
          "total_side_pots_after_action": [
            {
              "id": 0,
              "amount": 10,
              "eligible_players": [
                2044282691,
                3694320939
              ]
            },
            {
              "id": 1,
              "amount": 5,
              "eligible_players": [
                3694320939
              ]
            },
            {
              "id": 2,
              "amount": 100,
              "eligible_players": [
                2044282691,
                3694320939
              ]
            }
          ]
        }
      ],
      "actionTimes": {
        "2044282690": 46,
        "3694320938": 5
      }
    }
  },
  "playerNames": {
    "3694320938": "player3694320939",
    "2044282690": "player2044282691"
  },
  "blinds": {
    "small": 5,
    "big": 10
  },
  "finalBoard": [
    "7d",
    "6s",
    "6h",
    "Tc"
  ],
  "sidePots": [
    {
      "amount": 0,
      "eligible_players": [
        3694320938
      ]
    }
  ],
  "playerMoney": {
    "initialAmount": 10000,
    "startingMoney": {
      "3694320939": 10055,
      "2044282691": 9945
    },
    "startingDelta": {
      "3694320939": 55,
      "2044282691": -55
    },
    "finalDelta": {
      "3694320939": 60,
      "2044282691": -60
    },
    "gameScores": {
      "3694320939": 5,
      "2044282691": -5
    },
    "finalMoney": {
      "3694320939": 10060,
      "2044282691": 9940
    },
    "thisGameDelta": {
      "3694320939": 5,
      "2044282691": -5
    }
  },
  "playerHands": {
    "3694320938": [
      "2s",
      "Qd"
    ],
    "2044282690": [
      "Jh",
      "Td"
    ]
  },
  "usernameMapping": {
    "default": 3694320939,
    "client_container_6906_test_client_test_z_ai_glm_4.5_iter_1_20250912_091353_iter1": 2044282691
  },
  "playerIdToUsername": {
    "3694320939": "default",
    "2044282691": "client_container_6906_test_client_test_z_ai_glm_4.5_iter_1_20250912_091353_iter1"
  }
}