{
  "gameId": "2733ef5b-66c2-448a-bbb7-6da8db90af8a",
  "rounds": {
    "0": {
      "pot": 15,
      "bets": {
        "3174799438": 5,
        "2342167687": 10
      },
      "actions": {
        "3174799438": "RAISE",
        "2342167687": "RAISE"
      },
      "action_sequence": [
        {
          "player": 3174799438,
          "action": "RAISE",
          "amount": 5,
          "timestamp": 1756715236980,
          "pot_after_action": 5,
          "side_pots_after_action": [
            {
              "amount": 5,
              "eligible_players": [
                2342167688,
                3174799439
              ]
            }
          ],
          "total_pot_after_action": 5,
          "total_side_pots_after_action": [
            {
              "id": 0,
              "amount": 5,
              "eligible_players": [
                2342167688,
                3174799439
              ]
            }
          ]
        },
        {
          "player": 2342167687,
          "action": "RAISE",
          "amount": 10,
          "timestamp": 1756715236980,
          "pot_after_action": 15,
          "side_pots_after_action": [
            {
              "amount": 10,
              "eligible_players": [
                2342167688,
                3174799439
              ]
            },
            {
              "amount": 5,
              "eligible_players": [
                2342167688
              ]
            }
          ],
          "total_pot_after_action": 15,
          "total_side_pots_after_action": [
            {
              "id": 0,
              "amount": 10,
              "eligible_players": [
                2342167688,
                3174799439
              ]
            },
            {
              "id": 1,
              "amount": 5,
              "eligible_players": [
                2342167688
              ]
            }
          ]
        }
      ],
      "actionTimes": {}
    },
    "1": {
      "pot": 100,
      "bets": {
        "3174799438": 100,
        "2342167687": 0
      },
      "actions": {
        "3174799438": "RAISE",
        "2342167687": "FOLD"
      },
      "action_sequence": [
        {
          "player": 3174799438,
          "action": "RAISE",
          "amount": 100,
          "timestamp": 1756715236983,
          "pot_after_action": 100,
          "side_pots_after_action": [
            {
              "amount": 100,
              "eligible_players": [
                2342167688,
                3174799439
              ]
            }
          ],
          "total_pot_after_action": 115,
          "total_side_pots_after_action": [
            {
              "id": 0,
              "amount": 10,
              "eligible_players": [
                2342167688,
                3174799439
              ]
            },
            {
              "id": 1,
              "amount": 5,
              "eligible_players": [
                2342167688
              ]
            },
            {
              "id": 2,
              "amount": 100,
              "eligible_players": [
                2342167688,
                3174799439
              ]
            }
          ]
        },
        {
          "player": 2342167687,
          "action": "FOLD",
          "amount": 0,
          "timestamp": 1756715237024,
          "pot_after_action": 100,
          "side_pots_after_action": [
            {
              "amount": 100,
              "eligible_players": [
                2342167688,
                3174799439
              ]
            }
          ],
          "total_pot_after_action": 115,
          "total_side_pots_after_action": [
            {
              "id": 0,
              "amount": 10,
              "eligible_players": [
                2342167688,
                3174799439
              ]
            },
            {
              "id": 1,
              "amount": 5,
              "eligible_players": [
                2342167688
              ]
            },
            {
              "id": 2,
              "amount": 100,
              "eligible_players": [
                2342167688,
                3174799439
              ]
            }
          ]
        }
      ],
      "actionTimes": {
        "3174799438": 3,
        "2342167687": 44
      }
    }
  },
  "playerNames": {
    "3174799438": "player3174799439",
    "2342167687": "player2342167688"
  },
  "blinds": {
    "small": 5,
    "big": 10
  },
  "finalBoard": [
    "8h",
    "Jh",
    "Jc",
    "Ah"
  ],
  "sidePots": [
    {
      "amount": 0,
      "eligible_players": [
        3174799438
      ]
    }
  ],
  "playerMoney": {
    "initialAmount": 10000,
    "startingMoney": {
      "3174799439": 10060,
      "2342167688": 9940
    },
    "startingDelta": {
      "3174799439": 60,
      "2342167688": -60
    },
    "finalDelta": {
      "3174799439": 70,
      "2342167688": -70
    },
    "gameScores": {
      "3174799439": 10,
      "2342167688": -10
    },
    "finalMoney": {
      "3174799439": 10070,
      "2342167688": 9930
    },
    "thisGameDelta": {
      "3174799439": 10,
      "2342167688": -10
    }
  },
  "playerHands": {
    "3174799438": [
      "3d",
      "9d"
    ],
    "2342167687": [
      "Js",
      "9s"
    ]
  },
  "usernameMapping": {
    "default": 3174799439,
    "client_container_5623_test_client_test_openai_o3_pro_iter_5_20250901_012710_iter5": 2342167688
  },
  "playerIdToUsername": {
    "3174799439": "default",
    "2342167688": "client_container_5623_test_client_test_openai_o3_pro_iter_5_20250901_012710_iter5"
  }
}