{
  "gameId": "2733ef5b-66c2-448a-bbb7-6da8db90af8a",
  "rounds": {
    "0": {
      "pot": 15,
      "bets": {
        "3174799438": 10,
        "2342167687": 5
      },
      "actions": {
        "2342167687": "RAISE",
        "3174799438": "RAISE"
      },
      "action_sequence": [
        {
          "player": 2342167687,
          "action": "RAISE",
          "amount": 5,
          "timestamp": 1756715236532,
          "pot_after_action": 5,
          "side_pots_after_action": [
            {
              "amount": 5,
              "eligible_players": [
                2342167688,
                3174799439
              ]
            }
          ],
          "total_pot_after_action": 5,
          "total_side_pots_after_action": [
            {
              "id": 0,
              "amount": 5,
              "eligible_players": [
                2342167688,
                3174799439
              ]
            }
          ]
        },
        {
          "player": 3174799438,
          "action": "RAISE",
          "amount": 10,
          "timestamp": 1756715236532,
          "pot_after_action": 15,
          "side_pots_after_action": [
            {
              "amount": 10,
              "eligible_players": [
                2342167688,
                3174799439
              ]
            },
            {
              "amount": 5,
              "eligible_players": [
                3174799439
              ]
            }
          ],
          "total_pot_after_action": 15,
          "total_side_pots_after_action": [
            {
              "id": 0,
              "amount": 10,
              "eligible_players": [
                2342167688,
                3174799439
              ]
            },
            {
              "id": 1,
              "amount": 5,
              "eligible_players": [
                3174799439
              ]
            }
          ]
        }
      ],
      "actionTimes": {}
    },
    "1": {
      "pot": 100,
      "bets": {
        "3174799438": 100,
        "2342167687": 0
      },
      "actions": {
        "2342167687": "FOLD",
        "3174799438": "RAISE"
      },
      "action_sequence": [
        {
          "player": 2342167687,
          "action": "CHECK",
          "amount": 0,
          "timestamp": 1756715236574,
          "pot_after_action": 0,
          "side_pots_after_action": [
            {
              "amount": 0,
              "eligible_players": [
                2342167688,
                3174799439
              ]
            }
          ],
          "total_pot_after_action": 15,
          "total_side_pots_after_action": [
            {
              "id": 0,
              "amount": 10,
              "eligible_players": [
                2342167688,
                3174799439
              ]
            },
            {
              "id": 1,
              "amount": 5,
              "eligible_players": [
                3174799439
              ]
            },
            {
              "id": 2,
              "amount": 0,
              "eligible_players": [
                2342167688,
                3174799439
              ]
            }
          ]
        },
        {
          "player": 3174799438,
          "action": "RAISE",
          "amount": 100,
          "timestamp": 1756715236575,
          "pot_after_action": 100,
          "side_pots_after_action": [
            {
              "amount": 100,
              "eligible_players": [
                2342167688,
                3174799439
              ]
            }
          ],
          "total_pot_after_action": 115,
          "total_side_pots_after_action": [
            {
              "id": 0,
              "amount": 10,
              "eligible_players": [
                2342167688,
                3174799439
              ]
            },
            {
              "id": 1,
              "amount": 5,
              "eligible_players": [
                3174799439
              ]
            },
            {
              "id": 2,
              "amount": 100,
              "eligible_players": [
                2342167688,
                3174799439
              ]
            }
          ]
        },
        {
          "player": 2342167687,
          "action": "FOLD",
          "amount": 0,
          "timestamp": 1756715236617,
          "pot_after_action": 100,
          "side_pots_after_action": [
            {
              "amount": 100,
              "eligible_players": [
                2342167688,
                3174799439
              ]
            }
          ],
          "total_pot_after_action": 115,
          "total_side_pots_after_action": [
            {
              "id": 0,
              "amount": 10,
              "eligible_players": [
                2342167688,
                3174799439
              ]
            },
            {
              "id": 1,
              "amount": 5,
              "eligible_players": [
                3174799439
              ]
            },
            {
              "id": 2,
              "amount": 100,
              "eligible_players": [
                2342167688,
                3174799439
              ]
            }
          ]
        }
      ],
      "actionTimes": {
        "2342167687": 86,
        "3174799438": 44
      }
    }
  },
  "playerNames": {
    "3174799438": "player3174799439",
    "2342167687": "player2342167688"
  },
  "blinds": {
    "small": 5,
    "big": 10
  },
  "finalBoard": [
    "Ks",
    "3h",
    "6c",
    "5d"
  ],
  "sidePots": [
    {
      "amount": 0,
      "eligible_players": [
        3174799438
      ]
    }
  ],
  "playerMoney": {
    "initialAmount": 10000,
    "startingMoney": {
      "3174799439": 10010,
      "2342167688": 9990
    },
    "startingDelta": {
      "3174799439": 10,
      "2342167688": -10
    },
    "finalDelta": {
      "3174799439": 15,
      "2342167688": -15
    },
    "gameScores": {
      "3174799439": 5,
      "2342167688": -5
    },
    "finalMoney": {
      "3174799439": 10015,
      "2342167688": 9985
    },
    "thisGameDelta": {
      "3174799439": 5,
      "2342167688": -5
    }
  },
  "playerHands": {
    "3174799438": [
      "2h",
      "Tc"
    ],
    "2342167687": [
      "6d",
      "8d"
    ]
  },
  "usernameMapping": {
    "default": 3174799439,
    "client_container_5623_test_client_test_openai_o3_pro_iter_5_20250901_012710_iter5": 2342167688
  },
  "playerIdToUsername": {
    "3174799439": "default",
    "2342167688": "client_container_5623_test_client_test_openai_o3_pro_iter_5_20250901_012710_iter5"
  }
}