{
  "gameId": "fc46a083-095c-4d0a-a8aa-10023df2e5d3",
  "rounds": {
    "0": {
      "pot": 15,
      "bets": {
        "3365496497": 10,
        "2328143020": 5
      },
      "actions": {
        "2328143020": "RAISE",
        "3365496497": "RAISE"
      },
      "action_sequence": [
        {
          "player": 2328143020,
          "action": "RAISE",
          "amount": 5,
          "timestamp": 1757693729634,
          "pot_after_action": 5,
          "side_pots_after_action": [
            {
              "amount": 5,
              "eligible_players": [
                3365496498,
                2328143021
              ]
            }
          ],
          "total_pot_after_action": 5,
          "total_side_pots_after_action": [
            {
              "id": 0,
              "amount": 5,
              "eligible_players": [
                3365496498,
                2328143021
              ]
            }
          ]
        },
        {
          "player": 3365496497,
          "action": "RAISE",
          "amount": 10,
          "timestamp": 1757693729634,
          "pot_after_action": 15,
          "side_pots_after_action": [
            {
              "amount": 10,
              "eligible_players": [
                3365496498,
                2328143021
              ]
            },
            {
              "amount": 5,
              "eligible_players": [
                3365496498
              ]
            }
          ],
          "total_pot_after_action": 15,
          "total_side_pots_after_action": [
            {
              "id": 0,
              "amount": 10,
              "eligible_players": [
                3365496498,
                2328143021
              ]
            },
            {
              "id": 1,
              "amount": 5,
              "eligible_players": [
                3365496498
              ]
            }
          ]
        }
      ],
      "actionTimes": {}
    },
    "1": {
      "pot": 100,
      "bets": {
        "3365496497": 100,
        "2328143020": 0
      },
      "actions": {
        "2328143020": "FOLD",
        "3365496497": "RAISE"
      },
      "action_sequence": [
        {
          "player": 2328143020,
          "action": "CHECK",
          "amount": 0,
          "timestamp": 1757693729638,
          "pot_after_action": 0,
          "side_pots_after_action": [
            {
              "amount": 0,
              "eligible_players": [
                3365496498,
                2328143021
              ]
            }
          ],
          "total_pot_after_action": 15,
          "total_side_pots_after_action": [
            {
              "id": 0,
              "amount": 10,
              "eligible_players": [
                3365496498,
                2328143021
              ]
            },
            {
              "id": 1,
              "amount": 5,
              "eligible_players": [
                3365496498
              ]
            },
            {
              "id": 2,
              "amount": 0,
              "eligible_players": [
                3365496498,
                2328143021
              ]
            }
          ]
        },
        {
          "player": 3365496497,
          "action": "RAISE",
          "amount": 100,
          "timestamp": 1757693729639,
          "pot_after_action": 100,
          "side_pots_after_action": [
            {
              "amount": 100,
              "eligible_players": [
                3365496498,
                2328143021
              ]
            }
          ],
          "total_pot_after_action": 115,
          "total_side_pots_after_action": [
            {
              "id": 0,
              "amount": 10,
              "eligible_players": [
                3365496498,
                2328143021
              ]
            },
            {
              "id": 1,
              "amount": 5,
              "eligible_players": [
                3365496498
              ]
            },
            {
              "id": 2,
              "amount": 100,
              "eligible_players": [
                3365496498,
                2328143021
              ]
            }
          ]
        },
        {
          "player": 2328143020,
          "action": "FOLD",
          "amount": 0,
          "timestamp": 1757693729679,
          "pot_after_action": 100,
          "side_pots_after_action": [
            {
              "amount": 100,
              "eligible_players": [
                3365496498,
                2328143021
              ]
            }
          ],
          "total_pot_after_action": 115,
          "total_side_pots_after_action": [
            {
              "id": 0,
              "amount": 10,
              "eligible_players": [
                3365496498,
                2328143021
              ]
            },
            {
              "id": 1,
              "amount": 5,
              "eligible_players": [
                3365496498
              ]
            },
            {
              "id": 2,
              "amount": 100,
              "eligible_players": [
                3365496498,
                2328143021
              ]
            }
          ]
        }
      ],
      "actionTimes": {
        "2328143020": 45,
        "3365496497": 5
      }
    }
  },
  "playerNames": {
    "3365496497": "player3365496498",
    "2328143020": "player2328143021"
  },
  "blinds": {
    "small": 5,
    "big": 10
  },
  "finalBoard": [
    "Kh",
    "Ts",
    "3h",
    "9d"
  ],
  "sidePots": [
    {
      "amount": 0,
      "eligible_players": [
        3365496497
      ]
    }
  ],
  "playerMoney": {
    "initialAmount": 10000,
    "startingMoney": {
      "3365496498": 10040,
      "2328143021": 9960
    },
    "startingDelta": {
      "3365496498": 40,
      "2328143021": -40
    },
    "finalDelta": {
      "3365496498": 45,
      "2328143021": -45
    },
    "gameScores": {
      "3365496498": 5,
      "2328143021": -5
    },
    "finalMoney": {
      "3365496498": 10045,
      "2328143021": 9955
    },
    "thisGameDelta": {
      "3365496498": 5,
      "2328143021": -5
    }
  },
  "playerHands": {
    "3365496497": [
      "Ah",
      "Ks"
    ],
    "2328143020": [
      "3c",
      "Ad"
    ]
  },
  "usernameMapping": {
    "default": 3365496498,
    "client_container_5334_test_client_test_moonshotai_kimi_k2_iter_2_20250912_091523_iter2": 2328143021
  },
  "playerIdToUsername": {
    "3365496498": "default",
    "2328143021": "client_container_5334_test_client_test_moonshotai_kimi_k2_iter_2_20250912_091523_iter2"
  }
}