{
  "gameId": "af4b6eeb-a876-427e-8f92-d170bcc30aa9",
  "rounds": {
    "0": {
      "pot": 15,
      "bets": {
        "2266912592": 5,
        "636529050": 10
      },
      "actions": {
        "2266912592": "RAISE",
        "636529050": "RAISE"
      },
      "action_sequence": [
        {
          "player": 2266912592,
          "action": "RAISE",
          "amount": 5,
          "timestamp": 1757866175749,
          "pot_after_action": 5,
          "side_pots_after_action": [
            {
              "amount": 5,
              "eligible_players": [
                2266912593,
                636529051
              ]
            }
          ],
          "total_pot_after_action": 5,
          "total_side_pots_after_action": [
            {
              "id": 0,
              "amount": 5,
              "eligible_players": [
                2266912593,
                636529051
              ]
            }
          ]
        },
        {
          "player": 636529050,
          "action": "RAISE",
          "amount": 10,
          "timestamp": 1757866175749,
          "pot_after_action": 15,
          "side_pots_after_action": [
            {
              "amount": 10,
              "eligible_players": [
                2266912593,
                636529051
              ]
            },
            {
              "amount": 5,
              "eligible_players": [
                636529051
              ]
            }
          ],
          "total_pot_after_action": 15,
          "total_side_pots_after_action": [
            {
              "id": 0,
              "amount": 10,
              "eligible_players": [
                2266912593,
                636529051
              ]
            },
            {
              "id": 1,
              "amount": 5,
              "eligible_players": [
                636529051
              ]
            }
          ]
        }
      ],
      "actionTimes": {}
    },
    "1": {
      "pot": 100,
      "bets": {
        "2266912592": 100,
        "636529050": 0
      },
      "actions": {
        "2266912592": "RAISE",
        "636529050": "FOLD"
      },
      "action_sequence": [
        {
          "player": 2266912592,
          "action": "RAISE",
          "amount": 100,
          "timestamp": 1757866175791,
          "pot_after_action": 100,
          "side_pots_after_action": [
            {
              "amount": 100,
              "eligible_players": [
                2266912593,
                636529051
              ]
            }
          ],
          "total_pot_after_action": 115,
          "total_side_pots_after_action": [
            {
              "id": 0,
              "amount": 10,
              "eligible_players": [
                2266912593,
                636529051
              ]
            },
            {
              "id": 1,
              "amount": 5,
              "eligible_players": [
                636529051
              ]
            },
            {
              "id": 2,
              "amount": 100,
              "eligible_players": [
                2266912593,
                636529051
              ]
            }
          ]
        },
        {
          "player": 636529050,
          "action": "FOLD",
          "amount": 0,
          "timestamp": 1757866175792,
          "pot_after_action": 100,
          "side_pots_after_action": [
            {
              "amount": 100,
              "eligible_players": [
                2266912593,
                636529051
              ]
            }
          ],
          "total_pot_after_action": 115,
          "total_side_pots_after_action": [
            {
              "id": 0,
              "amount": 10,
              "eligible_players": [
                2266912593,
                636529051
              ]
            },
            {
              "id": 1,
              "amount": 5,
              "eligible_players": [
                636529051
              ]
            },
            {
              "id": 2,
              "amount": 100,
              "eligible_players": [
                2266912593,
                636529051
              ]
            }
          ]
        }
      ],
      "actionTimes": {
        "2266912592": 42,
        "636529050": 43
      }
    }
  },
  "playerNames": {
    "2266912592": "player2266912593",
    "636529050": "player636529051"
  },
  "blinds": {
    "small": 5,
    "big": 10
  },
  "finalBoard": [
    "Kd",
    "Th",
    "6c",
    "Jc"
  ],
  "sidePots": [
    {
      "amount": 0,
      "eligible_players": [
        2266912592
      ]
    }
  ],
  "playerMoney": {
    "initialAmount": 10000,
    "startingMoney": {
      "2266912593": 10015,
      "636529051": 9985
    },
    "startingDelta": {
      "2266912593": 15,
      "636529051": -15
    },
    "finalDelta": {
      "2266912593": 25,
      "636529051": -25
    },
    "gameScores": {
      "2266912593": 10,
      "636529051": -10
    },
    "finalMoney": {
      "2266912593": 10025,
      "636529051": 9975
    },
    "thisGameDelta": {
      "2266912593": 10,
      "636529051": -10
    }
  },
  "playerHands": {
    "2266912592": [
      "Qs",
      "Js"
    ],
    "636529050": [
      "Jd",
      "Qc"
    ]
  },
  "usernameMapping": {
    "default": 2266912593,
    "client_container_6069_test_client_test_deepseek_deepseek_r1_0528_iter_3_20250914_120929_iter3": 636529051
  },
  "playerIdToUsername": {
    "2266912593": "default",
    "636529051": "client_container_6069_test_client_test_deepseek_deepseek_r1_0528_iter_3_20250914_120929_iter3"
  }
}