{
  "gameId": "31d847d3-4988-485c-9557-211488d204a7",
  "rounds": {
    "0": {
      "pot": 15,
      "bets": {
        "19110702": 10,
        "1995440391": 5
      },
      "actions": {
        "1995440391": "RAISE",
        "19110702": "RAISE"
      },
      "action_sequence": [
        {
          "player": 1995440391,
          "action": "RAISE",
          "amount": 5,
          "timestamp": 1757779630445,
          "pot_after_action": 5,
          "side_pots_after_action": [
            {
              "amount": 5,
              "eligible_players": [
                1995440392,
                19110703
              ]
            }
          ],
          "total_pot_after_action": 5,
          "total_side_pots_after_action": [
            {
              "id": 0,
              "amount": 5,
              "eligible_players": [
                1995440392,
                19110703
              ]
            }
          ]
        },
        {
          "player": 19110702,
          "action": "RAISE",
          "amount": 10,
          "timestamp": 1757779630445,
          "pot_after_action": 15,
          "side_pots_after_action": [
            {
              "amount": 10,
              "eligible_players": [
                1995440392,
                19110703
              ]
            },
            {
              "amount": 5,
              "eligible_players": [
                19110703
              ]
            }
          ],
          "total_pot_after_action": 15,
          "total_side_pots_after_action": [
            {
              "id": 0,
              "amount": 10,
              "eligible_players": [
                1995440392,
                19110703
              ]
            },
            {
              "id": 1,
              "amount": 5,
              "eligible_players": [
                19110703
              ]
            }
          ]
        }
      ],
      "actionTimes": {}
    },
    "1": {
      "pot": 100,
      "bets": {
        "19110702": 100,
        "1995440391": 0
      },
      "actions": {
        "1995440391": "FOLD",
        "19110702": "RAISE"
      },
      "action_sequence": [
        {
          "player": 1995440391,
          "action": "FOLD",
          "amount": 0,
          "timestamp": 1757779630449,
          "pot_after_action": 0,
          "side_pots_after_action": [
            {
              "amount": 0,
              "eligible_players": [
                1995440392,
                19110703
              ]
            }
          ],
          "total_pot_after_action": 15,
          "total_side_pots_after_action": [
            {
              "id": 0,
              "amount": 10,
              "eligible_players": [
                1995440392,
                19110703
              ]
            },
            {
              "id": 1,
              "amount": 5,
              "eligible_players": [
                19110703
              ]
            },
            {
              "id": 2,
              "amount": 0,
              "eligible_players": [
                1995440392,
                19110703
              ]
            }
          ]
        },
        {
          "player": 19110702,
          "action": "RAISE",
          "amount": 100,
          "timestamp": 1757779630487,
          "pot_after_action": 100,
          "side_pots_after_action": [
            {
              "amount": 100,
              "eligible_players": [
                1995440392,
                19110703
              ]
            }
          ],
          "total_pot_after_action": 115,
          "total_side_pots_after_action": [
            {
              "id": 0,
              "amount": 10,
              "eligible_players": [
                1995440392,
                19110703
              ]
            },
            {
              "id": 1,
              "amount": 5,
              "eligible_players": [
                19110703
              ]
            },
            {
              "id": 2,
              "amount": 100,
              "eligible_players": [
                1995440392,
                19110703
              ]
            }
          ]
        }
      ],
      "actionTimes": {
        "1995440391": 4,
        "19110702": 42
      }
    }
  },
  "playerNames": {
    "19110702": "player19110703",
    "1995440391": "player1995440392"
  },
  "blinds": {
    "small": 5,
    "big": 10
  },
  "finalBoard": [
    "5d",
    "5s",
    "9s",
    "Kd"
  ],
  "sidePots": [
    {
      "amount": 0,
      "eligible_players": [
        19110702
      ]
    }
  ],
  "playerMoney": {
    "initialAmount": 10000,
    "startingMoney": {
      "19110703": 10040,
      "1995440392": 9960
    },
    "startingDelta": {
      "19110703": 40,
      "1995440392": -40
    },
    "finalDelta": {
      "19110703": 45,
      "1995440392": -45
    },
    "gameScores": {
      "19110703": 5,
      "1995440392": -5
    },
    "finalMoney": {
      "19110703": 10045,
      "1995440392": 9955
    },
    "thisGameDelta": {
      "19110703": 5,
      "1995440392": -5
    }
  },
  "playerHands": {
    "19110702": [
      "As",
      "6s"
    ],
    "1995440391": [
      "9h",
      "3h"
    ]
  },
  "usernameMapping": {
    "default": 19110703,
    "client_container_6882_test_client_test_deepseek_deepseek_r1_0528_iter_2_20250913_120704_iter2": 1995440392
  },
  "playerIdToUsername": {
    "19110703": "default",
    "1995440392": "client_container_6882_test_client_test_deepseek_deepseek_r1_0528_iter_2_20250913_120704_iter2"
  }
}