{
  "gameId": "aadeb64f-d143-437e-ba65-09ea15e88757",
  "rounds": {
    "0": {
      "pot": 15,
      "bets": {
        "2947766096": 10,
        "1453519384": 5
      },
      "actions": {
        "1453519384": "RAISE",
        "2947766096": "RAISE"
      },
      "action_sequence": [
        {
          "player": 1453519384,
          "action": "RAISE",
          "amount": 5,
          "timestamp": 1756794035333,
          "pot_after_action": 5,
          "side_pots_after_action": [
            {
              "amount": 5,
              "eligible_players": [
                2947766097,
                1453519385
              ]
            }
          ],
          "total_pot_after_action": 5,
          "total_side_pots_after_action": [
            {
              "id": 0,
              "amount": 5,
              "eligible_players": [
                2947766097,
                1453519385
              ]
            }
          ]
        },
        {
          "player": 2947766096,
          "action": "RAISE",
          "amount": 10,
          "timestamp": 1756794035333,
          "pot_after_action": 15,
          "side_pots_after_action": [
            {
              "amount": 10,
              "eligible_players": [
                2947766097,
                1453519385
              ]
            },
            {
              "amount": 5,
              "eligible_players": [
                2947766097
              ]
            }
          ],
          "total_pot_after_action": 15,
          "total_side_pots_after_action": [
            {
              "id": 0,
              "amount": 10,
              "eligible_players": [
                2947766097,
                1453519385
              ]
            },
            {
              "id": 1,
              "amount": 5,
              "eligible_players": [
                2947766097
              ]
            }
          ]
        }
      ],
      "actionTimes": {}
    },
    "1": {
      "pot": 400,
      "bets": {
        "2947766096": 200,
        "1453519384": 200
      },
      "actions": {
        "1453519384": "RAISE",
        "2947766096": "CALL"
      },
      "action_sequence": [
        {
          "player": 1453519384,
          "action": "CHECK",
          "amount": 0,
          "timestamp": 1756794035343,
          "pot_after_action": 0,
          "side_pots_after_action": [
            {
              "amount": 0,
              "eligible_players": [
                2947766097,
                1453519385
              ]
            }
          ],
          "total_pot_after_action": 15,
          "total_side_pots_after_action": [
            {
              "id": 0,
              "amount": 10,
              "eligible_players": [
                2947766097,
                1453519385
              ]
            },
            {
              "id": 1,
              "amount": 5,
              "eligible_players": [
                2947766097
              ]
            },
            {
              "id": 2,
              "amount": 0,
              "eligible_players": [
                2947766097,
                1453519385
              ]
            }
          ]
        },
        {
          "player": 2947766096,
          "action": "RAISE",
          "amount": 100,
          "timestamp": 1756794035379,
          "pot_after_action": 100,
          "side_pots_after_action": [
            {
              "amount": 100,
              "eligible_players": [
                2947766097,
                1453519385
              ]
            }
          ],
          "total_pot_after_action": 115,
          "total_side_pots_after_action": [
            {
              "id": 0,
              "amount": 10,
              "eligible_players": [
                2947766097,
                1453519385
              ]
            },
            {
              "id": 1,
              "amount": 5,
              "eligible_players": [
                2947766097
              ]
            },
            {
              "id": 2,
              "amount": 100,
              "eligible_players": [
                2947766097,
                1453519385
              ]
            }
          ]
        },
        {
          "player": 1453519384,
          "action": "RAISE",
          "amount": 200,
          "timestamp": 1756794035385,
          "pot_after_action": 300,
          "side_pots_after_action": [
            {
              "amount": 200,
              "eligible_players": [
                2947766097,
                1453519385
              ]
            },
            {
              "amount": 100,
              "eligible_players": [
                1453519385
              ]
            }
          ],
          "total_pot_after_action": 315,
          "total_side_pots_after_action": [
            {
              "id": 0,
              "amount": 10,
              "eligible_players": [
                2947766097,
                1453519385
              ]
            },
            {
              "id": 1,
              "amount": 5,
              "eligible_players": [
                2947766097
              ]
            },
            {
              "id": 2,
              "amount": 200,
              "eligible_players": [
                2947766097,
                1453519385
              ]
            },
            {
              "id": 3,
              "amount": 100,
              "eligible_players": [
                1453519385
              ]
            }
          ]
        },
        {
          "player": 2947766096,
          "action": "CALL",
          "amount": 100,
          "timestamp": 1756794035424,
          "pot_after_action": 400,
          "side_pots_after_action": [
            {
              "amount": 400,
              "eligible_players": [
                2947766097,
                1453519385
              ]
            }
          ],
          "total_pot_after_action": 415,
          "total_side_pots_after_action": [
            {
              "id": 0,
              "amount": 10,
              "eligible_players": [
                2947766097,
                1453519385
              ]
            },
            {
              "id": 1,
              "amount": 5,
              "eligible_players": [
                2947766097
              ]
            },
            {
              "id": 2,
              "amount": 400,
              "eligible_players": [
                2947766097,
                1453519385
              ]
            }
          ]
        }
      ],
      "actionTimes": {
        "1453519384": 53,
        "2947766096": 92
      }
    },
    "2": {
      "pot": 0,
      "bets": {
        "2947766096": 0,
        "1453519384": 0
      },
      "actions": {
        "1453519384": "CHECK",
        "2947766096": "CHECK"
      },
      "action_sequence": [
        {
          "player": 1453519384,
          "action": "CHECK",
          "amount": 0,
          "timestamp": 1756794035468,
          "pot_after_action": 0,
          "side_pots_after_action": [
            {
              "amount": 0,
              "eligible_players": [
                2947766097,
                1453519385
              ]
            }
          ],
          "total_pot_after_action": 415,
          "total_side_pots_after_action": [
            {
              "id": 0,
              "amount": 10,
              "eligible_players": [
                2947766097,
                1453519385
              ]
            },
            {
              "id": 1,
              "amount": 5,
              "eligible_players": [
                2947766097
              ]
            },
            {
              "id": 2,
              "amount": 400,
              "eligible_players": [
                2947766097,
                1453519385
              ]
            },
            {
              "id": 3,
              "amount": 0,
              "eligible_players": [
                2947766097,
                1453519385
              ]
            }
          ]
        },
        {
          "player": 2947766096,
          "action": "CHECK",
          "amount": 0,
          "timestamp": 1756794035470,
          "pot_after_action": 0,
          "side_pots_after_action": [
            {
              "amount": 0,
              "eligible_players": [
                2947766097,
                1453519385
              ]
            }
          ],
          "total_pot_after_action": 415,
          "total_side_pots_after_action": [
            {
              "id": 0,
              "amount": 10,
              "eligible_players": [
                2947766097,
                1453519385
              ]
            },
            {
              "id": 1,
              "amount": 5,
              "eligible_players": [
                2947766097
              ]
            },
            {
              "id": 2,
              "amount": 400,
              "eligible_players": [
                2947766097,
                1453519385
              ]
            },
            {
              "id": 3,
              "amount": 0,
              "eligible_players": [
                2947766097,
                1453519385
              ]
            }
          ]
        }
      ],
      "actionTimes": {
        "1453519384": 136,
        "2947766096": 138
      }
    },
    "3": {
      "pot": 0,
      "bets": {
        "2947766096": 0,
        "1453519384": 0
      },
      "actions": {
        "1453519384": "CHECK",
        "2947766096": "CHECK"
      },
      "action_sequence": [
        {
          "player": 1453519384,
          "action": "CHECK",
          "amount": 0,
          "timestamp": 1756794035515,
          "pot_after_action": 0,
          "side_pots_after_action": [
            {
              "amount": 0,
              "eligible_players": [
                2947766097,
                1453519385
              ]
            }
          ],
          "total_pot_after_action": 415,
          "total_side_pots_after_action": [
            {
              "id": 0,
              "amount": 10,
              "eligible_players": [
                2947766097,
                1453519385
              ]
            },
            {
              "id": 1,
              "amount": 5,
              "eligible_players": [
                2947766097
              ]
            },
            {
              "id": 2,
              "amount": 400,
              "eligible_players": [
                2947766097,
                1453519385
              ]
            },
            {
              "id": 3,
              "amount": 0,
              "eligible_players": [
                2947766097,
                1453519385
              ]
            },
            {
              "id": 4,
              "amount": 0,
              "eligible_players": [
                2947766097,
                1453519385
              ]
            }
          ]
        },
        {
          "player": 2947766096,
          "action": "CHECK",
          "amount": 0,
          "timestamp": 1756794035517,
          "pot_after_action": 0,
          "side_pots_after_action": [
            {
              "amount": 0,
              "eligible_players": [
                2947766097,
                1453519385
              ]
            }
          ],
          "total_pot_after_action": 415,
          "total_side_pots_after_action": [
            {
              "id": 0,
              "amount": 10,
              "eligible_players": [
                2947766097,
                1453519385
              ]
            },
            {
              "id": 1,
              "amount": 5,
              "eligible_players": [
                2947766097
              ]
            },
            {
              "id": 2,
              "amount": 400,
              "eligible_players": [
                2947766097,
                1453519385
              ]
            },
            {
              "id": 3,
              "amount": 0,
              "eligible_players": [
                2947766097,
                1453519385
              ]
            },
            {
              "id": 4,
              "amount": 0,
              "eligible_players": [
                2947766097,
                1453519385
              ]
            }
          ]
        }
      ],
      "actionTimes": {
        "1453519384": 183,
        "2947766096": 185
      }
    }
  },
  "playerNames": {
    "2947766096": "player2947766097",
    "1453519384": "player1453519385"
  },
  "blinds": {
    "small": 5,
    "big": 10
  },
  "finalBoard": [
    "Ts",
    "Jh",
    "As",
    "9d",
    "Kh"
  ],
  "sidePots": [
    {
      "amount": 0,
      "eligible_players": [
        2947766096,
        1453519384
      ]
    }
  ],
  "playerMoney": {
    "initialAmount": 10000,
    "startingMoney": {
      "2947766097": 10205,
      "1453519385": 9795
    },
    "startingDelta": {
      "2947766097": 205,
      "1453519385": -205
    },
    "finalDelta": {
      "2947766097": 410,
      "1453519385": -410
    },
    "gameScores": {
      "2947766097": 205,
      "1453519385": -205
    },
    "finalMoney": {
      "2947766097": 10410,
      "1453519385": 9590
    },
    "thisGameDelta": {
      "2947766097": 205,
      "1453519385": -205
    }
  },
  "playerHands": {
    "2947766096": [
      "2h",
      "Qs"
    ],
    "1453519384": [
      "9h",
      "7s"
    ]
  },
  "usernameMapping": {
    "default": 2947766097,
    "client_container_5206_test_client_test_deepseek_deepseek_r1_0528_iter_5_20250901_232028_iter5": 1453519385
  },
  "playerIdToUsername": {
    "2947766097": "default",
    "1453519385": "client_container_5206_test_client_test_deepseek_deepseek_r1_0528_iter_5_20250901_232028_iter5"
  }
}