{
  "gameId": "39bfd4ff-f75e-4a91-a744-1912fc263ea2",
  "rounds": {
    "0": {
      "pot": 15,
      "bets": {
        "2705784869": 5,
        "593695284": 10
      },
      "actions": {
        "2705784869": "RAISE",
        "593695284": "RAISE"
      },
      "action_sequence": [
        {
          "player": 2705784869,
          "action": "RAISE",
          "amount": 5,
          "timestamp": 1758172399506,
          "pot_after_action": 5,
          "side_pots_after_action": [
            {
              "amount": 5,
              "eligible_players": [
                593695285,
                2705784870
              ]
            }
          ],
          "total_pot_after_action": 5,
          "total_side_pots_after_action": [
            {
              "id": 0,
              "amount": 5,
              "eligible_players": [
                593695285,
                2705784870
              ]
            }
          ]
        },
        {
          "player": 593695284,
          "action": "RAISE",
          "amount": 10,
          "timestamp": 1758172399506,
          "pot_after_action": 15,
          "side_pots_after_action": [
            {
              "amount": 10,
              "eligible_players": [
                593695285,
                2705784870
              ]
            },
            {
              "amount": 5,
              "eligible_players": [
                593695285
              ]
            }
          ],
          "total_pot_after_action": 15,
          "total_side_pots_after_action": [
            {
              "id": 0,
              "amount": 10,
              "eligible_players": [
                593695285,
                2705784870
              ]
            },
            {
              "id": 1,
              "amount": 5,
              "eligible_players": [
                593695285
              ]
            }
          ]
        }
      ],
      "actionTimes": {}
    },
    "1": {
      "pot": 100,
      "bets": {
        "2705784869": 100,
        "593695284": 0
      },
      "actions": {
        "2705784869": "RAISE",
        "593695284": "FOLD"
      },
      "action_sequence": [
        {
          "player": 2705784869,
          "action": "RAISE",
          "amount": 100,
          "timestamp": 1758172399509,
          "pot_after_action": 100,
          "side_pots_after_action": [
            {
              "amount": 100,
              "eligible_players": [
                593695285,
                2705784870
              ]
            }
          ],
          "total_pot_after_action": 115,
          "total_side_pots_after_action": [
            {
              "id": 0,
              "amount": 10,
              "eligible_players": [
                593695285,
                2705784870
              ]
            },
            {
              "id": 1,
              "amount": 5,
              "eligible_players": [
                593695285
              ]
            },
            {
              "id": 2,
              "amount": 100,
              "eligible_players": [
                593695285,
                2705784870
              ]
            }
          ]
        },
        {
          "player": 593695284,
          "action": "FOLD",
          "amount": 0,
          "timestamp": 1758172399551,
          "pot_after_action": 100,
          "side_pots_after_action": [
            {
              "amount": 100,
              "eligible_players": [
                593695285,
                2705784870
              ]
            }
          ],
          "total_pot_after_action": 115,
          "total_side_pots_after_action": [
            {
              "id": 0,
              "amount": 10,
              "eligible_players": [
                593695285,
                2705784870
              ]
            },
            {
              "id": 1,
              "amount": 5,
              "eligible_players": [
                593695285
              ]
            },
            {
              "id": 2,
              "amount": 100,
              "eligible_players": [
                593695285,
                2705784870
              ]
            }
          ]
        }
      ],
      "actionTimes": {
        "2705784869": 3,
        "593695284": 45
      }
    }
  },
  "playerNames": {
    "2705784869": "player2705784870",
    "593695284": "player593695285"
  },
  "blinds": {
    "small": 5,
    "big": 10
  },
  "finalBoard": [
    "6d",
    "7h",
    "5c",
    "8h"
  ],
  "sidePots": [
    {
      "amount": 0,
      "eligible_players": [
        2705784869
      ]
    }
  ],
  "playerMoney": {
    "initialAmount": 10000,
    "startingMoney": {
      "2705784870": 10060,
      "593695285": 9940
    },
    "startingDelta": {
      "2705784870": 60,
      "593695285": -60
    },
    "finalDelta": {
      "2705784870": 70,
      "593695285": -70
    },
    "gameScores": {
      "2705784870": 10,
      "593695285": -10
    },
    "finalMoney": {
      "2705784870": 10070,
      "593695285": 9930
    },
    "thisGameDelta": {
      "2705784870": 10,
      "593695285": -10
    }
  },
  "playerHands": {
    "2705784869": [
      "Ad",
      "Kh"
    ],
    "593695284": [
      "Ks",
      "9h"
    ]
  },
  "usernameMapping": {
    "default": 2705784870,
    "client_container_5489_test_client_test_moonshotai_kimi_k2_iter_5_20250917_221312_iter5": 593695285
  },
  "playerIdToUsername": {
    "2705784870": "default",
    "593695285": "client_container_5489_test_client_test_moonshotai_kimi_k2_iter_5_20250917_221312_iter5"
  }
}