{
  "gameId": "39bfd4ff-f75e-4a91-a744-1912fc263ea2",
  "rounds": {
    "0": {
      "pot": 15,
      "bets": {
        "2705784869": 10,
        "593695284": 5
      },
      "actions": {
        "593695284": "RAISE",
        "2705784869": "RAISE"
      },
      "action_sequence": [
        {
          "player": 593695284,
          "action": "RAISE",
          "amount": 5,
          "timestamp": 1758172399448,
          "pot_after_action": 5,
          "side_pots_after_action": [
            {
              "amount": 5,
              "eligible_players": [
                593695285,
                2705784870
              ]
            }
          ],
          "total_pot_after_action": 5,
          "total_side_pots_after_action": [
            {
              "id": 0,
              "amount": 5,
              "eligible_players": [
                593695285,
                2705784870
              ]
            }
          ]
        },
        {
          "player": 2705784869,
          "action": "RAISE",
          "amount": 10,
          "timestamp": 1758172399448,
          "pot_after_action": 15,
          "side_pots_after_action": [
            {
              "amount": 10,
              "eligible_players": [
                593695285,
                2705784870
              ]
            },
            {
              "amount": 5,
              "eligible_players": [
                2705784870
              ]
            }
          ],
          "total_pot_after_action": 15,
          "total_side_pots_after_action": [
            {
              "id": 0,
              "amount": 10,
              "eligible_players": [
                593695285,
                2705784870
              ]
            },
            {
              "id": 1,
              "amount": 5,
              "eligible_players": [
                2705784870
              ]
            }
          ]
        }
      ],
      "actionTimes": {}
    },
    "1": {
      "pot": 100,
      "bets": {
        "2705784869": 100,
        "593695284": 0
      },
      "actions": {
        "593695284": "FOLD",
        "2705784869": "RAISE"
      },
      "action_sequence": [
        {
          "player": 593695284,
          "action": "CHECK",
          "amount": 0,
          "timestamp": 1758172399452,
          "pot_after_action": 0,
          "side_pots_after_action": [
            {
              "amount": 0,
              "eligible_players": [
                593695285,
                2705784870
              ]
            }
          ],
          "total_pot_after_action": 15,
          "total_side_pots_after_action": [
            {
              "id": 0,
              "amount": 10,
              "eligible_players": [
                593695285,
                2705784870
              ]
            },
            {
              "id": 1,
              "amount": 5,
              "eligible_players": [
                2705784870
              ]
            },
            {
              "id": 2,
              "amount": 0,
              "eligible_players": [
                593695285,
                2705784870
              ]
            }
          ]
        },
        {
          "player": 2705784869,
          "action": "RAISE",
          "amount": 100,
          "timestamp": 1758172399452,
          "pot_after_action": 100,
          "side_pots_after_action": [
            {
              "amount": 100,
              "eligible_players": [
                593695285,
                2705784870
              ]
            }
          ],
          "total_pot_after_action": 115,
          "total_side_pots_after_action": [
            {
              "id": 0,
              "amount": 10,
              "eligible_players": [
                593695285,
                2705784870
              ]
            },
            {
              "id": 1,
              "amount": 5,
              "eligible_players": [
                2705784870
              ]
            },
            {
              "id": 2,
              "amount": 100,
              "eligible_players": [
                593695285,
                2705784870
              ]
            }
          ]
        },
        {
          "player": 593695284,
          "action": "FOLD",
          "amount": 0,
          "timestamp": 1758172399493,
          "pot_after_action": 100,
          "side_pots_after_action": [
            {
              "amount": 100,
              "eligible_players": [
                593695285,
                2705784870
              ]
            }
          ],
          "total_pot_after_action": 115,
          "total_side_pots_after_action": [
            {
              "id": 0,
              "amount": 10,
              "eligible_players": [
                593695285,
                2705784870
              ]
            },
            {
              "id": 1,
              "amount": 5,
              "eligible_players": [
                2705784870
              ]
            },
            {
              "id": 2,
              "amount": 100,
              "eligible_players": [
                593695285,
                2705784870
              ]
            }
          ]
        }
      ],
      "actionTimes": {
        "593695284": 45,
        "2705784869": 4
      }
    }
  },
  "playerNames": {
    "2705784869": "player2705784870",
    "593695284": "player593695285"
  },
  "blinds": {
    "small": 5,
    "big": 10
  },
  "finalBoard": [
    "Ac",
    "Ad",
    "2s",
    "2c"
  ],
  "sidePots": [
    {
      "amount": 0,
      "eligible_players": [
        2705784869
      ]
    }
  ],
  "playerMoney": {
    "initialAmount": 10000,
    "startingMoney": {
      "2705784870": 10055,
      "593695285": 9945
    },
    "startingDelta": {
      "2705784870": 55,
      "593695285": -55
    },
    "finalDelta": {
      "2705784870": 60,
      "593695285": -60
    },
    "gameScores": {
      "2705784870": 5,
      "593695285": -5
    },
    "finalMoney": {
      "2705784870": 10060,
      "593695285": 9940
    },
    "thisGameDelta": {
      "2705784870": 5,
      "593695285": -5
    }
  },
  "playerHands": {
    "2705784869": [
      "2d",
      "5h"
    ],
    "593695284": [
      "8s",
      "Js"
    ]
  },
  "usernameMapping": {
    "default": 2705784870,
    "client_container_5489_test_client_test_moonshotai_kimi_k2_iter_5_20250917_221312_iter5": 593695285
  },
  "playerIdToUsername": {
    "2705784870": "default",
    "593695285": "client_container_5489_test_client_test_moonshotai_kimi_k2_iter_5_20250917_221312_iter5"
  }
}