{
  "gameId": "e178ea58-9532-414e-9661-5ace4d7f625f",
  "rounds": {
    "0": {
      "pot": 15,
      "bets": {
        "1480876738": 5,
        "3866422792": 10
      },
      "actions": {
        "1480876738": "RAISE",
        "3866422792": "RAISE"
      },
      "action_sequence": [
        {
          "player": 1480876738,
          "action": "RAISE",
          "amount": 5,
          "timestamp": 1757645915150,
          "pot_after_action": 5,
          "side_pots_after_action": [
            {
              "amount": 5,
              "eligible_players": [
                3866422793,
                1480876739
              ]
            }
          ],
          "total_pot_after_action": 5,
          "total_side_pots_after_action": [
            {
              "id": 0,
              "amount": 5,
              "eligible_players": [
                3866422793,
                1480876739
              ]
            }
          ]
        },
        {
          "player": 3866422792,
          "action": "RAISE",
          "amount": 10,
          "timestamp": 1757645915150,
          "pot_after_action": 15,
          "side_pots_after_action": [
            {
              "amount": 10,
              "eligible_players": [
                3866422793,
                1480876739
              ]
            },
            {
              "amount": 5,
              "eligible_players": [
                3866422793
              ]
            }
          ],
          "total_pot_after_action": 15,
          "total_side_pots_after_action": [
            {
              "id": 0,
              "amount": 10,
              "eligible_players": [
                3866422793,
                1480876739
              ]
            },
            {
              "id": 1,
              "amount": 5,
              "eligible_players": [
                3866422793
              ]
            }
          ]
        }
      ],
      "actionTimes": {}
    },
    "1": {
      "pot": 100,
      "bets": {
        "1480876738": 100,
        "3866422792": 0
      },
      "actions": {
        "1480876738": "RAISE",
        "3866422792": "FOLD"
      },
      "action_sequence": [
        {
          "player": 1480876738,
          "action": "RAISE",
          "amount": 100,
          "timestamp": 1757645915154,
          "pot_after_action": 100,
          "side_pots_after_action": [
            {
              "amount": 100,
              "eligible_players": [
                3866422793,
                1480876739
              ]
            }
          ],
          "total_pot_after_action": 115,
          "total_side_pots_after_action": [
            {
              "id": 0,
              "amount": 10,
              "eligible_players": [
                3866422793,
                1480876739
              ]
            },
            {
              "id": 1,
              "amount": 5,
              "eligible_players": [
                3866422793
              ]
            },
            {
              "id": 2,
              "amount": 100,
              "eligible_players": [
                3866422793,
                1480876739
              ]
            }
          ]
        },
        {
          "player": 3866422792,
          "action": "FOLD",
          "amount": 0,
          "timestamp": 1757645915156,
          "pot_after_action": 100,
          "side_pots_after_action": [
            {
              "amount": 100,
              "eligible_players": [
                3866422793,
                1480876739
              ]
            }
          ],
          "total_pot_after_action": 115,
          "total_side_pots_after_action": [
            {
              "id": 0,
              "amount": 10,
              "eligible_players": [
                3866422793,
                1480876739
              ]
            },
            {
              "id": 1,
              "amount": 5,
              "eligible_players": [
                3866422793
              ]
            },
            {
              "id": 2,
              "amount": 100,
              "eligible_players": [
                3866422793,
                1480876739
              ]
            }
          ]
        }
      ],
      "actionTimes": {
        "1480876738": 5,
        "3866422792": 7
      }
    }
  },
  "playerNames": {
    "1480876738": "player1480876739",
    "3866422792": "player3866422793"
  },
  "blinds": {
    "small": 5,
    "big": 10
  },
  "finalBoard": [
    "Kc",
    "Kh",
    "Kd",
    "6c"
  ],
  "sidePots": [
    {
      "amount": 0,
      "eligible_players": [
        1480876738
      ]
    }
  ],
  "playerMoney": {
    "initialAmount": 10000,
    "startingMoney": {
      "1480876739": 10000,
      "3866422793": 10000
    },
    "startingDelta": {
      "1480876739": 0,
      "3866422793": 0
    },
    "finalDelta": {
      "1480876739": 10,
      "3866422793": -10
    },
    "gameScores": {
      "1480876739": 10,
      "3866422793": -10
    },
    "finalMoney": {
      "1480876739": 10010,
      "3866422793": 9990
    },
    "thisGameDelta": {
      "1480876739": 10,
      "3866422793": -10
    }
  },
  "playerHands": {
    "1480876738": [
      "Js",
      "Ks"
    ],
    "3866422792": [
      "3d",
      "Ad"
    ]
  },
  "usernameMapping": {
    "default": 1480876739,
    "client_container_5371_test_client_test_moonshotai_kimi_k2_iter_5_20250911_195829_iter5": 3866422793
  },
  "playerIdToUsername": {
    "1480876739": "default",
    "3866422793": "client_container_5371_test_client_test_moonshotai_kimi_k2_iter_5_20250911_195829_iter5"
  }
}