{
  "gameId": "e178ea58-9532-414e-9661-5ace4d7f625f",
  "rounds": {
    "0": {
      "pot": 15,
      "bets": {
        "1480876738": 10,
        "3866422792": 5
      },
      "actions": {
        "3866422792": "RAISE",
        "1480876738": "RAISE"
      },
      "action_sequence": [
        {
          "player": 3866422792,
          "action": "RAISE",
          "amount": 5,
          "timestamp": 1757645915436,
          "pot_after_action": 5,
          "side_pots_after_action": [
            {
              "amount": 5,
              "eligible_players": [
                3866422793,
                1480876739
              ]
            }
          ],
          "total_pot_after_action": 5,
          "total_side_pots_after_action": [
            {
              "id": 0,
              "amount": 5,
              "eligible_players": [
                3866422793,
                1480876739
              ]
            }
          ]
        },
        {
          "player": 1480876738,
          "action": "RAISE",
          "amount": 10,
          "timestamp": 1757645915436,
          "pot_after_action": 15,
          "side_pots_after_action": [
            {
              "amount": 10,
              "eligible_players": [
                3866422793,
                1480876739
              ]
            },
            {
              "amount": 5,
              "eligible_players": [
                1480876739
              ]
            }
          ],
          "total_pot_after_action": 15,
          "total_side_pots_after_action": [
            {
              "id": 0,
              "amount": 10,
              "eligible_players": [
                3866422793,
                1480876739
              ]
            },
            {
              "id": 1,
              "amount": 5,
              "eligible_players": [
                1480876739
              ]
            }
          ]
        }
      ],
      "actionTimes": {}
    },
    "1": {
      "pot": 100,
      "bets": {
        "1480876738": 100,
        "3866422792": 0
      },
      "actions": {
        "3866422792": "FOLD",
        "1480876738": "RAISE"
      },
      "action_sequence": [
        {
          "player": 3866422792,
          "action": "CHECK",
          "amount": 0,
          "timestamp": 1757645915440,
          "pot_after_action": 0,
          "side_pots_after_action": [
            {
              "amount": 0,
              "eligible_players": [
                3866422793,
                1480876739
              ]
            }
          ],
          "total_pot_after_action": 15,
          "total_side_pots_after_action": [
            {
              "id": 0,
              "amount": 10,
              "eligible_players": [
                3866422793,
                1480876739
              ]
            },
            {
              "id": 1,
              "amount": 5,
              "eligible_players": [
                1480876739
              ]
            },
            {
              "id": 2,
              "amount": 0,
              "eligible_players": [
                3866422793,
                1480876739
              ]
            }
          ]
        },
        {
          "player": 1480876738,
          "action": "RAISE",
          "amount": 100,
          "timestamp": 1757645915440,
          "pot_after_action": 100,
          "side_pots_after_action": [
            {
              "amount": 100,
              "eligible_players": [
                3866422793,
                1480876739
              ]
            }
          ],
          "total_pot_after_action": 115,
          "total_side_pots_after_action": [
            {
              "id": 0,
              "amount": 10,
              "eligible_players": [
                3866422793,
                1480876739
              ]
            },
            {
              "id": 1,
              "amount": 5,
              "eligible_players": [
                1480876739
              ]
            },
            {
              "id": 2,
              "amount": 100,
              "eligible_players": [
                3866422793,
                1480876739
              ]
            }
          ]
        },
        {
          "player": 3866422792,
          "action": "FOLD",
          "amount": 0,
          "timestamp": 1757645915481,
          "pot_after_action": 100,
          "side_pots_after_action": [
            {
              "amount": 100,
              "eligible_players": [
                3866422793,
                1480876739
              ]
            }
          ],
          "total_pot_after_action": 115,
          "total_side_pots_after_action": [
            {
              "id": 0,
              "amount": 10,
              "eligible_players": [
                3866422793,
                1480876739
              ]
            },
            {
              "id": 1,
              "amount": 5,
              "eligible_players": [
                1480876739
              ]
            },
            {
              "id": 2,
              "amount": 100,
              "eligible_players": [
                3866422793,
                1480876739
              ]
            }
          ]
        }
      ],
      "actionTimes": {
        "3866422792": 45,
        "1480876738": 4
      }
    }
  },
  "playerNames": {
    "1480876738": "player1480876739",
    "3866422792": "player3866422793"
  },
  "blinds": {
    "small": 5,
    "big": 10
  },
  "finalBoard": [
    "3s",
    "Jd",
    "7h",
    "Kd"
  ],
  "sidePots": [
    {
      "amount": 0,
      "eligible_players": [
        1480876738
      ]
    }
  ],
  "playerMoney": {
    "initialAmount": 10000,
    "startingMoney": {
      "1480876739": 10040,
      "3866422793": 9960
    },
    "startingDelta": {
      "1480876739": 40,
      "3866422793": -40
    },
    "finalDelta": {
      "1480876739": 45,
      "3866422793": -45
    },
    "gameScores": {
      "1480876739": 5,
      "3866422793": -5
    },
    "finalMoney": {
      "1480876739": 10045,
      "3866422793": 9955
    },
    "thisGameDelta": {
      "1480876739": 5,
      "3866422793": -5
    }
  },
  "playerHands": {
    "1480876738": [
      "2h",
      "9c"
    ],
    "3866422792": [
      "7c",
      "6c"
    ]
  },
  "usernameMapping": {
    "default": 1480876739,
    "client_container_5371_test_client_test_moonshotai_kimi_k2_iter_5_20250911_195829_iter5": 3866422793
  },
  "playerIdToUsername": {
    "1480876739": "default",
    "3866422793": "client_container_5371_test_client_test_moonshotai_kimi_k2_iter_5_20250911_195829_iter5"
  }
}