{
  "gameId": "d4be6ed7-373d-4a09-817b-af31c95fb1c9",
  "rounds": {
    "0": {
      "pot": 15,
      "bets": {
        "3321780544": 5,
        "356920403": 10
      },
      "actions": {
        "3321780544": "RAISE",
        "356920403": "RAISE"
      },
      "action_sequence": [
        {
          "player": 3321780544,
          "action": "RAISE",
          "amount": 5,
          "timestamp": 1757779908459,
          "pot_after_action": 5,
          "side_pots_after_action": [
            {
              "amount": 5,
              "eligible_players": [
                3321780545,
                356920404
              ]
            }
          ],
          "total_pot_after_action": 5,
          "total_side_pots_after_action": [
            {
              "id": 0,
              "amount": 5,
              "eligible_players": [
                3321780545,
                356920404
              ]
            }
          ]
        },
        {
          "player": 356920403,
          "action": "RAISE",
          "amount": 10,
          "timestamp": 1757779908459,
          "pot_after_action": 15,
          "side_pots_after_action": [
            {
              "amount": 10,
              "eligible_players": [
                3321780545,
                356920404
              ]
            },
            {
              "amount": 5,
              "eligible_players": [
                356920404
              ]
            }
          ],
          "total_pot_after_action": 15,
          "total_side_pots_after_action": [
            {
              "id": 0,
              "amount": 10,
              "eligible_players": [
                3321780545,
                356920404
              ]
            },
            {
              "id": 1,
              "amount": 5,
              "eligible_players": [
                356920404
              ]
            }
          ]
        }
      ],
      "actionTimes": {}
    },
    "1": {
      "pot": 100,
      "bets": {
        "3321780544": 100,
        "356920403": 0
      },
      "actions": {
        "3321780544": "RAISE",
        "356920403": "FOLD"
      },
      "action_sequence": [
        {
          "player": 3321780544,
          "action": "RAISE",
          "amount": 100,
          "timestamp": 1757779908463,
          "pot_after_action": 100,
          "side_pots_after_action": [
            {
              "amount": 100,
              "eligible_players": [
                3321780545,
                356920404
              ]
            }
          ],
          "total_pot_after_action": 115,
          "total_side_pots_after_action": [
            {
              "id": 0,
              "amount": 10,
              "eligible_players": [
                3321780545,
                356920404
              ]
            },
            {
              "id": 1,
              "amount": 5,
              "eligible_players": [
                356920404
              ]
            },
            {
              "id": 2,
              "amount": 100,
              "eligible_players": [
                3321780545,
                356920404
              ]
            }
          ]
        },
        {
          "player": 356920403,
          "action": "FOLD",
          "amount": 0,
          "timestamp": 1757779908464,
          "pot_after_action": 100,
          "side_pots_after_action": [
            {
              "amount": 100,
              "eligible_players": [
                3321780545,
                356920404
              ]
            }
          ],
          "total_pot_after_action": 115,
          "total_side_pots_after_action": [
            {
              "id": 0,
              "amount": 10,
              "eligible_players": [
                3321780545,
                356920404
              ]
            },
            {
              "id": 1,
              "amount": 5,
              "eligible_players": [
                356920404
              ]
            },
            {
              "id": 2,
              "amount": 100,
              "eligible_players": [
                3321780545,
                356920404
              ]
            }
          ]
        }
      ],
      "actionTimes": {
        "3321780544": 6,
        "356920403": 7
      }
    }
  },
  "playerNames": {
    "3321780544": "player3321780545",
    "356920403": "player356920404"
  },
  "blinds": {
    "small": 5,
    "big": 10
  },
  "finalBoard": [
    "5h",
    "7s",
    "9s",
    "9d"
  ],
  "sidePots": [
    {
      "amount": 0,
      "eligible_players": [
        3321780544
      ]
    }
  ],
  "playerMoney": {
    "initialAmount": 10000,
    "startingMoney": {
      "3321780545": 10000,
      "356920404": 10000
    },
    "startingDelta": {
      "3321780545": 0,
      "356920404": 0
    },
    "finalDelta": {
      "3321780545": 10,
      "356920404": -10
    },
    "gameScores": {
      "3321780545": 10,
      "356920404": -10
    },
    "finalMoney": {
      "3321780545": 10010,
      "356920404": 9990
    },
    "thisGameDelta": {
      "3321780545": 10,
      "356920404": -10
    }
  },
  "playerHands": {
    "3321780544": [
      "6d",
      "4s"
    ],
    "356920403": [
      "3h",
      "Kc"
    ]
  },
  "usernameMapping": {
    "default": 3321780545,
    "client_container_6061_test_client_test_openai_o3_pro_iter_3_20250913_121142_iter3": 356920404
  },
  "playerIdToUsername": {
    "3321780545": "default",
    "356920404": "client_container_6061_test_client_test_openai_o3_pro_iter_3_20250913_121142_iter3"
  }
}