{
  "gameId": "835d57cb-46dd-4fbb-b1d4-65086f9d7015",
  "rounds": {
    "0": {
      "pot": 15,
      "bets": {
        "4051441506": 5,
        "2297215837": 10
      },
      "actions": {
        "4051441506": "RAISE",
        "2297215837": "RAISE"
      },
      "action_sequence": [
        {
          "player": 4051441506,
          "action": "RAISE",
          "amount": 5,
          "timestamp": 1757695258645,
          "pot_after_action": 5,
          "side_pots_after_action": [
            {
              "amount": 5,
              "eligible_players": [
                4051441507,
                2297215838
              ]
            }
          ],
          "total_pot_after_action": 5,
          "total_side_pots_after_action": [
            {
              "id": 0,
              "amount": 5,
              "eligible_players": [
                4051441507,
                2297215838
              ]
            }
          ]
        },
        {
          "player": 2297215837,
          "action": "RAISE",
          "amount": 10,
          "timestamp": 1757695258645,
          "pot_after_action": 15,
          "side_pots_after_action": [
            {
              "amount": 10,
              "eligible_players": [
                4051441507,
                2297215838
              ]
            },
            {
              "amount": 5,
              "eligible_players": [
                2297215838
              ]
            }
          ],
          "total_pot_after_action": 15,
          "total_side_pots_after_action": [
            {
              "id": 0,
              "amount": 10,
              "eligible_players": [
                4051441507,
                2297215838
              ]
            },
            {
              "id": 1,
              "amount": 5,
              "eligible_players": [
                2297215838
              ]
            }
          ]
        }
      ],
      "actionTimes": {}
    },
    "1": {
      "pot": 100,
      "bets": {
        "4051441506": 100,
        "2297215837": 0
      },
      "actions": {
        "4051441506": "RAISE",
        "2297215837": "FOLD"
      },
      "action_sequence": [
        {
          "player": 4051441506,
          "action": "RAISE",
          "amount": 100,
          "timestamp": 1757695258649,
          "pot_after_action": 100,
          "side_pots_after_action": [
            {
              "amount": 100,
              "eligible_players": [
                4051441507,
                2297215838
              ]
            }
          ],
          "total_pot_after_action": 115,
          "total_side_pots_after_action": [
            {
              "id": 0,
              "amount": 10,
              "eligible_players": [
                4051441507,
                2297215838
              ]
            },
            {
              "id": 1,
              "amount": 5,
              "eligible_players": [
                2297215838
              ]
            },
            {
              "id": 2,
              "amount": 100,
              "eligible_players": [
                4051441507,
                2297215838
              ]
            }
          ]
        },
        {
          "player": 2297215837,
          "action": "FOLD",
          "amount": 0,
          "timestamp": 1757695258650,
          "pot_after_action": 100,
          "side_pots_after_action": [
            {
              "amount": 100,
              "eligible_players": [
                4051441507,
                2297215838
              ]
            }
          ],
          "total_pot_after_action": 115,
          "total_side_pots_after_action": [
            {
              "id": 0,
              "amount": 10,
              "eligible_players": [
                4051441507,
                2297215838
              ]
            },
            {
              "id": 1,
              "amount": 5,
              "eligible_players": [
                2297215838
              ]
            },
            {
              "id": 2,
              "amount": 100,
              "eligible_players": [
                4051441507,
                2297215838
              ]
            }
          ]
        }
      ],
      "actionTimes": {
        "4051441506": 5,
        "2297215837": 6
      }
    }
  },
  "playerNames": {
    "4051441506": "player4051441507",
    "2297215837": "player2297215838"
  },
  "blinds": {
    "small": 5,
    "big": 10
  },
  "finalBoard": [
    "3h",
    "4s",
    "8c",
    "9s"
  ],
  "sidePots": [
    {
      "amount": 0,
      "eligible_players": [
        4051441506
      ]
    }
  ],
  "playerMoney": {
    "initialAmount": 10000,
    "startingMoney": {
      "4051441507": 10000,
      "2297215838": 10000
    },
    "startingDelta": {
      "4051441507": 0,
      "2297215838": 0
    },
    "finalDelta": {
      "4051441507": 10,
      "2297215838": -10
    },
    "gameScores": {
      "4051441507": 10,
      "2297215838": -10
    },
    "finalMoney": {
      "4051441507": 10010,
      "2297215838": 9990
    },
    "thisGameDelta": {
      "4051441507": 10,
      "2297215838": -10
    }
  },
  "playerHands": {
    "4051441506": [
      "6d",
      "Ad"
    ],
    "2297215837": [
      "8s",
      "8d"
    ]
  },
  "usernameMapping": {
    "default": 4051441507,
    "client_container_5883_test_client_test_deepseek_deepseek_r1_0528_iter_4_20250912_094052_iter4": 2297215838
  },
  "playerIdToUsername": {
    "4051441507": "default",
    "2297215838": "client_container_5883_test_client_test_deepseek_deepseek_r1_0528_iter_4_20250912_094052_iter4"
  }
}