{
  "gameId": "835d57cb-46dd-4fbb-b1d4-65086f9d7015",
  "rounds": {
    "0": {
      "pot": 15,
      "bets": {
        "4051441506": 10,
        "2297215837": 5
      },
      "actions": {
        "2297215837": "RAISE",
        "4051441506": "RAISE"
      },
      "action_sequence": [
        {
          "player": 2297215837,
          "action": "RAISE",
          "amount": 5,
          "timestamp": 1757695258852,
          "pot_after_action": 5,
          "side_pots_after_action": [
            {
              "amount": 5,
              "eligible_players": [
                4051441507,
                2297215838
              ]
            }
          ],
          "total_pot_after_action": 5,
          "total_side_pots_after_action": [
            {
              "id": 0,
              "amount": 5,
              "eligible_players": [
                4051441507,
                2297215838
              ]
            }
          ]
        },
        {
          "player": 4051441506,
          "action": "RAISE",
          "amount": 10,
          "timestamp": 1757695258852,
          "pot_after_action": 15,
          "side_pots_after_action": [
            {
              "amount": 10,
              "eligible_players": [
                4051441507,
                2297215838
              ]
            },
            {
              "amount": 5,
              "eligible_players": [
                4051441507
              ]
            }
          ],
          "total_pot_after_action": 15,
          "total_side_pots_after_action": [
            {
              "id": 0,
              "amount": 10,
              "eligible_players": [
                4051441507,
                2297215838
              ]
            },
            {
              "id": 1,
              "amount": 5,
              "eligible_players": [
                4051441507
              ]
            }
          ]
        }
      ],
      "actionTimes": {}
    },
    "1": {
      "pot": 100,
      "bets": {
        "4051441506": 100,
        "2297215837": 0
      },
      "actions": {
        "2297215837": "FOLD",
        "4051441506": "RAISE"
      },
      "action_sequence": [
        {
          "player": 2297215837,
          "action": "FOLD",
          "amount": 0,
          "timestamp": 1757695258857,
          "pot_after_action": 0,
          "side_pots_after_action": [
            {
              "amount": 0,
              "eligible_players": [
                4051441507,
                2297215838
              ]
            }
          ],
          "total_pot_after_action": 15,
          "total_side_pots_after_action": [
            {
              "id": 0,
              "amount": 10,
              "eligible_players": [
                4051441507,
                2297215838
              ]
            },
            {
              "id": 1,
              "amount": 5,
              "eligible_players": [
                4051441507
              ]
            },
            {
              "id": 2,
              "amount": 0,
              "eligible_players": [
                4051441507,
                2297215838
              ]
            }
          ]
        },
        {
          "player": 4051441506,
          "action": "RAISE",
          "amount": 100,
          "timestamp": 1757695258896,
          "pot_after_action": 100,
          "side_pots_after_action": [
            {
              "amount": 100,
              "eligible_players": [
                4051441507,
                2297215838
              ]
            }
          ],
          "total_pot_after_action": 115,
          "total_side_pots_after_action": [
            {
              "id": 0,
              "amount": 10,
              "eligible_players": [
                4051441507,
                2297215838
              ]
            },
            {
              "id": 1,
              "amount": 5,
              "eligible_players": [
                4051441507
              ]
            },
            {
              "id": 2,
              "amount": 100,
              "eligible_players": [
                4051441507,
                2297215838
              ]
            }
          ]
        }
      ],
      "actionTimes": {
        "2297215837": 5,
        "4051441506": 44
      }
    }
  },
  "playerNames": {
    "4051441506": "player4051441507",
    "2297215837": "player2297215838"
  },
  "blinds": {
    "small": 5,
    "big": 10
  },
  "finalBoard": [
    "Qd",
    "8s",
    "2d",
    "Js"
  ],
  "sidePots": [
    {
      "amount": 0,
      "eligible_players": [
        4051441506
      ]
    }
  ],
  "playerMoney": {
    "initialAmount": 10000,
    "startingMoney": {
      "4051441507": 10040,
      "2297215838": 9960
    },
    "startingDelta": {
      "4051441507": 40,
      "2297215838": -40
    },
    "finalDelta": {
      "4051441507": 45,
      "2297215838": -45
    },
    "gameScores": {
      "4051441507": 5,
      "2297215838": -5
    },
    "finalMoney": {
      "4051441507": 10045,
      "2297215838": 9955
    },
    "thisGameDelta": {
      "4051441507": 5,
      "2297215838": -5
    }
  },
  "playerHands": {
    "4051441506": [
      "6d",
      "Jd"
    ],
    "2297215837": [
      "Ad",
      "9s"
    ]
  },
  "usernameMapping": {
    "default": 4051441507,
    "client_container_5883_test_client_test_deepseek_deepseek_r1_0528_iter_4_20250912_094052_iter4": 2297215838
  },
  "playerIdToUsername": {
    "4051441507": "default",
    "2297215838": "client_container_5883_test_client_test_deepseek_deepseek_r1_0528_iter_4_20250912_094052_iter4"
  }
}