{
  "gameId": "8887e0ac-a4c4-4c82-9a4f-180e28785d81",
  "rounds": {
    "0": {
      "pot": 15,
      "bets": {
        "3839114819": 5,
        "509207769": 10
      },
      "actions": {
        "3839114819": "RAISE",
        "509207769": "RAISE"
      },
      "action_sequence": [
        {
          "player": 3839114819,
          "action": "RAISE",
          "amount": 5,
          "timestamp": 1757873823142,
          "pot_after_action": 5,
          "side_pots_after_action": [
            {
              "amount": 5,
              "eligible_players": [
                509207770,
                3839114820
              ]
            }
          ],
          "total_pot_after_action": 5,
          "total_side_pots_after_action": [
            {
              "id": 0,
              "amount": 5,
              "eligible_players": [
                509207770,
                3839114820
              ]
            }
          ]
        },
        {
          "player": 509207769,
          "action": "RAISE",
          "amount": 10,
          "timestamp": 1757873823142,
          "pot_after_action": 15,
          "side_pots_after_action": [
            {
              "amount": 10,
              "eligible_players": [
                509207770,
                3839114820
              ]
            },
            {
              "amount": 5,
              "eligible_players": [
                509207770
              ]
            }
          ],
          "total_pot_after_action": 15,
          "total_side_pots_after_action": [
            {
              "id": 0,
              "amount": 10,
              "eligible_players": [
                509207770,
                3839114820
              ]
            },
            {
              "id": 1,
              "amount": 5,
              "eligible_players": [
                509207770
              ]
            }
          ]
        }
      ],
      "actionTimes": {}
    },
    "1": {
      "pot": 100,
      "bets": {
        "3839114819": 100,
        "509207769": 0
      },
      "actions": {
        "3839114819": "RAISE",
        "509207769": "FOLD"
      },
      "action_sequence": [
        {
          "player": 3839114819,
          "action": "RAISE",
          "amount": 100,
          "timestamp": 1757873823144,
          "pot_after_action": 100,
          "side_pots_after_action": [
            {
              "amount": 100,
              "eligible_players": [
                509207770,
                3839114820
              ]
            }
          ],
          "total_pot_after_action": 115,
          "total_side_pots_after_action": [
            {
              "id": 0,
              "amount": 10,
              "eligible_players": [
                509207770,
                3839114820
              ]
            },
            {
              "id": 1,
              "amount": 5,
              "eligible_players": [
                509207770
              ]
            },
            {
              "id": 2,
              "amount": 100,
              "eligible_players": [
                509207770,
                3839114820
              ]
            }
          ]
        },
        {
          "player": 509207769,
          "action": "FOLD",
          "amount": 0,
          "timestamp": 1757873823184,
          "pot_after_action": 100,
          "side_pots_after_action": [
            {
              "amount": 100,
              "eligible_players": [
                509207770,
                3839114820
              ]
            }
          ],
          "total_pot_after_action": 115,
          "total_side_pots_after_action": [
            {
              "id": 0,
              "amount": 10,
              "eligible_players": [
                509207770,
                3839114820
              ]
            },
            {
              "id": 1,
              "amount": 5,
              "eligible_players": [
                509207770
              ]
            },
            {
              "id": 2,
              "amount": 100,
              "eligible_players": [
                509207770,
                3839114820
              ]
            }
          ]
        }
      ],
      "actionTimes": {
        "3839114819": 2,
        "509207769": 42
      }
    }
  },
  "playerNames": {
    "3839114819": "player3839114820",
    "509207769": "player509207770"
  },
  "blinds": {
    "small": 5,
    "big": 10
  },
  "finalBoard": [
    "6d",
    "9s",
    "7d",
    "Qh"
  ],
  "sidePots": [
    {
      "amount": 0,
      "eligible_players": [
        3839114819
      ]
    }
  ],
  "playerMoney": {
    "initialAmount": 10000,
    "startingMoney": {
      "3839114820": 10015,
      "509207770": 9985
    },
    "startingDelta": {
      "3839114820": 15,
      "509207770": -15
    },
    "finalDelta": {
      "3839114820": 25,
      "509207770": -25
    },
    "gameScores": {
      "3839114820": 10,
      "509207770": -10
    },
    "finalMoney": {
      "3839114820": 10025,
      "509207770": 9975
    },
    "thisGameDelta": {
      "3839114820": 10,
      "509207770": -10
    }
  },
  "playerHands": {
    "3839114819": [
      "4h",
      "Kh"
    ],
    "509207769": [
      "Qc",
      "2d"
    ]
  },
  "usernameMapping": {
    "default": 3839114820,
    "client_container_6607_test_client_test_hermes_hermes_4_405b_iter_4_20250914_141656_iter4": 509207770
  },
  "playerIdToUsername": {
    "3839114820": "default",
    "509207770": "client_container_6607_test_client_test_hermes_hermes_4_405b_iter_4_20250914_141656_iter4"
  }
}