{
  "gameId": "8887e0ac-a4c4-4c82-9a4f-180e28785d81",
  "rounds": {
    "0": {
      "pot": 15,
      "bets": {
        "3839114819": 10,
        "509207769": 5
      },
      "actions": {
        "509207769": "RAISE",
        "3839114819": "RAISE"
      },
      "action_sequence": [
        {
          "player": 509207769,
          "action": "RAISE",
          "amount": 5,
          "timestamp": 1757873823351,
          "pot_after_action": 5,
          "side_pots_after_action": [
            {
              "amount": 5,
              "eligible_players": [
                509207770,
                3839114820
              ]
            }
          ],
          "total_pot_after_action": 5,
          "total_side_pots_after_action": [
            {
              "id": 0,
              "amount": 5,
              "eligible_players": [
                509207770,
                3839114820
              ]
            }
          ]
        },
        {
          "player": 3839114819,
          "action": "RAISE",
          "amount": 10,
          "timestamp": 1757873823351,
          "pot_after_action": 15,
          "side_pots_after_action": [
            {
              "amount": 10,
              "eligible_players": [
                509207770,
                3839114820
              ]
            },
            {
              "amount": 5,
              "eligible_players": [
                3839114820
              ]
            }
          ],
          "total_pot_after_action": 15,
          "total_side_pots_after_action": [
            {
              "id": 0,
              "amount": 10,
              "eligible_players": [
                509207770,
                3839114820
              ]
            },
            {
              "id": 1,
              "amount": 5,
              "eligible_players": [
                3839114820
              ]
            }
          ]
        }
      ],
      "actionTimes": {}
    },
    "1": {
      "pot": 100,
      "bets": {
        "3839114819": 100,
        "509207769": 0
      },
      "actions": {
        "509207769": "FOLD",
        "3839114819": "RAISE"
      },
      "action_sequence": [
        {
          "player": 509207769,
          "action": "CHECK",
          "amount": 0,
          "timestamp": 1757873823373,
          "pot_after_action": 0,
          "side_pots_after_action": [
            {
              "amount": 0,
              "eligible_players": [
                509207770,
                3839114820
              ]
            }
          ],
          "total_pot_after_action": 15,
          "total_side_pots_after_action": [
            {
              "id": 0,
              "amount": 10,
              "eligible_players": [
                509207770,
                3839114820
              ]
            },
            {
              "id": 1,
              "amount": 5,
              "eligible_players": [
                3839114820
              ]
            },
            {
              "id": 2,
              "amount": 0,
              "eligible_players": [
                509207770,
                3839114820
              ]
            }
          ]
        },
        {
          "player": 3839114819,
          "action": "RAISE",
          "amount": 100,
          "timestamp": 1757873823373,
          "pot_after_action": 100,
          "side_pots_after_action": [
            {
              "amount": 100,
              "eligible_players": [
                509207770,
                3839114820
              ]
            }
          ],
          "total_pot_after_action": 115,
          "total_side_pots_after_action": [
            {
              "id": 0,
              "amount": 10,
              "eligible_players": [
                509207770,
                3839114820
              ]
            },
            {
              "id": 1,
              "amount": 5,
              "eligible_players": [
                3839114820
              ]
            },
            {
              "id": 2,
              "amount": 100,
              "eligible_players": [
                509207770,
                3839114820
              ]
            }
          ]
        },
        {
          "player": 509207769,
          "action": "FOLD",
          "amount": 0,
          "timestamp": 1757873823415,
          "pot_after_action": 100,
          "side_pots_after_action": [
            {
              "amount": 100,
              "eligible_players": [
                509207770,
                3839114820
              ]
            }
          ],
          "total_pot_after_action": 115,
          "total_side_pots_after_action": [
            {
              "id": 0,
              "amount": 10,
              "eligible_players": [
                509207770,
                3839114820
              ]
            },
            {
              "id": 1,
              "amount": 5,
              "eligible_players": [
                3839114820
              ]
            },
            {
              "id": 2,
              "amount": 100,
              "eligible_players": [
                509207770,
                3839114820
              ]
            }
          ]
        }
      ],
      "actionTimes": {
        "509207769": 64,
        "3839114819": 22
      }
    }
  },
  "playerNames": {
    "3839114819": "player3839114820",
    "509207769": "player509207770"
  },
  "blinds": {
    "small": 5,
    "big": 10
  },
  "finalBoard": [
    "3c",
    "Js",
    "7h",
    "2d"
  ],
  "sidePots": [
    {
      "amount": 0,
      "eligible_players": [
        3839114819
      ]
    }
  ],
  "playerMoney": {
    "initialAmount": 10000,
    "startingMoney": {
      "3839114820": 10040,
      "509207770": 9960
    },
    "startingDelta": {
      "3839114820": 40,
      "509207770": -40
    },
    "finalDelta": {
      "3839114820": 45,
      "509207770": -45
    },
    "gameScores": {
      "3839114820": 5,
      "509207770": -5
    },
    "finalMoney": {
      "3839114820": 10045,
      "509207770": 9955
    },
    "thisGameDelta": {
      "3839114820": 5,
      "509207770": -5
    }
  },
  "playerHands": {
    "3839114819": [
      "5s",
      "Th"
    ],
    "509207769": [
      "3d",
      "Ks"
    ]
  },
  "usernameMapping": {
    "default": 3839114820,
    "client_container_6607_test_client_test_hermes_hermes_4_405b_iter_4_20250914_141656_iter4": 509207770
  },
  "playerIdToUsername": {
    "3839114820": "default",
    "509207770": "client_container_6607_test_client_test_hermes_hermes_4_405b_iter_4_20250914_141656_iter4"
  }
}