{
  "gameId": "76fb5d5e-ac46-4cfe-ba62-4b0e282e2d9b",
  "rounds": {
    "0": {
      "pot": 15,
      "bets": {
        "4171594492": 5,
        "2352666450": 10
      },
      "actions": {
        "4171594492": "RAISE",
        "2352666450": "RAISE"
      },
      "action_sequence": [
        {
          "player": 4171594492,
          "action": "RAISE",
          "amount": 5,
          "timestamp": 1757872607191,
          "pot_after_action": 5,
          "side_pots_after_action": [
            {
              "amount": 5,
              "eligible_players": [
                2352666451,
                4171594493
              ]
            }
          ],
          "total_pot_after_action": 5,
          "total_side_pots_after_action": [
            {
              "id": 0,
              "amount": 5,
              "eligible_players": [
                2352666451,
                4171594493
              ]
            }
          ]
        },
        {
          "player": 2352666450,
          "action": "RAISE",
          "amount": 10,
          "timestamp": 1757872607191,
          "pot_after_action": 15,
          "side_pots_after_action": [
            {
              "amount": 10,
              "eligible_players": [
                2352666451,
                4171594493
              ]
            },
            {
              "amount": 5,
              "eligible_players": [
                2352666451
              ]
            }
          ],
          "total_pot_after_action": 15,
          "total_side_pots_after_action": [
            {
              "id": 0,
              "amount": 10,
              "eligible_players": [
                2352666451,
                4171594493
              ]
            },
            {
              "id": 1,
              "amount": 5,
              "eligible_players": [
                2352666451
              ]
            }
          ]
        }
      ],
      "actionTimes": {}
    },
    "1": {
      "pot": 200,
      "bets": {
        "4171594492": 100,
        "2352666450": 100
      },
      "actions": {
        "4171594492": "RAISE",
        "2352666450": "CALL"
      },
      "action_sequence": [
        {
          "player": 4171594492,
          "action": "RAISE",
          "amount": 100,
          "timestamp": 1757872607195,
          "pot_after_action": 100,
          "side_pots_after_action": [
            {
              "amount": 100,
              "eligible_players": [
                2352666451,
                4171594493
              ]
            }
          ],
          "total_pot_after_action": 115,
          "total_side_pots_after_action": [
            {
              "id": 0,
              "amount": 10,
              "eligible_players": [
                2352666451,
                4171594493
              ]
            },
            {
              "id": 1,
              "amount": 5,
              "eligible_players": [
                2352666451
              ]
            },
            {
              "id": 2,
              "amount": 100,
              "eligible_players": [
                2352666451,
                4171594493
              ]
            }
          ]
        },
        {
          "player": 2352666450,
          "action": "CALL",
          "amount": 100,
          "timestamp": 1757872607233,
          "pot_after_action": 200,
          "side_pots_after_action": [
            {
              "amount": 200,
              "eligible_players": [
                2352666451,
                4171594493
              ]
            }
          ],
          "total_pot_after_action": 215,
          "total_side_pots_after_action": [
            {
              "id": 0,
              "amount": 10,
              "eligible_players": [
                2352666451,
                4171594493
              ]
            },
            {
              "id": 1,
              "amount": 5,
              "eligible_players": [
                2352666451
              ]
            },
            {
              "id": 2,
              "amount": 200,
              "eligible_players": [
                2352666451,
                4171594493
              ]
            }
          ]
        }
      ],
      "actionTimes": {
        "4171594492": 4,
        "2352666450": 42
      }
    },
    "2": {
      "pot": 0,
      "bets": {
        "4171594492": 0,
        "2352666450": 0
      },
      "actions": {
        "4171594492": "CHECK",
        "2352666450": "CHECK"
      },
      "action_sequence": [
        {
          "player": 4171594492,
          "action": "CHECK",
          "amount": 0,
          "timestamp": 1757872607276,
          "pot_after_action": 0,
          "side_pots_after_action": [
            {
              "amount": 0,
              "eligible_players": [
                2352666451,
                4171594493
              ]
            }
          ],
          "total_pot_after_action": 215,
          "total_side_pots_after_action": [
            {
              "id": 0,
              "amount": 10,
              "eligible_players": [
                2352666451,
                4171594493
              ]
            },
            {
              "id": 1,
              "amount": 5,
              "eligible_players": [
                2352666451
              ]
            },
            {
              "id": 2,
              "amount": 200,
              "eligible_players": [
                2352666451,
                4171594493
              ]
            },
            {
              "id": 3,
              "amount": 0,
              "eligible_players": [
                2352666451,
                4171594493
              ]
            }
          ]
        },
        {
          "player": 2352666450,
          "action": "CHECK",
          "amount": 0,
          "timestamp": 1757872607277,
          "pot_after_action": 0,
          "side_pots_after_action": [
            {
              "amount": 0,
              "eligible_players": [
                2352666451,
                4171594493
              ]
            }
          ],
          "total_pot_after_action": 215,
          "total_side_pots_after_action": [
            {
              "id": 0,
              "amount": 10,
              "eligible_players": [
                2352666451,
                4171594493
              ]
            },
            {
              "id": 1,
              "amount": 5,
              "eligible_players": [
                2352666451
              ]
            },
            {
              "id": 2,
              "amount": 200,
              "eligible_players": [
                2352666451,
                4171594493
              ]
            },
            {
              "id": 3,
              "amount": 0,
              "eligible_players": [
                2352666451,
                4171594493
              ]
            }
          ]
        }
      ],
      "actionTimes": {
        "4171594492": 85,
        "2352666450": 86
      }
    },
    "3": {
      "pot": 0,
      "bets": {
        "4171594492": 0,
        "2352666450": 0
      },
      "actions": {
        "4171594492": "CHECK",
        "2352666450": "CHECK"
      },
      "action_sequence": [
        {
          "player": 4171594492,
          "action": "CHECK",
          "amount": 0,
          "timestamp": 1757872607319,
          "pot_after_action": 0,
          "side_pots_after_action": [
            {
              "amount": 0,
              "eligible_players": [
                2352666451,
                4171594493
              ]
            }
          ],
          "total_pot_after_action": 215,
          "total_side_pots_after_action": [
            {
              "id": 0,
              "amount": 10,
              "eligible_players": [
                2352666451,
                4171594493
              ]
            },
            {
              "id": 1,
              "amount": 5,
              "eligible_players": [
                2352666451
              ]
            },
            {
              "id": 2,
              "amount": 200,
              "eligible_players": [
                2352666451,
                4171594493
              ]
            },
            {
              "id": 3,
              "amount": 0,
              "eligible_players": [
                2352666451,
                4171594493
              ]
            },
            {
              "id": 4,
              "amount": 0,
              "eligible_players": [
                2352666451,
                4171594493
              ]
            }
          ]
        },
        {
          "player": 2352666450,
          "action": "CHECK",
          "amount": 0,
          "timestamp": 1757872607319,
          "pot_after_action": 0,
          "side_pots_after_action": [
            {
              "amount": 0,
              "eligible_players": [
                2352666451,
                4171594493
              ]
            }
          ],
          "total_pot_after_action": 215,
          "total_side_pots_after_action": [
            {
              "id": 0,
              "amount": 10,
              "eligible_players": [
                2352666451,
                4171594493
              ]
            },
            {
              "id": 1,
              "amount": 5,
              "eligible_players": [
                2352666451
              ]
            },
            {
              "id": 2,
              "amount": 200,
              "eligible_players": [
                2352666451,
                4171594493
              ]
            },
            {
              "id": 3,
              "amount": 0,
              "eligible_players": [
                2352666451,
                4171594493
              ]
            },
            {
              "id": 4,
              "amount": 0,
              "eligible_players": [
                2352666451,
                4171594493
              ]
            }
          ]
        }
      ],
      "actionTimes": {
        "4171594492": 128,
        "2352666450": 128
      }
    }
  },
  "playerNames": {
    "4171594492": "player4171594493",
    "2352666450": "player2352666451"
  },
  "blinds": {
    "small": 5,
    "big": 10
  },
  "finalBoard": [
    "Ah",
    "Ts",
    "7c",
    "2d",
    "As"
  ],
  "sidePots": [
    {
      "amount": 0,
      "eligible_players": [
        2352666450,
        4171594492
      ]
    }
  ],
  "playerMoney": {
    "initialAmount": 10000,
    "startingMoney": {
      "4171594493": 10210,
      "2352666451": 9790
    },
    "startingDelta": {
      "4171594493": 210,
      "2352666451": -210
    },
    "finalDelta": {
      "4171594493": 105,
      "2352666451": -105
    },
    "gameScores": {
      "4171594493": -105,
      "2352666451": 105
    },
    "finalMoney": {
      "4171594493": 10105,
      "2352666451": 9895
    },
    "thisGameDelta": {
      "4171594493": -105,
      "2352666451": 105
    }
  },
  "playerHands": {
    "4171594492": [
      "6d",
      "2c"
    ],
    "2352666450": [
      "Jc",
      "Td"
    ]
  },
  "usernameMapping": {
    "default": 4171594493,
    "client_container_5396_test_client_test_z_ai_glm_4.5_iter_4_20250914_135640_iter4": 2352666451
  },
  "playerIdToUsername": {
    "4171594493": "default",
    "2352666451": "client_container_5396_test_client_test_z_ai_glm_4.5_iter_4_20250914_135640_iter4"
  }
}