{
  "gameId": "12a1a371-fcaa-415b-be1f-ccc87d4b8a0a",
  "rounds": {
    "0": {
      "pot": 15,
      "bets": {
        "1384614584": 5,
        "3704711397": 10
      },
      "actions": {
        "1384614584": "RAISE",
        "3704711397": "RAISE"
      },
      "action_sequence": [
        {
          "player": 1384614584,
          "action": "RAISE",
          "amount": 5,
          "timestamp": 1756788166524,
          "pot_after_action": 5,
          "side_pots_after_action": [
            {
              "amount": 5,
              "eligible_players": [
                1384614585,
                3704711398
              ]
            }
          ],
          "total_pot_after_action": 5,
          "total_side_pots_after_action": [
            {
              "id": 0,
              "amount": 5,
              "eligible_players": [
                1384614585,
                3704711398
              ]
            }
          ]
        },
        {
          "player": 3704711397,
          "action": "RAISE",
          "amount": 10,
          "timestamp": 1756788166524,
          "pot_after_action": 15,
          "side_pots_after_action": [
            {
              "amount": 10,
              "eligible_players": [
                1384614585,
                3704711398
              ]
            },
            {
              "amount": 5,
              "eligible_players": [
                3704711398
              ]
            }
          ],
          "total_pot_after_action": 15,
          "total_side_pots_after_action": [
            {
              "id": 0,
              "amount": 10,
              "eligible_players": [
                1384614585,
                3704711398
              ]
            },
            {
              "id": 1,
              "amount": 5,
              "eligible_players": [
                3704711398
              ]
            }
          ]
        }
      ],
      "actionTimes": {}
    },
    "1": {
      "pot": 100,
      "bets": {
        "1384614584": 100,
        "3704711397": 0
      },
      "actions": {
        "1384614584": "RAISE",
        "3704711397": "FOLD"
      },
      "action_sequence": [
        {
          "player": 1384614584,
          "action": "RAISE",
          "amount": 100,
          "timestamp": 1756788166527,
          "pot_after_action": 100,
          "side_pots_after_action": [
            {
              "amount": 100,
              "eligible_players": [
                1384614585,
                3704711398
              ]
            }
          ],
          "total_pot_after_action": 115,
          "total_side_pots_after_action": [
            {
              "id": 0,
              "amount": 10,
              "eligible_players": [
                1384614585,
                3704711398
              ]
            },
            {
              "id": 1,
              "amount": 5,
              "eligible_players": [
                3704711398
              ]
            },
            {
              "id": 2,
              "amount": 100,
              "eligible_players": [
                1384614585,
                3704711398
              ]
            }
          ]
        },
        {
          "player": 3704711397,
          "action": "FOLD",
          "amount": 0,
          "timestamp": 1756788166528,
          "pot_after_action": 100,
          "side_pots_after_action": [
            {
              "amount": 100,
              "eligible_players": [
                1384614585,
                3704711398
              ]
            }
          ],
          "total_pot_after_action": 115,
          "total_side_pots_after_action": [
            {
              "id": 0,
              "amount": 10,
              "eligible_players": [
                1384614585,
                3704711398
              ]
            },
            {
              "id": 1,
              "amount": 5,
              "eligible_players": [
                3704711398
              ]
            },
            {
              "id": 2,
              "amount": 100,
              "eligible_players": [
                1384614585,
                3704711398
              ]
            }
          ]
        }
      ],
      "actionTimes": {
        "1384614584": 3,
        "3704711397": 4
      }
    }
  },
  "playerNames": {
    "1384614584": "player1384614585",
    "3704711397": "player3704711398"
  },
  "blinds": {
    "small": 5,
    "big": 10
  },
  "finalBoard": [
    "9h",
    "7s",
    "4s",
    "3s"
  ],
  "sidePots": [
    {
      "amount": 0,
      "eligible_players": [
        1384614584
      ]
    }
  ],
  "playerMoney": {
    "initialAmount": 10000,
    "startingMoney": {
      "1384614585": 10045,
      "3704711398": 9955
    },
    "startingDelta": {
      "1384614585": 45,
      "3704711398": -45
    },
    "finalDelta": {
      "1384614585": 55,
      "3704711398": -55
    },
    "gameScores": {
      "1384614585": 10,
      "3704711398": -10
    },
    "finalMoney": {
      "1384614585": 10055,
      "3704711398": 9945
    },
    "thisGameDelta": {
      "1384614585": 10,
      "3704711398": -10
    }
  },
  "playerHands": {
    "1384614584": [
      "2s",
      "5d"
    ],
    "3704711397": [
      "8s",
      "2h"
    ]
  },
  "usernameMapping": {
    "default": 1384614585,
    "client_container_6175_test_client_test_moonshotai_kimi_k2_iter_5_20250901_214240_iter5": 3704711398
  },
  "playerIdToUsername": {
    "1384614585": "default",
    "3704711398": "client_container_6175_test_client_test_moonshotai_kimi_k2_iter_5_20250901_214240_iter5"
  }
}