{
  "gameId": "12a1a371-fcaa-415b-be1f-ccc87d4b8a0a",
  "rounds": {
    "0": {
      "pot": 15,
      "bets": {
        "1384614584": 5,
        "3704711397": 10
      },
      "actions": {
        "1384614584": "RAISE",
        "3704711397": "RAISE"
      },
      "action_sequence": [
        {
          "player": 1384614584,
          "action": "RAISE",
          "amount": 5,
          "timestamp": 1756788166602,
          "pot_after_action": 5,
          "side_pots_after_action": [
            {
              "amount": 5,
              "eligible_players": [
                1384614585,
                3704711398
              ]
            }
          ],
          "total_pot_after_action": 5,
          "total_side_pots_after_action": [
            {
              "id": 0,
              "amount": 5,
              "eligible_players": [
                1384614585,
                3704711398
              ]
            }
          ]
        },
        {
          "player": 3704711397,
          "action": "RAISE",
          "amount": 10,
          "timestamp": 1756788166602,
          "pot_after_action": 15,
          "side_pots_after_action": [
            {
              "amount": 10,
              "eligible_players": [
                1384614585,
                3704711398
              ]
            },
            {
              "amount": 5,
              "eligible_players": [
                3704711398
              ]
            }
          ],
          "total_pot_after_action": 15,
          "total_side_pots_after_action": [
            {
              "id": 0,
              "amount": 10,
              "eligible_players": [
                1384614585,
                3704711398
              ]
            },
            {
              "id": 1,
              "amount": 5,
              "eligible_players": [
                3704711398
              ]
            }
          ]
        }
      ],
      "actionTimes": {}
    },
    "1": {
      "pot": 100,
      "bets": {
        "1384614584": 100,
        "3704711397": 0
      },
      "actions": {
        "1384614584": "RAISE",
        "3704711397": "FOLD"
      },
      "action_sequence": [
        {
          "player": 1384614584,
          "action": "RAISE",
          "amount": 100,
          "timestamp": 1756788166605,
          "pot_after_action": 100,
          "side_pots_after_action": [
            {
              "amount": 100,
              "eligible_players": [
                1384614585,
                3704711398
              ]
            }
          ],
          "total_pot_after_action": 115,
          "total_side_pots_after_action": [
            {
              "id": 0,
              "amount": 10,
              "eligible_players": [
                1384614585,
                3704711398
              ]
            },
            {
              "id": 1,
              "amount": 5,
              "eligible_players": [
                3704711398
              ]
            },
            {
              "id": 2,
              "amount": 100,
              "eligible_players": [
                1384614585,
                3704711398
              ]
            }
          ]
        },
        {
          "player": 3704711397,
          "action": "FOLD",
          "amount": 0,
          "timestamp": 1756788166606,
          "pot_after_action": 100,
          "side_pots_after_action": [
            {
              "amount": 100,
              "eligible_players": [
                1384614585,
                3704711398
              ]
            }
          ],
          "total_pot_after_action": 115,
          "total_side_pots_after_action": [
            {
              "id": 0,
              "amount": 10,
              "eligible_players": [
                1384614585,
                3704711398
              ]
            },
            {
              "id": 1,
              "amount": 5,
              "eligible_players": [
                3704711398
              ]
            },
            {
              "id": 2,
              "amount": 100,
              "eligible_players": [
                1384614585,
                3704711398
              ]
            }
          ]
        }
      ],
      "actionTimes": {
        "1384614584": 4,
        "3704711397": 5
      }
    }
  },
  "playerNames": {
    "1384614584": "player1384614585",
    "3704711397": "player3704711398"
  },
  "blinds": {
    "small": 5,
    "big": 10
  },
  "finalBoard": [
    "Jc",
    "2c",
    "7s",
    "7c"
  ],
  "sidePots": [
    {
      "amount": 0,
      "eligible_players": [
        1384614584
      ]
    }
  ],
  "playerMoney": {
    "initialAmount": 10000,
    "startingMoney": {
      "1384614585": 10060,
      "3704711398": 9940
    },
    "startingDelta": {
      "1384614585": 60,
      "3704711398": -60
    },
    "finalDelta": {
      "1384614585": 70,
      "3704711398": -70
    },
    "gameScores": {
      "1384614585": 10,
      "3704711398": -10
    },
    "finalMoney": {
      "1384614585": 10070,
      "3704711398": 9930
    },
    "thisGameDelta": {
      "1384614585": 10,
      "3704711398": -10
    }
  },
  "playerHands": {
    "1384614584": [
      "Th",
      "6c"
    ],
    "3704711397": [
      "Qs",
      "4d"
    ]
  },
  "usernameMapping": {
    "default": 1384614585,
    "client_container_6175_test_client_test_moonshotai_kimi_k2_iter_5_20250901_214240_iter5": 3704711398
  },
  "playerIdToUsername": {
    "1384614585": "default",
    "3704711398": "client_container_6175_test_client_test_moonshotai_kimi_k2_iter_5_20250901_214240_iter5"
  }
}