{
  "gameId": "fb24fee9-cd40-492d-946c-a58781ee30ed",
  "rounds": {
    "0": {
      "pot": 15,
      "bets": {
        "3360635019": 5,
        "3766720268": 10
      },
      "actions": {
        "3360635019": "RAISE",
        "3766720268": "RAISE"
      },
      "action_sequence": [
        {
          "player": 3360635019,
          "action": "RAISE",
          "amount": 5,
          "timestamp": 1757779566142,
          "pot_after_action": 5,
          "side_pots_after_action": [
            {
              "amount": 5,
              "eligible_players": [
                3360635020,
                3766720269
              ]
            }
          ],
          "total_pot_after_action": 5,
          "total_side_pots_after_action": [
            {
              "id": 0,
              "amount": 5,
              "eligible_players": [
                3360635020,
                3766720269
              ]
            }
          ]
        },
        {
          "player": 3766720268,
          "action": "RAISE",
          "amount": 10,
          "timestamp": 1757779566142,
          "pot_after_action": 15,
          "side_pots_after_action": [
            {
              "amount": 10,
              "eligible_players": [
                3360635020,
                3766720269
              ]
            },
            {
              "amount": 5,
              "eligible_players": [
                3766720269
              ]
            }
          ],
          "total_pot_after_action": 15,
          "total_side_pots_after_action": [
            {
              "id": 0,
              "amount": 10,
              "eligible_players": [
                3360635020,
                3766720269
              ]
            },
            {
              "id": 1,
              "amount": 5,
              "eligible_players": [
                3766720269
              ]
            }
          ]
        }
      ],
      "actionTimes": {}
    },
    "1": {
      "pot": 100,
      "bets": {
        "3360635019": 100,
        "3766720268": 0
      },
      "actions": {
        "3360635019": "RAISE",
        "3766720268": "FOLD"
      },
      "action_sequence": [
        {
          "player": 3360635019,
          "action": "RAISE",
          "amount": 100,
          "timestamp": 1757779566146,
          "pot_after_action": 100,
          "side_pots_after_action": [
            {
              "amount": 100,
              "eligible_players": [
                3360635020,
                3766720269
              ]
            }
          ],
          "total_pot_after_action": 115,
          "total_side_pots_after_action": [
            {
              "id": 0,
              "amount": 10,
              "eligible_players": [
                3360635020,
                3766720269
              ]
            },
            {
              "id": 1,
              "amount": 5,
              "eligible_players": [
                3766720269
              ]
            },
            {
              "id": 2,
              "amount": 100,
              "eligible_players": [
                3360635020,
                3766720269
              ]
            }
          ]
        },
        {
          "player": 3766720268,
          "action": "FOLD",
          "amount": 0,
          "timestamp": 1757779566147,
          "pot_after_action": 100,
          "side_pots_after_action": [
            {
              "amount": 100,
              "eligible_players": [
                3360635020,
                3766720269
              ]
            }
          ],
          "total_pot_after_action": 115,
          "total_side_pots_after_action": [
            {
              "id": 0,
              "amount": 10,
              "eligible_players": [
                3360635020,
                3766720269
              ]
            },
            {
              "id": 1,
              "amount": 5,
              "eligible_players": [
                3766720269
              ]
            },
            {
              "id": 2,
              "amount": 100,
              "eligible_players": [
                3360635020,
                3766720269
              ]
            }
          ]
        }
      ],
      "actionTimes": {
        "3360635019": 5,
        "3766720268": 6
      }
    }
  },
  "playerNames": {
    "3360635019": "player3360635020",
    "3766720268": "player3766720269"
  },
  "blinds": {
    "small": 5,
    "big": 10
  },
  "finalBoard": [
    "8d",
    "7s",
    "5d",
    "5c"
  ],
  "sidePots": [
    {
      "amount": 0,
      "eligible_players": [
        3360635019
      ]
    }
  ],
  "playerMoney": {
    "initialAmount": 10000,
    "startingMoney": {
      "3360635020": 10000,
      "3766720269": 10000
    },
    "startingDelta": {
      "3360635020": 0,
      "3766720269": 0
    },
    "finalDelta": {
      "3360635020": 10,
      "3766720269": -10
    },
    "gameScores": {
      "3360635020": 10,
      "3766720269": -10
    },
    "finalMoney": {
      "3360635020": 10010,
      "3766720269": 9990
    },
    "thisGameDelta": {
      "3360635020": 10,
      "3766720269": -10
    }
  },
  "playerHands": {
    "3360635019": [
      "Qc",
      "5h"
    ],
    "3766720268": [
      "Ad",
      "9s"
    ]
  },
  "usernameMapping": {
    "default": 3360635020,
    "client_container_6061_test_client_test_openai_o3_pro_iter_2_20250913_120600_iter2": 3766720269
  },
  "playerIdToUsername": {
    "3360635020": "default",
    "3766720269": "client_container_6061_test_client_test_openai_o3_pro_iter_2_20250913_120600_iter2"
  }
}