{
  "gameId": "fb24fee9-cd40-492d-946c-a58781ee30ed",
  "rounds": {
    "0": {
      "pot": 15,
      "bets": {
        "3360635019": 10,
        "3766720268": 5
      },
      "actions": {
        "3766720268": "RAISE",
        "3360635019": "RAISE"
      },
      "action_sequence": [
        {
          "player": 3766720268,
          "action": "RAISE",
          "amount": 5,
          "timestamp": 1757779566638,
          "pot_after_action": 5,
          "side_pots_after_action": [
            {
              "amount": 5,
              "eligible_players": [
                3360635020,
                3766720269
              ]
            }
          ],
          "total_pot_after_action": 5,
          "total_side_pots_after_action": [
            {
              "id": 0,
              "amount": 5,
              "eligible_players": [
                3360635020,
                3766720269
              ]
            }
          ]
        },
        {
          "player": 3360635019,
          "action": "RAISE",
          "amount": 10,
          "timestamp": 1757779566638,
          "pot_after_action": 15,
          "side_pots_after_action": [
            {
              "amount": 10,
              "eligible_players": [
                3360635020,
                3766720269
              ]
            },
            {
              "amount": 5,
              "eligible_players": [
                3360635020
              ]
            }
          ],
          "total_pot_after_action": 15,
          "total_side_pots_after_action": [
            {
              "id": 0,
              "amount": 10,
              "eligible_players": [
                3360635020,
                3766720269
              ]
            },
            {
              "id": 1,
              "amount": 5,
              "eligible_players": [
                3360635020
              ]
            }
          ]
        }
      ],
      "actionTimes": {}
    },
    "1": {
      "pot": 200,
      "bets": {
        "3360635019": 100,
        "3766720268": 100
      },
      "actions": {
        "3766720268": "CALL",
        "3360635019": "RAISE"
      },
      "action_sequence": [
        {
          "player": 3766720268,
          "action": "CHECK",
          "amount": 0,
          "timestamp": 1757779566642,
          "pot_after_action": 0,
          "side_pots_after_action": [
            {
              "amount": 0,
              "eligible_players": [
                3360635020,
                3766720269
              ]
            }
          ],
          "total_pot_after_action": 15,
          "total_side_pots_after_action": [
            {
              "id": 0,
              "amount": 10,
              "eligible_players": [
                3360635020,
                3766720269
              ]
            },
            {
              "id": 1,
              "amount": 5,
              "eligible_players": [
                3360635020
              ]
            },
            {
              "id": 2,
              "amount": 0,
              "eligible_players": [
                3360635020,
                3766720269
              ]
            }
          ]
        },
        {
          "player": 3360635019,
          "action": "RAISE",
          "amount": 100,
          "timestamp": 1757779566643,
          "pot_after_action": 100,
          "side_pots_after_action": [
            {
              "amount": 100,
              "eligible_players": [
                3360635020,
                3766720269
              ]
            }
          ],
          "total_pot_after_action": 115,
          "total_side_pots_after_action": [
            {
              "id": 0,
              "amount": 10,
              "eligible_players": [
                3360635020,
                3766720269
              ]
            },
            {
              "id": 1,
              "amount": 5,
              "eligible_players": [
                3360635020
              ]
            },
            {
              "id": 2,
              "amount": 100,
              "eligible_players": [
                3360635020,
                3766720269
              ]
            }
          ]
        },
        {
          "player": 3766720268,
          "action": "CALL",
          "amount": 100,
          "timestamp": 1757779566683,
          "pot_after_action": 200,
          "side_pots_after_action": [
            {
              "amount": 200,
              "eligible_players": [
                3360635020,
                3766720269
              ]
            }
          ],
          "total_pot_after_action": 215,
          "total_side_pots_after_action": [
            {
              "id": 0,
              "amount": 10,
              "eligible_players": [
                3360635020,
                3766720269
              ]
            },
            {
              "id": 1,
              "amount": 5,
              "eligible_players": [
                3360635020
              ]
            },
            {
              "id": 2,
              "amount": 200,
              "eligible_players": [
                3360635020,
                3766720269
              ]
            }
          ]
        }
      ],
      "actionTimes": {
        "3766720268": 45,
        "3360635019": 5
      }
    },
    "2": {
      "pot": 0,
      "bets": {
        "3360635019": 0,
        "3766720268": 0
      },
      "actions": {
        "3766720268": "CHECK",
        "3360635019": "CHECK"
      },
      "action_sequence": [
        {
          "player": 3766720268,
          "action": "CHECK",
          "amount": 0,
          "timestamp": 1757779566726,
          "pot_after_action": 0,
          "side_pots_after_action": [
            {
              "amount": 0,
              "eligible_players": [
                3360635020,
                3766720269
              ]
            }
          ],
          "total_pot_after_action": 215,
          "total_side_pots_after_action": [
            {
              "id": 0,
              "amount": 10,
              "eligible_players": [
                3360635020,
                3766720269
              ]
            },
            {
              "id": 1,
              "amount": 5,
              "eligible_players": [
                3360635020
              ]
            },
            {
              "id": 2,
              "amount": 200,
              "eligible_players": [
                3360635020,
                3766720269
              ]
            },
            {
              "id": 3,
              "amount": 0,
              "eligible_players": [
                3360635020,
                3766720269
              ]
            }
          ]
        },
        {
          "player": 3360635019,
          "action": "CHECK",
          "amount": 0,
          "timestamp": 1757779566727,
          "pot_after_action": 0,
          "side_pots_after_action": [
            {
              "amount": 0,
              "eligible_players": [
                3360635020,
                3766720269
              ]
            }
          ],
          "total_pot_after_action": 215,
          "total_side_pots_after_action": [
            {
              "id": 0,
              "amount": 10,
              "eligible_players": [
                3360635020,
                3766720269
              ]
            },
            {
              "id": 1,
              "amount": 5,
              "eligible_players": [
                3360635020
              ]
            },
            {
              "id": 2,
              "amount": 200,
              "eligible_players": [
                3360635020,
                3766720269
              ]
            },
            {
              "id": 3,
              "amount": 0,
              "eligible_players": [
                3360635020,
                3766720269
              ]
            }
          ]
        }
      ],
      "actionTimes": {
        "3766720268": 88,
        "3360635019": 89
      }
    },
    "3": {
      "pot": 0,
      "bets": {
        "3360635019": 0,
        "3766720268": 0
      },
      "actions": {
        "3766720268": "CHECK",
        "3360635019": "CHECK"
      },
      "action_sequence": [
        {
          "player": 3766720268,
          "action": "CHECK",
          "amount": 0,
          "timestamp": 1757779566768,
          "pot_after_action": 0,
          "side_pots_after_action": [
            {
              "amount": 0,
              "eligible_players": [
                3360635020,
                3766720269
              ]
            }
          ],
          "total_pot_after_action": 215,
          "total_side_pots_after_action": [
            {
              "id": 0,
              "amount": 10,
              "eligible_players": [
                3360635020,
                3766720269
              ]
            },
            {
              "id": 1,
              "amount": 5,
              "eligible_players": [
                3360635020
              ]
            },
            {
              "id": 2,
              "amount": 200,
              "eligible_players": [
                3360635020,
                3766720269
              ]
            },
            {
              "id": 3,
              "amount": 0,
              "eligible_players": [
                3360635020,
                3766720269
              ]
            },
            {
              "id": 4,
              "amount": 0,
              "eligible_players": [
                3360635020,
                3766720269
              ]
            }
          ]
        },
        {
          "player": 3360635019,
          "action": "CHECK",
          "amount": 0,
          "timestamp": 1757779566770,
          "pot_after_action": 0,
          "side_pots_after_action": [
            {
              "amount": 0,
              "eligible_players": [
                3360635020,
                3766720269
              ]
            }
          ],
          "total_pot_after_action": 215,
          "total_side_pots_after_action": [
            {
              "id": 0,
              "amount": 10,
              "eligible_players": [
                3360635020,
                3766720269
              ]
            },
            {
              "id": 1,
              "amount": 5,
              "eligible_players": [
                3360635020
              ]
            },
            {
              "id": 2,
              "amount": 200,
              "eligible_players": [
                3360635020,
                3766720269
              ]
            },
            {
              "id": 3,
              "amount": 0,
              "eligible_players": [
                3360635020,
                3766720269
              ]
            },
            {
              "id": 4,
              "amount": 0,
              "eligible_players": [
                3360635020,
                3766720269
              ]
            }
          ]
        }
      ],
      "actionTimes": {
        "3766720268": 130,
        "3360635019": 132
      }
    }
  },
  "playerNames": {
    "3360635019": "player3360635020",
    "3766720268": "player3766720269"
  },
  "blinds": {
    "small": 5,
    "big": 10
  },
  "finalBoard": [
    "7c",
    "7d",
    "6s",
    "5h",
    "Ks"
  ],
  "sidePots": [
    {
      "amount": 0,
      "eligible_players": [
        3360635019,
        3766720268
      ]
    }
  ],
  "playerMoney": {
    "initialAmount": 10000,
    "startingMoney": {
      "3360635020": 10150,
      "3766720269": 9850
    },
    "startingDelta": {
      "3360635020": 150,
      "3766720269": -150
    },
    "finalDelta": {
      "3360635020": 255,
      "3766720269": -255
    },
    "gameScores": {
      "3360635020": 105,
      "3766720269": -105
    },
    "finalMoney": {
      "3360635020": 10255,
      "3766720269": 9745
    },
    "thisGameDelta": {
      "3360635020": 105,
      "3766720269": -105
    }
  },
  "playerHands": {
    "3360635019": [
      "8c",
      "8d"
    ],
    "3766720268": [
      "4h",
      "Ac"
    ]
  },
  "usernameMapping": {
    "default": 3360635020,
    "client_container_6061_test_client_test_openai_o3_pro_iter_2_20250913_120600_iter2": 3766720269
  },
  "playerIdToUsername": {
    "3360635020": "default",
    "3766720269": "client_container_6061_test_client_test_openai_o3_pro_iter_2_20250913_120600_iter2"
  }
}