{
  "gameId": "325aa19c-76ad-44c0-aae4-46213f6a07b3",
  "rounds": {
    "0": {
      "pot": 15,
      "bets": {
        "707705075": 10,
        "1001223357": 5
      },
      "actions": {
        "1001223357": "RAISE",
        "707705075": "RAISE"
      },
      "action_sequence": [
        {
          "player": 1001223357,
          "action": "RAISE",
          "amount": 5,
          "timestamp": 1757646205627,
          "pot_after_action": 5,
          "side_pots_after_action": [
            {
              "amount": 5,
              "eligible_players": [
                707705076,
                1001223358
              ]
            }
          ],
          "total_pot_after_action": 5,
          "total_side_pots_after_action": [
            {
              "id": 0,
              "amount": 5,
              "eligible_players": [
                707705076,
                1001223358
              ]
            }
          ]
        },
        {
          "player": 707705075,
          "action": "RAISE",
          "amount": 10,
          "timestamp": 1757646205627,
          "pot_after_action": 15,
          "side_pots_after_action": [
            {
              "amount": 10,
              "eligible_players": [
                707705076,
                1001223358
              ]
            },
            {
              "amount": 5,
              "eligible_players": [
                707705076
              ]
            }
          ],
          "total_pot_after_action": 15,
          "total_side_pots_after_action": [
            {
              "id": 0,
              "amount": 10,
              "eligible_players": [
                707705076,
                1001223358
              ]
            },
            {
              "id": 1,
              "amount": 5,
              "eligible_players": [
                707705076
              ]
            }
          ]
        }
      ],
      "actionTimes": {}
    },
    "1": {
      "pot": 100,
      "bets": {
        "707705075": 100,
        "1001223357": 0
      },
      "actions": {
        "1001223357": "FOLD",
        "707705075": "RAISE"
      },
      "action_sequence": [
        {
          "player": 1001223357,
          "action": "CHECK",
          "amount": 0,
          "timestamp": 1757646205631,
          "pot_after_action": 0,
          "side_pots_after_action": [
            {
              "amount": 0,
              "eligible_players": [
                707705076,
                1001223358
              ]
            }
          ],
          "total_pot_after_action": 15,
          "total_side_pots_after_action": [
            {
              "id": 0,
              "amount": 10,
              "eligible_players": [
                707705076,
                1001223358
              ]
            },
            {
              "id": 1,
              "amount": 5,
              "eligible_players": [
                707705076
              ]
            },
            {
              "id": 2,
              "amount": 0,
              "eligible_players": [
                707705076,
                1001223358
              ]
            }
          ]
        },
        {
          "player": 707705075,
          "action": "RAISE",
          "amount": 100,
          "timestamp": 1757646205632,
          "pot_after_action": 100,
          "side_pots_after_action": [
            {
              "amount": 100,
              "eligible_players": [
                707705076,
                1001223358
              ]
            }
          ],
          "total_pot_after_action": 115,
          "total_side_pots_after_action": [
            {
              "id": 0,
              "amount": 10,
              "eligible_players": [
                707705076,
                1001223358
              ]
            },
            {
              "id": 1,
              "amount": 5,
              "eligible_players": [
                707705076
              ]
            },
            {
              "id": 2,
              "amount": 100,
              "eligible_players": [
                707705076,
                1001223358
              ]
            }
          ]
        },
        {
          "player": 1001223357,
          "action": "FOLD",
          "amount": 0,
          "timestamp": 1757646205672,
          "pot_after_action": 100,
          "side_pots_after_action": [
            {
              "amount": 100,
              "eligible_players": [
                707705076,
                1001223358
              ]
            }
          ],
          "total_pot_after_action": 115,
          "total_side_pots_after_action": [
            {
              "id": 0,
              "amount": 10,
              "eligible_players": [
                707705076,
                1001223358
              ]
            },
            {
              "id": 1,
              "amount": 5,
              "eligible_players": [
                707705076
              ]
            },
            {
              "id": 2,
              "amount": 100,
              "eligible_players": [
                707705076,
                1001223358
              ]
            }
          ]
        }
      ],
      "actionTimes": {
        "1001223357": 45,
        "707705075": 5
      }
    }
  },
  "playerNames": {
    "707705075": "player707705076",
    "1001223357": "player1001223358"
  },
  "blinds": {
    "small": 5,
    "big": 10
  },
  "finalBoard": [
    "9h",
    "9s",
    "7c",
    "Qh"
  ],
  "sidePots": [
    {
      "amount": 0,
      "eligible_players": [
        707705075
      ]
    }
  ],
  "playerMoney": {
    "initialAmount": 10000,
    "startingMoney": {
      "707705076": 10025,
      "1001223358": 9975
    },
    "startingDelta": {
      "707705076": 25,
      "1001223358": -25
    },
    "finalDelta": {
      "707705076": 30,
      "1001223358": -30
    },
    "gameScores": {
      "707705076": 5,
      "1001223358": -5
    },
    "finalMoney": {
      "707705076": 10030,
      "1001223358": 9970
    },
    "thisGameDelta": {
      "707705076": 5,
      "1001223358": -5
    }
  },
  "playerHands": {
    "707705075": [
      "7d",
      "2c"
    ],
    "1001223357": [
      "Ts",
      "6d"
    ]
  },
  "usernameMapping": {
    "default": 707705076,
    "client_container_6627_test_client_test_openai_o3_pro_iter_2_20250911_200319_iter2": 1001223358
  },
  "playerIdToUsername": {
    "707705076": "default",
    "1001223358": "client_container_6627_test_client_test_openai_o3_pro_iter_2_20250911_200319_iter2"
  }
}