{
  "gameId": "325aa19c-76ad-44c0-aae4-46213f6a07b3",
  "rounds": {
    "0": {
      "pot": 15,
      "bets": {
        "707705075": 5,
        "1001223357": 10
      },
      "actions": {
        "707705075": "RAISE",
        "1001223357": "RAISE"
      },
      "action_sequence": [
        {
          "player": 707705075,
          "action": "RAISE",
          "amount": 5,
          "timestamp": 1757646205839,
          "pot_after_action": 5,
          "side_pots_after_action": [
            {
              "amount": 5,
              "eligible_players": [
                707705076,
                1001223358
              ]
            }
          ],
          "total_pot_after_action": 5,
          "total_side_pots_after_action": [
            {
              "id": 0,
              "amount": 5,
              "eligible_players": [
                707705076,
                1001223358
              ]
            }
          ]
        },
        {
          "player": 1001223357,
          "action": "RAISE",
          "amount": 10,
          "timestamp": 1757646205839,
          "pot_after_action": 15,
          "side_pots_after_action": [
            {
              "amount": 10,
              "eligible_players": [
                707705076,
                1001223358
              ]
            },
            {
              "amount": 5,
              "eligible_players": [
                1001223358
              ]
            }
          ],
          "total_pot_after_action": 15,
          "total_side_pots_after_action": [
            {
              "id": 0,
              "amount": 10,
              "eligible_players": [
                707705076,
                1001223358
              ]
            },
            {
              "id": 1,
              "amount": 5,
              "eligible_players": [
                1001223358
              ]
            }
          ]
        }
      ],
      "actionTimes": {}
    },
    "1": {
      "pot": 100,
      "bets": {
        "707705075": 100,
        "1001223357": 0
      },
      "actions": {
        "707705075": "RAISE",
        "1001223357": "FOLD"
      },
      "action_sequence": [
        {
          "player": 707705075,
          "action": "RAISE",
          "amount": 100,
          "timestamp": 1757646205841,
          "pot_after_action": 100,
          "side_pots_after_action": [
            {
              "amount": 100,
              "eligible_players": [
                707705076,
                1001223358
              ]
            }
          ],
          "total_pot_after_action": 115,
          "total_side_pots_after_action": [
            {
              "id": 0,
              "amount": 10,
              "eligible_players": [
                707705076,
                1001223358
              ]
            },
            {
              "id": 1,
              "amount": 5,
              "eligible_players": [
                1001223358
              ]
            },
            {
              "id": 2,
              "amount": 100,
              "eligible_players": [
                707705076,
                1001223358
              ]
            }
          ]
        },
        {
          "player": 1001223357,
          "action": "FOLD",
          "amount": 0,
          "timestamp": 1757646205882,
          "pot_after_action": 100,
          "side_pots_after_action": [
            {
              "amount": 100,
              "eligible_players": [
                707705076,
                1001223358
              ]
            }
          ],
          "total_pot_after_action": 115,
          "total_side_pots_after_action": [
            {
              "id": 0,
              "amount": 10,
              "eligible_players": [
                707705076,
                1001223358
              ]
            },
            {
              "id": 1,
              "amount": 5,
              "eligible_players": [
                1001223358
              ]
            },
            {
              "id": 2,
              "amount": 100,
              "eligible_players": [
                707705076,
                1001223358
              ]
            }
          ]
        }
      ],
      "actionTimes": {
        "707705075": 2,
        "1001223357": 43
      }
    }
  },
  "playerNames": {
    "707705075": "player707705076",
    "1001223357": "player1001223358"
  },
  "blinds": {
    "small": 5,
    "big": 10
  },
  "finalBoard": [
    "7d",
    "Jd",
    "7h",
    "Qc"
  ],
  "sidePots": [
    {
      "amount": 0,
      "eligible_players": [
        707705075
      ]
    }
  ],
  "playerMoney": {
    "initialAmount": 10000,
    "startingMoney": {
      "707705076": 10045,
      "1001223358": 9955
    },
    "startingDelta": {
      "707705076": 45,
      "1001223358": -45
    },
    "finalDelta": {
      "707705076": 55,
      "1001223358": -55
    },
    "gameScores": {
      "707705076": 10,
      "1001223358": -10
    },
    "finalMoney": {
      "707705076": 10055,
      "1001223358": 9945
    },
    "thisGameDelta": {
      "707705076": 10,
      "1001223358": -10
    }
  },
  "playerHands": {
    "707705075": [
      "8s",
      "Ts"
    ],
    "1001223357": [
      "Th",
      "8d"
    ]
  },
  "usernameMapping": {
    "default": 707705076,
    "client_container_6627_test_client_test_openai_o3_pro_iter_2_20250911_200319_iter2": 1001223358
  },
  "playerIdToUsername": {
    "707705076": "default",
    "1001223358": "client_container_6627_test_client_test_openai_o3_pro_iter_2_20250911_200319_iter2"
  }
}