{
  "gameId": "8ceb3aef-5e04-497b-9a1d-aec31d46323b",
  "rounds": {
    "0": {
      "pot": 15,
      "bets": {
        "3152244756": 5,
        "1887978813": 10
      },
      "actions": {
        "3152244756": "RAISE",
        "1887978813": "RAISE"
      },
      "action_sequence": [
        {
          "player": 3152244756,
          "action": "RAISE",
          "amount": 5,
          "timestamp": 1757873488538,
          "pot_after_action": 5,
          "side_pots_after_action": [
            {
              "amount": 5,
              "eligible_players": [
                3152244757,
                1887978814
              ]
            }
          ],
          "total_pot_after_action": 5,
          "total_side_pots_after_action": [
            {
              "id": 0,
              "amount": 5,
              "eligible_players": [
                3152244757,
                1887978814
              ]
            }
          ]
        },
        {
          "player": 1887978813,
          "action": "RAISE",
          "amount": 10,
          "timestamp": 1757873488538,
          "pot_after_action": 15,
          "side_pots_after_action": [
            {
              "amount": 10,
              "eligible_players": [
                3152244757,
                1887978814
              ]
            },
            {
              "amount": 5,
              "eligible_players": [
                1887978814
              ]
            }
          ],
          "total_pot_after_action": 15,
          "total_side_pots_after_action": [
            {
              "id": 0,
              "amount": 10,
              "eligible_players": [
                3152244757,
                1887978814
              ]
            },
            {
              "id": 1,
              "amount": 5,
              "eligible_players": [
                1887978814
              ]
            }
          ]
        }
      ],
      "actionTimes": {}
    },
    "1": {
      "pot": 100,
      "bets": {
        "3152244756": 100,
        "1887978813": 0
      },
      "actions": {
        "3152244756": "RAISE",
        "1887978813": "FOLD"
      },
      "action_sequence": [
        {
          "player": 3152244756,
          "action": "RAISE",
          "amount": 100,
          "timestamp": 1757873488542,
          "pot_after_action": 100,
          "side_pots_after_action": [
            {
              "amount": 100,
              "eligible_players": [
                3152244757,
                1887978814
              ]
            }
          ],
          "total_pot_after_action": 115,
          "total_side_pots_after_action": [
            {
              "id": 0,
              "amount": 10,
              "eligible_players": [
                3152244757,
                1887978814
              ]
            },
            {
              "id": 1,
              "amount": 5,
              "eligible_players": [
                1887978814
              ]
            },
            {
              "id": 2,
              "amount": 100,
              "eligible_players": [
                3152244757,
                1887978814
              ]
            }
          ]
        },
        {
          "player": 1887978813,
          "action": "FOLD",
          "amount": 0,
          "timestamp": 1757873488581,
          "pot_after_action": 100,
          "side_pots_after_action": [
            {
              "amount": 100,
              "eligible_players": [
                3152244757,
                1887978814
              ]
            }
          ],
          "total_pot_after_action": 115,
          "total_side_pots_after_action": [
            {
              "id": 0,
              "amount": 10,
              "eligible_players": [
                3152244757,
                1887978814
              ]
            },
            {
              "id": 1,
              "amount": 5,
              "eligible_players": [
                1887978814
              ]
            },
            {
              "id": 2,
              "amount": 100,
              "eligible_players": [
                3152244757,
                1887978814
              ]
            }
          ]
        }
      ],
      "actionTimes": {
        "3152244756": 4,
        "1887978813": 43
      }
    }
  },
  "playerNames": {
    "3152244756": "player3152244757",
    "1887978813": "player1887978814"
  },
  "blinds": {
    "small": 5,
    "big": 10
  },
  "finalBoard": [
    "7h",
    "3d",
    "2c",
    "2s"
  ],
  "sidePots": [
    {
      "amount": 0,
      "eligible_players": [
        3152244756
      ]
    }
  ],
  "playerMoney": {
    "initialAmount": 10000,
    "startingMoney": {
      "3152244757": 10060,
      "1887978814": 9940
    },
    "startingDelta": {
      "3152244757": 60,
      "1887978814": -60
    },
    "finalDelta": {
      "3152244757": 70,
      "1887978814": -70
    },
    "gameScores": {
      "3152244757": 10,
      "1887978814": -10
    },
    "finalMoney": {
      "3152244757": 10070,
      "1887978814": 9930
    },
    "thisGameDelta": {
      "3152244757": 10,
      "1887978814": -10
    }
  },
  "playerHands": {
    "3152244756": [
      "Qd",
      "Ah"
    ],
    "1887978813": [
      "8c",
      "8d"
    ]
  },
  "usernameMapping": {
    "default": 3152244757,
    "client_container_6607_test_client_test_hermes_hermes_4_405b_iter_2_20250914_141122_iter2": 1887978814
  },
  "playerIdToUsername": {
    "3152244757": "default",
    "1887978814": "client_container_6607_test_client_test_hermes_hermes_4_405b_iter_2_20250914_141122_iter2"
  }
}