{
  "gameId": "4c5f855a-b329-4e71-90ef-65165a640c39",
  "rounds": {
    "0": {
      "pot": 15,
      "bets": {
        "4104771086": 10,
        "1468080527": 5
      },
      "actions": {
        "1468080527": "RAISE",
        "4104771086": "RAISE"
      },
      "action_sequence": [
        {
          "player": 1468080527,
          "action": "RAISE",
          "amount": 5,
          "timestamp": 1757871027346,
          "pot_after_action": 5,
          "side_pots_after_action": [
            {
              "amount": 5,
              "eligible_players": [
                1468080528,
                4104771087
              ]
            }
          ],
          "total_pot_after_action": 5,
          "total_side_pots_after_action": [
            {
              "id": 0,
              "amount": 5,
              "eligible_players": [
                1468080528,
                4104771087
              ]
            }
          ]
        },
        {
          "player": 4104771086,
          "action": "RAISE",
          "amount": 10,
          "timestamp": 1757871027346,
          "pot_after_action": 15,
          "side_pots_after_action": [
            {
              "amount": 10,
              "eligible_players": [
                1468080528,
                4104771087
              ]
            },
            {
              "amount": 5,
              "eligible_players": [
                4104771087
              ]
            }
          ],
          "total_pot_after_action": 15,
          "total_side_pots_after_action": [
            {
              "id": 0,
              "amount": 10,
              "eligible_players": [
                1468080528,
                4104771087
              ]
            },
            {
              "id": 1,
              "amount": 5,
              "eligible_players": [
                4104771087
              ]
            }
          ]
        }
      ],
      "actionTimes": {}
    },
    "1": {
      "pot": 302,
      "bets": {
        "4104771086": 151,
        "1468080527": 151
      },
      "actions": {
        "1468080527": "RAISE",
        "4104771086": "CALL"
      },
      "action_sequence": [
        {
          "player": 1468080527,
          "action": "CALL",
          "amount": 0,
          "timestamp": 1757871027351,
          "pot_after_action": 0,
          "side_pots_after_action": [
            {
              "amount": 0,
              "eligible_players": [
                1468080528,
                4104771087
              ]
            }
          ],
          "total_pot_after_action": 15,
          "total_side_pots_after_action": [
            {
              "id": 0,
              "amount": 10,
              "eligible_players": [
                1468080528,
                4104771087
              ]
            },
            {
              "id": 1,
              "amount": 5,
              "eligible_players": [
                4104771087
              ]
            },
            {
              "id": 2,
              "amount": 0,
              "eligible_players": [
                1468080528,
                4104771087
              ]
            }
          ]
        },
        {
          "player": 4104771086,
          "action": "RAISE",
          "amount": 100,
          "timestamp": 1757871027392,
          "pot_after_action": 100,
          "side_pots_after_action": [
            {
              "amount": 100,
              "eligible_players": [
                1468080528,
                4104771087
              ]
            }
          ],
          "total_pot_after_action": 115,
          "total_side_pots_after_action": [
            {
              "id": 0,
              "amount": 10,
              "eligible_players": [
                1468080528,
                4104771087
              ]
            },
            {
              "id": 1,
              "amount": 5,
              "eligible_players": [
                4104771087
              ]
            },
            {
              "id": 2,
              "amount": 100,
              "eligible_players": [
                1468080528,
                4104771087
              ]
            }
          ]
        },
        {
          "player": 1468080527,
          "action": "RAISE",
          "amount": 151,
          "timestamp": 1757871027394,
          "pot_after_action": 251,
          "side_pots_after_action": [
            {
              "amount": 200,
              "eligible_players": [
                1468080528,
                4104771087
              ]
            },
            {
              "amount": 51,
              "eligible_players": [
                1468080528
              ]
            }
          ],
          "total_pot_after_action": 266,
          "total_side_pots_after_action": [
            {
              "id": 0,
              "amount": 10,
              "eligible_players": [
                1468080528,
                4104771087
              ]
            },
            {
              "id": 1,
              "amount": 5,
              "eligible_players": [
                4104771087
              ]
            },
            {
              "id": 2,
              "amount": 200,
              "eligible_players": [
                1468080528,
                4104771087
              ]
            },
            {
              "id": 3,
              "amount": 51,
              "eligible_players": [
                1468080528
              ]
            }
          ]
        },
        {
          "player": 4104771086,
          "action": "CALL",
          "amount": 51,
          "timestamp": 1757871027435,
          "pot_after_action": 302,
          "side_pots_after_action": [
            {
              "amount": 302,
              "eligible_players": [
                1468080528,
                4104771087
              ]
            }
          ],
          "total_pot_after_action": 317,
          "total_side_pots_after_action": [
            {
              "id": 0,
              "amount": 10,
              "eligible_players": [
                1468080528,
                4104771087
              ]
            },
            {
              "id": 1,
              "amount": 5,
              "eligible_players": [
                4104771087
              ]
            },
            {
              "id": 2,
              "amount": 302,
              "eligible_players": [
                1468080528,
                4104771087
              ]
            }
          ]
        }
      ],
      "actionTimes": {
        "1468080527": 48,
        "4104771086": 89
      }
    },
    "2": {
      "pot": 0,
      "bets": {
        "4104771086": 0,
        "1468080527": 0
      },
      "actions": {
        "1468080527": "CALL",
        "4104771086": "CHECK"
      },
      "action_sequence": [
        {
          "player": 1468080527,
          "action": "CALL",
          "amount": 0,
          "timestamp": 1757871027437,
          "pot_after_action": 0,
          "side_pots_after_action": [
            {
              "amount": 0,
              "eligible_players": [
                1468080528,
                4104771087
              ]
            }
          ],
          "total_pot_after_action": 317,
          "total_side_pots_after_action": [
            {
              "id": 0,
              "amount": 10,
              "eligible_players": [
                1468080528,
                4104771087
              ]
            },
            {
              "id": 1,
              "amount": 5,
              "eligible_players": [
                4104771087
              ]
            },
            {
              "id": 2,
              "amount": 302,
              "eligible_players": [
                1468080528,
                4104771087
              ]
            },
            {
              "id": 3,
              "amount": 0,
              "eligible_players": [
                1468080528,
                4104771087
              ]
            }
          ]
        },
        {
          "player": 4104771086,
          "action": "CHECK",
          "amount": 0,
          "timestamp": 1757871027478,
          "pot_after_action": 0,
          "side_pots_after_action": [
            {
              "amount": 0,
              "eligible_players": [
                1468080528,
                4104771087
              ]
            }
          ],
          "total_pot_after_action": 317,
          "total_side_pots_after_action": [
            {
              "id": 0,
              "amount": 10,
              "eligible_players": [
                1468080528,
                4104771087
              ]
            },
            {
              "id": 1,
              "amount": 5,
              "eligible_players": [
                4104771087
              ]
            },
            {
              "id": 2,
              "amount": 302,
              "eligible_players": [
                1468080528,
                4104771087
              ]
            },
            {
              "id": 3,
              "amount": 0,
              "eligible_players": [
                1468080528,
                4104771087
              ]
            }
          ]
        }
      ],
      "actionTimes": {
        "1468080527": 91,
        "4104771086": 132
      }
    },
    "3": {
      "pot": 0,
      "bets": {
        "4104771086": 0,
        "1468080527": 0
      },
      "actions": {
        "1468080527": "CALL",
        "4104771086": "CHECK"
      },
      "action_sequence": [
        {
          "player": 1468080527,
          "action": "CALL",
          "amount": 0,
          "timestamp": 1757871027480,
          "pot_after_action": 0,
          "side_pots_after_action": [
            {
              "amount": 0,
              "eligible_players": [
                1468080528,
                4104771087
              ]
            }
          ],
          "total_pot_after_action": 317,
          "total_side_pots_after_action": [
            {
              "id": 0,
              "amount": 10,
              "eligible_players": [
                1468080528,
                4104771087
              ]
            },
            {
              "id": 1,
              "amount": 5,
              "eligible_players": [
                4104771087
              ]
            },
            {
              "id": 2,
              "amount": 302,
              "eligible_players": [
                1468080528,
                4104771087
              ]
            },
            {
              "id": 3,
              "amount": 0,
              "eligible_players": [
                1468080528,
                4104771087
              ]
            },
            {
              "id": 4,
              "amount": 0,
              "eligible_players": [
                1468080528,
                4104771087
              ]
            }
          ]
        },
        {
          "player": 4104771086,
          "action": "CHECK",
          "amount": 0,
          "timestamp": 1757871027524,
          "pot_after_action": 0,
          "side_pots_after_action": [
            {
              "amount": 0,
              "eligible_players": [
                1468080528,
                4104771087
              ]
            }
          ],
          "total_pot_after_action": 317,
          "total_side_pots_after_action": [
            {
              "id": 0,
              "amount": 10,
              "eligible_players": [
                1468080528,
                4104771087
              ]
            },
            {
              "id": 1,
              "amount": 5,
              "eligible_players": [
                4104771087
              ]
            },
            {
              "id": 2,
              "amount": 302,
              "eligible_players": [
                1468080528,
                4104771087
              ]
            },
            {
              "id": 3,
              "amount": 0,
              "eligible_players": [
                1468080528,
                4104771087
              ]
            },
            {
              "id": 4,
              "amount": 0,
              "eligible_players": [
                1468080528,
                4104771087
              ]
            }
          ]
        }
      ],
      "actionTimes": {
        "1468080527": 134,
        "4104771086": 178
      }
    }
  },
  "playerNames": {
    "4104771086": "player4104771087",
    "1468080527": "player1468080528"
  },
  "blinds": {
    "small": 5,
    "big": 10
  },
  "finalBoard": [
    "5h",
    "7d",
    "Qh",
    "9d",
    "4c"
  ],
  "sidePots": [
    {
      "amount": 0,
      "eligible_players": [
        1468080527,
        4104771086
      ]
    }
  ],
  "playerMoney": {
    "initialAmount": 10000,
    "startingMoney": {
      "4104771087": 9708,
      "1468080528": 10292
    },
    "startingDelta": {
      "4104771087": -292,
      "1468080528": 292
    },
    "finalDelta": {
      "4104771087": -448,
      "1468080528": 448
    },
    "gameScores": {
      "4104771087": -156,
      "1468080528": 156
    },
    "finalMoney": {
      "4104771087": 9552,
      "1468080528": 10448
    },
    "thisGameDelta": {
      "4104771087": -156,
      "1468080528": 156
    }
  },
  "playerHands": {
    "4104771086": [
      "Ah",
      "6d"
    ],
    "1468080527": [
      "7c",
      "Qd"
    ]
  },
  "usernameMapping": {
    "default": 4104771087,
    "client_container_6933_test_client_test_x_ai_grok_4_iter_3_20250914_133020_iter3": 1468080528
  },
  "playerIdToUsername": {
    "4104771087": "default",
    "1468080528": "client_container_6933_test_client_test_x_ai_grok_4_iter_3_20250914_133020_iter3"
  }
}