{
  "gameId": "4c5f855a-b329-4e71-90ef-65165a640c39",
  "rounds": {
    "0": {
      "pot": 15,
      "bets": {
        "4104771086": 5,
        "1468080527": 10
      },
      "actions": {
        "4104771086": "RAISE",
        "1468080527": "RAISE"
      },
      "action_sequence": [
        {
          "player": 4104771086,
          "action": "RAISE",
          "amount": 5,
          "timestamp": 1757871026881,
          "pot_after_action": 5,
          "side_pots_after_action": [
            {
              "amount": 5,
              "eligible_players": [
                1468080528,
                4104771087
              ]
            }
          ],
          "total_pot_after_action": 5,
          "total_side_pots_after_action": [
            {
              "id": 0,
              "amount": 5,
              "eligible_players": [
                1468080528,
                4104771087
              ]
            }
          ]
        },
        {
          "player": 1468080527,
          "action": "RAISE",
          "amount": 10,
          "timestamp": 1757871026881,
          "pot_after_action": 15,
          "side_pots_after_action": [
            {
              "amount": 10,
              "eligible_players": [
                1468080528,
                4104771087
              ]
            },
            {
              "amount": 5,
              "eligible_players": [
                1468080528
              ]
            }
          ],
          "total_pot_after_action": 15,
          "total_side_pots_after_action": [
            {
              "id": 0,
              "amount": 10,
              "eligible_players": [
                1468080528,
                4104771087
              ]
            },
            {
              "id": 1,
              "amount": 5,
              "eligible_players": [
                1468080528
              ]
            }
          ]
        }
      ],
      "actionTimes": {}
    },
    "1": {
      "pot": 100,
      "bets": {
        "4104771086": 100,
        "1468080527": 0
      },
      "actions": {
        "4104771086": "RAISE",
        "1468080527": "FOLD"
      },
      "action_sequence": [
        {
          "player": 4104771086,
          "action": "RAISE",
          "amount": 100,
          "timestamp": 1757871026884,
          "pot_after_action": 100,
          "side_pots_after_action": [
            {
              "amount": 100,
              "eligible_players": [
                1468080528,
                4104771087
              ]
            }
          ],
          "total_pot_after_action": 115,
          "total_side_pots_after_action": [
            {
              "id": 0,
              "amount": 10,
              "eligible_players": [
                1468080528,
                4104771087
              ]
            },
            {
              "id": 1,
              "amount": 5,
              "eligible_players": [
                1468080528
              ]
            },
            {
              "id": 2,
              "amount": 100,
              "eligible_players": [
                1468080528,
                4104771087
              ]
            }
          ]
        },
        {
          "player": 1468080527,
          "action": "FOLD",
          "amount": 0,
          "timestamp": 1757871026886,
          "pot_after_action": 100,
          "side_pots_after_action": [
            {
              "amount": 100,
              "eligible_players": [
                1468080528,
                4104771087
              ]
            }
          ],
          "total_pot_after_action": 115,
          "total_side_pots_after_action": [
            {
              "id": 0,
              "amount": 10,
              "eligible_players": [
                1468080528,
                4104771087
              ]
            },
            {
              "id": 1,
              "amount": 5,
              "eligible_players": [
                1468080528
              ]
            },
            {
              "id": 2,
              "amount": 100,
              "eligible_players": [
                1468080528,
                4104771087
              ]
            }
          ]
        }
      ],
      "actionTimes": {
        "4104771086": 5,
        "1468080527": 7
      }
    }
  },
  "playerNames": {
    "4104771086": "player4104771087",
    "1468080527": "player1468080528"
  },
  "blinds": {
    "small": 5,
    "big": 10
  },
  "finalBoard": [
    "4d",
    "Ts",
    "Ac",
    "As"
  ],
  "sidePots": [
    {
      "amount": 0,
      "eligible_players": [
        4104771086
      ]
    }
  ],
  "playerMoney": {
    "initialAmount": 10000,
    "startingMoney": {
      "4104771087": 10000,
      "1468080528": 10000
    },
    "startingDelta": {
      "4104771087": 0,
      "1468080528": 0
    },
    "finalDelta": {
      "4104771087": 10,
      "1468080528": -10
    },
    "gameScores": {
      "4104771087": 10,
      "1468080528": -10
    },
    "finalMoney": {
      "4104771087": 10010,
      "1468080528": 9990
    },
    "thisGameDelta": {
      "4104771087": 10,
      "1468080528": -10
    }
  },
  "playerHands": {
    "4104771086": [
      "6s",
      "Jh"
    ],
    "1468080527": [
      "Kc",
      "2c"
    ]
  },
  "usernameMapping": {
    "default": 4104771087,
    "client_container_6933_test_client_test_x_ai_grok_4_iter_3_20250914_133020_iter3": 1468080528
  },
  "playerIdToUsername": {
    "4104771087": "default",
    "1468080528": "client_container_6933_test_client_test_x_ai_grok_4_iter_3_20250914_133020_iter3"
  }
}