{
  "gameId": "4c5f855a-b329-4e71-90ef-65165a640c39",
  "rounds": {
    "0": {
      "pot": 15,
      "bets": {
        "4104771086": 5,
        "1468080527": 10
      },
      "actions": {
        "4104771086": "RAISE",
        "1468080527": "RAISE"
      },
      "action_sequence": [
        {
          "player": 4104771086,
          "action": "RAISE",
          "amount": 5,
          "timestamp": 1757871026998,
          "pot_after_action": 5,
          "side_pots_after_action": [
            {
              "amount": 5,
              "eligible_players": [
                1468080528,
                4104771087
              ]
            }
          ],
          "total_pot_after_action": 5,
          "total_side_pots_after_action": [
            {
              "id": 0,
              "amount": 5,
              "eligible_players": [
                1468080528,
                4104771087
              ]
            }
          ]
        },
        {
          "player": 1468080527,
          "action": "RAISE",
          "amount": 10,
          "timestamp": 1757871026998,
          "pot_after_action": 15,
          "side_pots_after_action": [
            {
              "amount": 10,
              "eligible_players": [
                1468080528,
                4104771087
              ]
            },
            {
              "amount": 5,
              "eligible_players": [
                1468080528
              ]
            }
          ],
          "total_pot_after_action": 15,
          "total_side_pots_after_action": [
            {
              "id": 0,
              "amount": 10,
              "eligible_players": [
                1468080528,
                4104771087
              ]
            },
            {
              "id": 1,
              "amount": 5,
              "eligible_players": [
                1468080528
              ]
            }
          ]
        }
      ],
      "actionTimes": {}
    },
    "1": {
      "pot": 302,
      "bets": {
        "4104771086": 151,
        "1468080527": 151
      },
      "actions": {
        "4104771086": "CALL",
        "1468080527": "RAISE"
      },
      "action_sequence": [
        {
          "player": 4104771086,
          "action": "RAISE",
          "amount": 100,
          "timestamp": 1757871027001,
          "pot_after_action": 100,
          "side_pots_after_action": [
            {
              "amount": 100,
              "eligible_players": [
                1468080528,
                4104771087
              ]
            }
          ],
          "total_pot_after_action": 115,
          "total_side_pots_after_action": [
            {
              "id": 0,
              "amount": 10,
              "eligible_players": [
                1468080528,
                4104771087
              ]
            },
            {
              "id": 1,
              "amount": 5,
              "eligible_players": [
                1468080528
              ]
            },
            {
              "id": 2,
              "amount": 100,
              "eligible_players": [
                1468080528,
                4104771087
              ]
            }
          ]
        },
        {
          "player": 1468080527,
          "action": "RAISE",
          "amount": 151,
          "timestamp": 1757871027039,
          "pot_after_action": 251,
          "side_pots_after_action": [
            {
              "amount": 200,
              "eligible_players": [
                1468080528,
                4104771087
              ]
            },
            {
              "amount": 51,
              "eligible_players": [
                1468080528
              ]
            }
          ],
          "total_pot_after_action": 266,
          "total_side_pots_after_action": [
            {
              "id": 0,
              "amount": 10,
              "eligible_players": [
                1468080528,
                4104771087
              ]
            },
            {
              "id": 1,
              "amount": 5,
              "eligible_players": [
                1468080528
              ]
            },
            {
              "id": 2,
              "amount": 200,
              "eligible_players": [
                1468080528,
                4104771087
              ]
            },
            {
              "id": 3,
              "amount": 51,
              "eligible_players": [
                1468080528
              ]
            }
          ]
        },
        {
          "player": 4104771086,
          "action": "CALL",
          "amount": 51,
          "timestamp": 1757871027042,
          "pot_after_action": 302,
          "side_pots_after_action": [
            {
              "amount": 302,
              "eligible_players": [
                1468080528,
                4104771087
              ]
            }
          ],
          "total_pot_after_action": 317,
          "total_side_pots_after_action": [
            {
              "id": 0,
              "amount": 10,
              "eligible_players": [
                1468080528,
                4104771087
              ]
            },
            {
              "id": 1,
              "amount": 5,
              "eligible_players": [
                1468080528
              ]
            },
            {
              "id": 2,
              "amount": 302,
              "eligible_players": [
                1468080528,
                4104771087
              ]
            }
          ]
        }
      ],
      "actionTimes": {
        "4104771086": 44,
        "1468080527": 41
      }
    },
    "2": {
      "pot": 0,
      "bets": {
        "4104771086": 0,
        "1468080527": 0
      },
      "actions": {
        "4104771086": "CHECK",
        "1468080527": "CALL"
      },
      "action_sequence": [
        {
          "player": 4104771086,
          "action": "CHECK",
          "amount": 0,
          "timestamp": 1757871027085,
          "pot_after_action": 0,
          "side_pots_after_action": [
            {
              "amount": 0,
              "eligible_players": [
                1468080528,
                4104771087
              ]
            }
          ],
          "total_pot_after_action": 317,
          "total_side_pots_after_action": [
            {
              "id": 0,
              "amount": 10,
              "eligible_players": [
                1468080528,
                4104771087
              ]
            },
            {
              "id": 1,
              "amount": 5,
              "eligible_players": [
                1468080528
              ]
            },
            {
              "id": 2,
              "amount": 302,
              "eligible_players": [
                1468080528,
                4104771087
              ]
            },
            {
              "id": 3,
              "amount": 0,
              "eligible_players": [
                1468080528,
                4104771087
              ]
            }
          ]
        },
        {
          "player": 1468080527,
          "action": "CALL",
          "amount": 0,
          "timestamp": 1757871027086,
          "pot_after_action": 0,
          "side_pots_after_action": [
            {
              "amount": 0,
              "eligible_players": [
                1468080528,
                4104771087
              ]
            }
          ],
          "total_pot_after_action": 317,
          "total_side_pots_after_action": [
            {
              "id": 0,
              "amount": 10,
              "eligible_players": [
                1468080528,
                4104771087
              ]
            },
            {
              "id": 1,
              "amount": 5,
              "eligible_players": [
                1468080528
              ]
            },
            {
              "id": 2,
              "amount": 302,
              "eligible_players": [
                1468080528,
                4104771087
              ]
            },
            {
              "id": 3,
              "amount": 0,
              "eligible_players": [
                1468080528,
                4104771087
              ]
            }
          ]
        }
      ],
      "actionTimes": {
        "4104771086": 87,
        "1468080527": 88
      }
    },
    "3": {
      "pot": 0,
      "bets": {
        "4104771086": 0,
        "1468080527": 0
      },
      "actions": {
        "4104771086": "CHECK",
        "1468080527": "CALL"
      },
      "action_sequence": [
        {
          "player": 4104771086,
          "action": "CHECK",
          "amount": 0,
          "timestamp": 1757871027128,
          "pot_after_action": 0,
          "side_pots_after_action": [
            {
              "amount": 0,
              "eligible_players": [
                1468080528,
                4104771087
              ]
            }
          ],
          "total_pot_after_action": 317,
          "total_side_pots_after_action": [
            {
              "id": 0,
              "amount": 10,
              "eligible_players": [
                1468080528,
                4104771087
              ]
            },
            {
              "id": 1,
              "amount": 5,
              "eligible_players": [
                1468080528
              ]
            },
            {
              "id": 2,
              "amount": 302,
              "eligible_players": [
                1468080528,
                4104771087
              ]
            },
            {
              "id": 3,
              "amount": 0,
              "eligible_players": [
                1468080528,
                4104771087
              ]
            },
            {
              "id": 4,
              "amount": 0,
              "eligible_players": [
                1468080528,
                4104771087
              ]
            }
          ]
        },
        {
          "player": 1468080527,
          "action": "CALL",
          "amount": 0,
          "timestamp": 1757871027128,
          "pot_after_action": 0,
          "side_pots_after_action": [
            {
              "amount": 0,
              "eligible_players": [
                1468080528,
                4104771087
              ]
            }
          ],
          "total_pot_after_action": 317,
          "total_side_pots_after_action": [
            {
              "id": 0,
              "amount": 10,
              "eligible_players": [
                1468080528,
                4104771087
              ]
            },
            {
              "id": 1,
              "amount": 5,
              "eligible_players": [
                1468080528
              ]
            },
            {
              "id": 2,
              "amount": 302,
              "eligible_players": [
                1468080528,
                4104771087
              ]
            },
            {
              "id": 3,
              "amount": 0,
              "eligible_players": [
                1468080528,
                4104771087
              ]
            },
            {
              "id": 4,
              "amount": 0,
              "eligible_players": [
                1468080528,
                4104771087
              ]
            }
          ]
        }
      ],
      "actionTimes": {
        "4104771086": 130,
        "1468080527": 130
      }
    }
  },
  "playerNames": {
    "4104771086": "player4104771087",
    "1468080527": "player1468080528"
  },
  "blinds": {
    "small": 5,
    "big": 10
  },
  "finalBoard": [
    "6h",
    "2h",
    "6s",
    "Ad",
    "3d"
  ],
  "sidePots": [
    {
      "amount": 0,
      "eligible_players": [
        1468080527,
        4104771086
      ]
    }
  ],
  "playerMoney": {
    "initialAmount": 10000,
    "startingMoney": {
      "4104771087": 10015,
      "1468080528": 9985
    },
    "startingDelta": {
      "4104771087": 15,
      "1468080528": -15
    },
    "finalDelta": {
      "4104771087": -141,
      "1468080528": 141
    },
    "gameScores": {
      "4104771087": -156,
      "1468080528": 156
    },
    "finalMoney": {
      "4104771087": 9859,
      "1468080528": 10141
    },
    "thisGameDelta": {
      "4104771087": -156,
      "1468080528": 156
    }
  },
  "playerHands": {
    "4104771086": [
      "9s",
      "8d"
    ],
    "1468080527": [
      "Qd",
      "5s"
    ]
  },
  "usernameMapping": {
    "default": 4104771087,
    "client_container_6933_test_client_test_x_ai_grok_4_iter_3_20250914_133020_iter3": 1468080528
  },
  "playerIdToUsername": {
    "4104771087": "default",
    "1468080528": "client_container_6933_test_client_test_x_ai_grok_4_iter_3_20250914_133020_iter3"
  }
}