{
  "gameId": "4c5f855a-b329-4e71-90ef-65165a640c39",
  "rounds": {
    "0": {
      "pot": 15,
      "bets": {
        "4104771086": 10,
        "1468080527": 5
      },
      "actions": {
        "1468080527": "RAISE",
        "4104771086": "RAISE"
      },
      "action_sequence": [
        {
          "player": 1468080527,
          "action": "RAISE",
          "amount": 5,
          "timestamp": 1757871027142,
          "pot_after_action": 5,
          "side_pots_after_action": [
            {
              "amount": 5,
              "eligible_players": [
                1468080528,
                4104771087
              ]
            }
          ],
          "total_pot_after_action": 5,
          "total_side_pots_after_action": [
            {
              "id": 0,
              "amount": 5,
              "eligible_players": [
                1468080528,
                4104771087
              ]
            }
          ]
        },
        {
          "player": 4104771086,
          "action": "RAISE",
          "amount": 10,
          "timestamp": 1757871027142,
          "pot_after_action": 15,
          "side_pots_after_action": [
            {
              "amount": 10,
              "eligible_players": [
                1468080528,
                4104771087
              ]
            },
            {
              "amount": 5,
              "eligible_players": [
                4104771087
              ]
            }
          ],
          "total_pot_after_action": 15,
          "total_side_pots_after_action": [
            {
              "id": 0,
              "amount": 10,
              "eligible_players": [
                1468080528,
                4104771087
              ]
            },
            {
              "id": 1,
              "amount": 5,
              "eligible_players": [
                4104771087
              ]
            }
          ]
        }
      ],
      "actionTimes": {}
    },
    "1": {
      "pot": 100,
      "bets": {
        "4104771086": 100,
        "1468080527": 0
      },
      "actions": {
        "1468080527": "FOLD",
        "4104771086": "RAISE"
      },
      "action_sequence": [
        {
          "player": 1468080527,
          "action": "CHECK",
          "amount": 0,
          "timestamp": 1757871027146,
          "pot_after_action": 0,
          "side_pots_after_action": [
            {
              "amount": 0,
              "eligible_players": [
                1468080528,
                4104771087
              ]
            }
          ],
          "total_pot_after_action": 15,
          "total_side_pots_after_action": [
            {
              "id": 0,
              "amount": 10,
              "eligible_players": [
                1468080528,
                4104771087
              ]
            },
            {
              "id": 1,
              "amount": 5,
              "eligible_players": [
                4104771087
              ]
            },
            {
              "id": 2,
              "amount": 0,
              "eligible_players": [
                1468080528,
                4104771087
              ]
            }
          ]
        },
        {
          "player": 4104771086,
          "action": "RAISE",
          "amount": 100,
          "timestamp": 1757871027183,
          "pot_after_action": 100,
          "side_pots_after_action": [
            {
              "amount": 100,
              "eligible_players": [
                1468080528,
                4104771087
              ]
            }
          ],
          "total_pot_after_action": 115,
          "total_side_pots_after_action": [
            {
              "id": 0,
              "amount": 10,
              "eligible_players": [
                1468080528,
                4104771087
              ]
            },
            {
              "id": 1,
              "amount": 5,
              "eligible_players": [
                4104771087
              ]
            },
            {
              "id": 2,
              "amount": 100,
              "eligible_players": [
                1468080528,
                4104771087
              ]
            }
          ]
        },
        {
          "player": 1468080527,
          "action": "FOLD",
          "amount": 0,
          "timestamp": 1757871027186,
          "pot_after_action": 100,
          "side_pots_after_action": [
            {
              "amount": 100,
              "eligible_players": [
                1468080528,
                4104771087
              ]
            }
          ],
          "total_pot_after_action": 115,
          "total_side_pots_after_action": [
            {
              "id": 0,
              "amount": 10,
              "eligible_players": [
                1468080528,
                4104771087
              ]
            },
            {
              "id": 1,
              "amount": 5,
              "eligible_players": [
                4104771087
              ]
            },
            {
              "id": 2,
              "amount": 100,
              "eligible_players": [
                1468080528,
                4104771087
              ]
            }
          ]
        }
      ],
      "actionTimes": {
        "1468080527": 44,
        "4104771086": 41
      }
    }
  },
  "playerNames": {
    "4104771086": "player4104771087",
    "1468080527": "player1468080528"
  },
  "blinds": {
    "small": 5,
    "big": 10
  },
  "finalBoard": [
    "Qs",
    "2s",
    "Ad",
    "Kh"
  ],
  "sidePots": [
    {
      "amount": 0,
      "eligible_players": [
        4104771086
      ]
    }
  ],
  "playerMoney": {
    "initialAmount": 10000,
    "startingMoney": {
      "4104771087": 9859,
      "1468080528": 10141
    },
    "startingDelta": {
      "4104771087": -141,
      "1468080528": 141
    },
    "finalDelta": {
      "4104771087": -136,
      "1468080528": 136
    },
    "gameScores": {
      "4104771087": 5,
      "1468080528": -5
    },
    "finalMoney": {
      "4104771087": 9864,
      "1468080528": 10136
    },
    "thisGameDelta": {
      "4104771087": 5,
      "1468080528": -5
    }
  },
  "playerHands": {
    "4104771086": [
      "Tc",
      "9s"
    ],
    "1468080527": [
      "Jh",
      "3s"
    ]
  },
  "usernameMapping": {
    "default": 4104771087,
    "client_container_6933_test_client_test_x_ai_grok_4_iter_3_20250914_133020_iter3": 1468080528
  },
  "playerIdToUsername": {
    "4104771087": "default",
    "1468080528": "client_container_6933_test_client_test_x_ai_grok_4_iter_3_20250914_133020_iter3"
  }
}