{
  "gameId": "bed9c813-ea6a-4dbe-8231-130882eab3d9",
  "rounds": {
    "0": {
      "pot": 15,
      "bets": {
        "2255667601": 10,
        "2714165008": 5
      },
      "actions": {
        "2714165008": "RAISE",
        "2255667601": "RAISE"
      },
      "action_sequence": [
        {
          "player": 2714165008,
          "action": "RAISE",
          "amount": 5,
          "timestamp": 1758180699544,
          "pot_after_action": 5,
          "side_pots_after_action": [
            {
              "amount": 5,
              "eligible_players": [
                2714165009,
                2255667602
              ]
            }
          ],
          "total_pot_after_action": 5,
          "total_side_pots_after_action": [
            {
              "id": 0,
              "amount": 5,
              "eligible_players": [
                2714165009,
                2255667602
              ]
            }
          ]
        },
        {
          "player": 2255667601,
          "action": "RAISE",
          "amount": 10,
          "timestamp": 1758180699544,
          "pot_after_action": 15,
          "side_pots_after_action": [
            {
              "amount": 10,
              "eligible_players": [
                2714165009,
                2255667602
              ]
            },
            {
              "amount": 5,
              "eligible_players": [
                2255667602
              ]
            }
          ],
          "total_pot_after_action": 15,
          "total_side_pots_after_action": [
            {
              "id": 0,
              "amount": 10,
              "eligible_players": [
                2714165009,
                2255667602
              ]
            },
            {
              "id": 1,
              "amount": 5,
              "eligible_players": [
                2255667602
              ]
            }
          ]
        }
      ],
      "actionTimes": {}
    },
    "1": {
      "pot": 100,
      "bets": {
        "2255667601": 100,
        "2714165008": 0
      },
      "actions": {
        "2714165008": "FOLD",
        "2255667601": "RAISE"
      },
      "action_sequence": [
        {
          "player": 2714165008,
          "action": "CHECK",
          "amount": 0,
          "timestamp": 1758180699586,
          "pot_after_action": 0,
          "side_pots_after_action": [
            {
              "amount": 0,
              "eligible_players": [
                2714165009,
                2255667602
              ]
            }
          ],
          "total_pot_after_action": 15,
          "total_side_pots_after_action": [
            {
              "id": 0,
              "amount": 10,
              "eligible_players": [
                2714165009,
                2255667602
              ]
            },
            {
              "id": 1,
              "amount": 5,
              "eligible_players": [
                2255667602
              ]
            },
            {
              "id": 2,
              "amount": 0,
              "eligible_players": [
                2714165009,
                2255667602
              ]
            }
          ]
        },
        {
          "player": 2255667601,
          "action": "RAISE",
          "amount": 100,
          "timestamp": 1758180699587,
          "pot_after_action": 100,
          "side_pots_after_action": [
            {
              "amount": 100,
              "eligible_players": [
                2714165009,
                2255667602
              ]
            }
          ],
          "total_pot_after_action": 115,
          "total_side_pots_after_action": [
            {
              "id": 0,
              "amount": 10,
              "eligible_players": [
                2714165009,
                2255667602
              ]
            },
            {
              "id": 1,
              "amount": 5,
              "eligible_players": [
                2255667602
              ]
            },
            {
              "id": 2,
              "amount": 100,
              "eligible_players": [
                2714165009,
                2255667602
              ]
            }
          ]
        },
        {
          "player": 2714165008,
          "action": "FOLD",
          "amount": 0,
          "timestamp": 1758180699629,
          "pot_after_action": 100,
          "side_pots_after_action": [
            {
              "amount": 100,
              "eligible_players": [
                2714165009,
                2255667602
              ]
            }
          ],
          "total_pot_after_action": 115,
          "total_side_pots_after_action": [
            {
              "id": 0,
              "amount": 10,
              "eligible_players": [
                2714165009,
                2255667602
              ]
            },
            {
              "id": 1,
              "amount": 5,
              "eligible_players": [
                2255667602
              ]
            },
            {
              "id": 2,
              "amount": 100,
              "eligible_players": [
                2714165009,
                2255667602
              ]
            }
          ]
        }
      ],
      "actionTimes": {
        "2714165008": 85,
        "2255667601": 43
      }
    }
  },
  "playerNames": {
    "2255667601": "player2255667602",
    "2714165008": "player2714165009"
  },
  "blinds": {
    "small": 5,
    "big": 10
  },
  "finalBoard": [
    "Th",
    "2s",
    "4h",
    "6c"
  ],
  "sidePots": [
    {
      "amount": 0,
      "eligible_players": [
        2255667601
      ]
    }
  ],
  "playerMoney": {
    "initialAmount": 10000,
    "startingMoney": {
      "2255667602": 10010,
      "2714165009": 9990
    },
    "startingDelta": {
      "2255667602": 10,
      "2714165009": -10
    },
    "finalDelta": {
      "2255667602": 15,
      "2714165009": -15
    },
    "gameScores": {
      "2255667602": 5,
      "2714165009": -5
    },
    "finalMoney": {
      "2255667602": 10015,
      "2714165009": 9985
    },
    "thisGameDelta": {
      "2255667602": 5,
      "2714165009": -5
    }
  },
  "playerHands": {
    "2255667601": [
      "9h",
      "2d"
    ],
    "2714165008": [
      "7c",
      "Kd"
    ]
  },
  "usernameMapping": {
    "default": 2255667602,
    "client_container_5680_test_client_test_hermes_hermes_4_405b_iter_2_20250918_003133_iter2": 2714165009
  },
  "playerIdToUsername": {
    "2255667602": "default",
    "2714165009": "client_container_5680_test_client_test_hermes_hermes_4_405b_iter_2_20250918_003133_iter2"
  }
}