{
  "gameId": "60602dc9-0ef9-4fd0-b1a6-4e7fae3c5234",
  "rounds": {
    "0": {
      "pot": 15,
      "bets": {
        "1063772998": 10,
        "1260612203": 5
      },
      "actions": {
        "1260612203": "RAISE",
        "1063772998": "RAISE"
      },
      "action_sequence": [
        {
          "player": 1260612203,
          "action": "RAISE",
          "amount": 5,
          "timestamp": 1757021524506,
          "pot_after_action": 5,
          "side_pots_after_action": [
            {
              "amount": 5,
              "eligible_players": [
                1260612204,
                1063772999
              ]
            }
          ],
          "total_pot_after_action": 5,
          "total_side_pots_after_action": [
            {
              "id": 0,
              "amount": 5,
              "eligible_players": [
                1260612204,
                1063772999
              ]
            }
          ]
        },
        {
          "player": 1063772998,
          "action": "RAISE",
          "amount": 10,
          "timestamp": 1757021524506,
          "pot_after_action": 15,
          "side_pots_after_action": [
            {
              "amount": 10,
              "eligible_players": [
                1260612204,
                1063772999
              ]
            },
            {
              "amount": 5,
              "eligible_players": [
                1063772999
              ]
            }
          ],
          "total_pot_after_action": 15,
          "total_side_pots_after_action": [
            {
              "id": 0,
              "amount": 10,
              "eligible_players": [
                1260612204,
                1063772999
              ]
            },
            {
              "id": 1,
              "amount": 5,
              "eligible_players": [
                1063772999
              ]
            }
          ]
        }
      ],
      "actionTimes": {}
    },
    "1": {
      "pot": 100,
      "bets": {
        "1063772998": 100,
        "1260612203": 0
      },
      "actions": {
        "1260612203": "FOLD",
        "1063772998": "RAISE"
      },
      "action_sequence": [
        {
          "player": 1260612203,
          "action": "CHECK",
          "amount": 0,
          "timestamp": 1757021524509,
          "pot_after_action": 0,
          "side_pots_after_action": [
            {
              "amount": 0,
              "eligible_players": [
                1260612204,
                1063772999
              ]
            }
          ],
          "total_pot_after_action": 15,
          "total_side_pots_after_action": [
            {
              "id": 0,
              "amount": 10,
              "eligible_players": [
                1260612204,
                1063772999
              ]
            },
            {
              "id": 1,
              "amount": 5,
              "eligible_players": [
                1063772999
              ]
            },
            {
              "id": 2,
              "amount": 0,
              "eligible_players": [
                1260612204,
                1063772999
              ]
            }
          ]
        },
        {
          "player": 1063772998,
          "action": "RAISE",
          "amount": 100,
          "timestamp": 1757021524510,
          "pot_after_action": 100,
          "side_pots_after_action": [
            {
              "amount": 100,
              "eligible_players": [
                1260612204,
                1063772999
              ]
            }
          ],
          "total_pot_after_action": 115,
          "total_side_pots_after_action": [
            {
              "id": 0,
              "amount": 10,
              "eligible_players": [
                1260612204,
                1063772999
              ]
            },
            {
              "id": 1,
              "amount": 5,
              "eligible_players": [
                1063772999
              ]
            },
            {
              "id": 2,
              "amount": 100,
              "eligible_players": [
                1260612204,
                1063772999
              ]
            }
          ]
        },
        {
          "player": 1260612203,
          "action": "FOLD",
          "amount": 0,
          "timestamp": 1757021524552,
          "pot_after_action": 100,
          "side_pots_after_action": [
            {
              "amount": 100,
              "eligible_players": [
                1260612204,
                1063772999
              ]
            }
          ],
          "total_pot_after_action": 115,
          "total_side_pots_after_action": [
            {
              "id": 0,
              "amount": 10,
              "eligible_players": [
                1260612204,
                1063772999
              ]
            },
            {
              "id": 1,
              "amount": 5,
              "eligible_players": [
                1063772999
              ]
            },
            {
              "id": 2,
              "amount": 100,
              "eligible_players": [
                1260612204,
                1063772999
              ]
            }
          ]
        }
      ],
      "actionTimes": {
        "1260612203": 47,
        "1063772998": 5
      }
    }
  },
  "playerNames": {
    "1063772998": "player1063772999",
    "1260612203": "player1260612204"
  },
  "blinds": {
    "small": 5,
    "big": 10
  },
  "finalBoard": [
    "Qc",
    "9h",
    "4s",
    "9d"
  ],
  "sidePots": [
    {
      "amount": 0,
      "eligible_players": [
        1063772998
      ]
    }
  ],
  "playerMoney": {
    "initialAmount": 10000,
    "startingMoney": {
      "1063772999": 10055,
      "1260612204": 9945
    },
    "startingDelta": {
      "1063772999": 55,
      "1260612204": -55
    },
    "finalDelta": {
      "1063772999": 60,
      "1260612204": -60
    },
    "gameScores": {
      "1063772999": 5,
      "1260612204": -5
    },
    "finalMoney": {
      "1063772999": 10060,
      "1260612204": 9940
    },
    "thisGameDelta": {
      "1063772999": 5,
      "1260612204": -5
    }
  },
  "playerHands": {
    "1063772998": [
      "8d",
      "2d"
    ],
    "1260612203": [
      "7s",
      "Qs"
    ]
  },
  "usernameMapping": {
    "default": 1063772999,
    "client_container_6281_test_client_test_deepseek_deepseek_r1_0528_iter_2_20250904_143157_iter2": 1260612204
  },
  "playerIdToUsername": {
    "1063772999": "default",
    "1260612204": "client_container_6281_test_client_test_deepseek_deepseek_r1_0528_iter_2_20250904_143157_iter2"
  }
}