{
  "gameId": "60602dc9-0ef9-4fd0-b1a6-4e7fae3c5234",
  "rounds": {
    "0": {
      "pot": 15,
      "bets": {
        "1063772998": 5,
        "1260612203": 10
      },
      "actions": {
        "1063772998": "RAISE",
        "1260612203": "RAISE"
      },
      "action_sequence": [
        {
          "player": 1063772998,
          "action": "RAISE",
          "amount": 5,
          "timestamp": 1757021524094,
          "pot_after_action": 5,
          "side_pots_after_action": [
            {
              "amount": 5,
              "eligible_players": [
                1260612204,
                1063772999
              ]
            }
          ],
          "total_pot_after_action": 5,
          "total_side_pots_after_action": [
            {
              "id": 0,
              "amount": 5,
              "eligible_players": [
                1260612204,
                1063772999
              ]
            }
          ]
        },
        {
          "player": 1260612203,
          "action": "RAISE",
          "amount": 10,
          "timestamp": 1757021524094,
          "pot_after_action": 15,
          "side_pots_after_action": [
            {
              "amount": 10,
              "eligible_players": [
                1260612204,
                1063772999
              ]
            },
            {
              "amount": 5,
              "eligible_players": [
                1260612204
              ]
            }
          ],
          "total_pot_after_action": 15,
          "total_side_pots_after_action": [
            {
              "id": 0,
              "amount": 10,
              "eligible_players": [
                1260612204,
                1063772999
              ]
            },
            {
              "id": 1,
              "amount": 5,
              "eligible_players": [
                1260612204
              ]
            }
          ]
        }
      ],
      "actionTimes": {}
    },
    "1": {
      "pot": 100,
      "bets": {
        "1063772998": 100,
        "1260612203": 0
      },
      "actions": {
        "1063772998": "RAISE",
        "1260612203": "FOLD"
      },
      "action_sequence": [
        {
          "player": 1063772998,
          "action": "RAISE",
          "amount": 100,
          "timestamp": 1757021524098,
          "pot_after_action": 100,
          "side_pots_after_action": [
            {
              "amount": 100,
              "eligible_players": [
                1260612204,
                1063772999
              ]
            }
          ],
          "total_pot_after_action": 115,
          "total_side_pots_after_action": [
            {
              "id": 0,
              "amount": 10,
              "eligible_players": [
                1260612204,
                1063772999
              ]
            },
            {
              "id": 1,
              "amount": 5,
              "eligible_players": [
                1260612204
              ]
            },
            {
              "id": 2,
              "amount": 100,
              "eligible_players": [
                1260612204,
                1063772999
              ]
            }
          ]
        },
        {
          "player": 1260612203,
          "action": "FOLD",
          "amount": 0,
          "timestamp": 1757021524100,
          "pot_after_action": 100,
          "side_pots_after_action": [
            {
              "amount": 100,
              "eligible_players": [
                1260612204,
                1063772999
              ]
            }
          ],
          "total_pot_after_action": 115,
          "total_side_pots_after_action": [
            {
              "id": 0,
              "amount": 10,
              "eligible_players": [
                1260612204,
                1063772999
              ]
            },
            {
              "id": 1,
              "amount": 5,
              "eligible_players": [
                1260612204
              ]
            },
            {
              "id": 2,
              "amount": 100,
              "eligible_players": [
                1260612204,
                1063772999
              ]
            }
          ]
        }
      ],
      "actionTimes": {
        "1063772998": 5,
        "1260612203": 7
      }
    }
  },
  "playerNames": {
    "1063772998": "player1063772999",
    "1260612203": "player1260612204"
  },
  "blinds": {
    "small": 5,
    "big": 10
  },
  "finalBoard": [
    "Js",
    "5d",
    "9c",
    "Jc"
  ],
  "sidePots": [
    {
      "amount": 0,
      "eligible_players": [
        1063772998
      ]
    }
  ],
  "playerMoney": {
    "initialAmount": 10000,
    "startingMoney": {
      "1063772999": 10000,
      "1260612204": 10000
    },
    "startingDelta": {
      "1063772999": 0,
      "1260612204": 0
    },
    "finalDelta": {
      "1063772999": 10,
      "1260612204": -10
    },
    "gameScores": {
      "1063772999": 10,
      "1260612204": -10
    },
    "finalMoney": {
      "1063772999": 10010,
      "1260612204": 9990
    },
    "thisGameDelta": {
      "1063772999": 10,
      "1260612204": -10
    }
  },
  "playerHands": {
    "1063772998": [
      "2d",
      "Ks"
    ],
    "1260612203": [
      "9d",
      "6d"
    ]
  },
  "usernameMapping": {
    "default": 1063772999,
    "client_container_6281_test_client_test_deepseek_deepseek_r1_0528_iter_2_20250904_143157_iter2": 1260612204
  },
  "playerIdToUsername": {
    "1063772999": "default",
    "1260612204": "client_container_6281_test_client_test_deepseek_deepseek_r1_0528_iter_2_20250904_143157_iter2"
  }
}