{
  "gameId": "2b2be857-66ab-4dd8-94be-74855445a7b2",
  "rounds": {
    "0": {
      "pot": 15,
      "bets": {
        "3521570810": 5,
        "1002336633": 10
      },
      "actions": {
        "3521570810": "RAISE",
        "1002336633": "RAISE"
      },
      "action_sequence": [
        {
          "player": 3521570810,
          "action": "RAISE",
          "amount": 5,
          "timestamp": 1757645786417,
          "pot_after_action": 5,
          "side_pots_after_action": [
            {
              "amount": 5,
              "eligible_players": [
                1002336634,
                3521570811
              ]
            }
          ],
          "total_pot_after_action": 5,
          "total_side_pots_after_action": [
            {
              "id": 0,
              "amount": 5,
              "eligible_players": [
                1002336634,
                3521570811
              ]
            }
          ]
        },
        {
          "player": 1002336633,
          "action": "RAISE",
          "amount": 10,
          "timestamp": 1757645786417,
          "pot_after_action": 15,
          "side_pots_after_action": [
            {
              "amount": 10,
              "eligible_players": [
                1002336634,
                3521570811
              ]
            },
            {
              "amount": 5,
              "eligible_players": [
                1002336634
              ]
            }
          ],
          "total_pot_after_action": 15,
          "total_side_pots_after_action": [
            {
              "id": 0,
              "amount": 10,
              "eligible_players": [
                1002336634,
                3521570811
              ]
            },
            {
              "id": 1,
              "amount": 5,
              "eligible_players": [
                1002336634
              ]
            }
          ]
        }
      ],
      "actionTimes": {}
    },
    "1": {
      "pot": 100,
      "bets": {
        "3521570810": 100,
        "1002336633": 0
      },
      "actions": {
        "3521570810": "RAISE",
        "1002336633": "FOLD"
      },
      "action_sequence": [
        {
          "player": 3521570810,
          "action": "RAISE",
          "amount": 100,
          "timestamp": 1757645786420,
          "pot_after_action": 100,
          "side_pots_after_action": [
            {
              "amount": 100,
              "eligible_players": [
                1002336634,
                3521570811
              ]
            }
          ],
          "total_pot_after_action": 115,
          "total_side_pots_after_action": [
            {
              "id": 0,
              "amount": 10,
              "eligible_players": [
                1002336634,
                3521570811
              ]
            },
            {
              "id": 1,
              "amount": 5,
              "eligible_players": [
                1002336634
              ]
            },
            {
              "id": 2,
              "amount": 100,
              "eligible_players": [
                1002336634,
                3521570811
              ]
            }
          ]
        },
        {
          "player": 1002336633,
          "action": "FOLD",
          "amount": 0,
          "timestamp": 1757645786421,
          "pot_after_action": 100,
          "side_pots_after_action": [
            {
              "amount": 100,
              "eligible_players": [
                1002336634,
                3521570811
              ]
            }
          ],
          "total_pot_after_action": 115,
          "total_side_pots_after_action": [
            {
              "id": 0,
              "amount": 10,
              "eligible_players": [
                1002336634,
                3521570811
              ]
            },
            {
              "id": 1,
              "amount": 5,
              "eligible_players": [
                1002336634
              ]
            },
            {
              "id": 2,
              "amount": 100,
              "eligible_players": [
                1002336634,
                3521570811
              ]
            }
          ]
        }
      ],
      "actionTimes": {
        "3521570810": 3,
        "1002336633": 4
      }
    }
  },
  "playerNames": {
    "3521570810": "player3521570811",
    "1002336633": "player1002336634"
  },
  "blinds": {
    "small": 5,
    "big": 10
  },
  "finalBoard": [
    "Qs",
    "8s",
    "As",
    "Qh"
  ],
  "sidePots": [
    {
      "amount": 0,
      "eligible_players": [
        3521570810
      ]
    }
  ],
  "playerMoney": {
    "initialAmount": 10000,
    "startingMoney": {
      "3521570811": 10030,
      "1002336634": 9970
    },
    "startingDelta": {
      "3521570811": 30,
      "1002336634": -30
    },
    "finalDelta": {
      "3521570811": 40,
      "1002336634": -40
    },
    "gameScores": {
      "3521570811": 10,
      "1002336634": -10
    },
    "finalMoney": {
      "3521570811": 10040,
      "1002336634": 9960
    },
    "thisGameDelta": {
      "3521570811": 10,
      "1002336634": -10
    }
  },
  "playerHands": {
    "3521570810": [
      "Jd",
      "9d"
    ],
    "1002336633": [
      "5d",
      "3c"
    ]
  },
  "usernameMapping": {
    "default": 3521570811,
    "client_container_5371_test_client_test_moonshotai_kimi_k2_iter_1_20250911_195620_iter1": 1002336634
  },
  "playerIdToUsername": {
    "3521570811": "default",
    "1002336634": "client_container_5371_test_client_test_moonshotai_kimi_k2_iter_1_20250911_195620_iter1"
  }
}