{
  "gameId": "2b2be857-66ab-4dd8-94be-74855445a7b2",
  "rounds": {
    "0": {
      "pot": 15,
      "bets": {
        "3521570810": 10,
        "1002336633": 5
      },
      "actions": {
        "1002336633": "RAISE",
        "3521570810": "RAISE"
      },
      "action_sequence": [
        {
          "player": 1002336633,
          "action": "RAISE",
          "amount": 5,
          "timestamp": 1757645786164,
          "pot_after_action": 5,
          "side_pots_after_action": [
            {
              "amount": 5,
              "eligible_players": [
                1002336634,
                3521570811
              ]
            }
          ],
          "total_pot_after_action": 5,
          "total_side_pots_after_action": [
            {
              "id": 0,
              "amount": 5,
              "eligible_players": [
                1002336634,
                3521570811
              ]
            }
          ]
        },
        {
          "player": 3521570810,
          "action": "RAISE",
          "amount": 10,
          "timestamp": 1757645786164,
          "pot_after_action": 15,
          "side_pots_after_action": [
            {
              "amount": 10,
              "eligible_players": [
                1002336634,
                3521570811
              ]
            },
            {
              "amount": 5,
              "eligible_players": [
                3521570811
              ]
            }
          ],
          "total_pot_after_action": 15,
          "total_side_pots_after_action": [
            {
              "id": 0,
              "amount": 10,
              "eligible_players": [
                1002336634,
                3521570811
              ]
            },
            {
              "id": 1,
              "amount": 5,
              "eligible_players": [
                3521570811
              ]
            }
          ]
        }
      ],
      "actionTimes": {}
    },
    "1": {
      "pot": 100,
      "bets": {
        "3521570810": 100,
        "1002336633": 0
      },
      "actions": {
        "1002336633": "FOLD",
        "3521570810": "RAISE"
      },
      "action_sequence": [
        {
          "player": 1002336633,
          "action": "CHECK",
          "amount": 0,
          "timestamp": 1757645786206,
          "pot_after_action": 0,
          "side_pots_after_action": [
            {
              "amount": 0,
              "eligible_players": [
                1002336634,
                3521570811
              ]
            }
          ],
          "total_pot_after_action": 15,
          "total_side_pots_after_action": [
            {
              "id": 0,
              "amount": 10,
              "eligible_players": [
                1002336634,
                3521570811
              ]
            },
            {
              "id": 1,
              "amount": 5,
              "eligible_players": [
                3521570811
              ]
            },
            {
              "id": 2,
              "amount": 0,
              "eligible_players": [
                1002336634,
                3521570811
              ]
            }
          ]
        },
        {
          "player": 3521570810,
          "action": "RAISE",
          "amount": 100,
          "timestamp": 1757645786207,
          "pot_after_action": 100,
          "side_pots_after_action": [
            {
              "amount": 100,
              "eligible_players": [
                1002336634,
                3521570811
              ]
            }
          ],
          "total_pot_after_action": 115,
          "total_side_pots_after_action": [
            {
              "id": 0,
              "amount": 10,
              "eligible_players": [
                1002336634,
                3521570811
              ]
            },
            {
              "id": 1,
              "amount": 5,
              "eligible_players": [
                3521570811
              ]
            },
            {
              "id": 2,
              "amount": 100,
              "eligible_players": [
                1002336634,
                3521570811
              ]
            }
          ]
        },
        {
          "player": 1002336633,
          "action": "FOLD",
          "amount": 0,
          "timestamp": 1757645786248,
          "pot_after_action": 100,
          "side_pots_after_action": [
            {
              "amount": 100,
              "eligible_players": [
                1002336634,
                3521570811
              ]
            }
          ],
          "total_pot_after_action": 115,
          "total_side_pots_after_action": [
            {
              "id": 0,
              "amount": 10,
              "eligible_players": [
                1002336634,
                3521570811
              ]
            },
            {
              "id": 1,
              "amount": 5,
              "eligible_players": [
                3521570811
              ]
            },
            {
              "id": 2,
              "amount": 100,
              "eligible_players": [
                1002336634,
                3521570811
              ]
            }
          ]
        }
      ],
      "actionTimes": {
        "1002336633": 84,
        "3521570810": 43
      }
    }
  },
  "playerNames": {
    "3521570810": "player3521570811",
    "1002336633": "player1002336634"
  },
  "blinds": {
    "small": 5,
    "big": 10
  },
  "finalBoard": [
    "4h",
    "Jc",
    "7h",
    "Kc"
  ],
  "sidePots": [
    {
      "amount": 0,
      "eligible_players": [
        3521570810
      ]
    }
  ],
  "playerMoney": {
    "initialAmount": 10000,
    "startingMoney": {
      "3521570811": 10010,
      "1002336634": 9990
    },
    "startingDelta": {
      "3521570811": 10,
      "1002336634": -10
    },
    "finalDelta": {
      "3521570811": 15,
      "1002336634": -15
    },
    "gameScores": {
      "3521570811": 5,
      "1002336634": -5
    },
    "finalMoney": {
      "3521570811": 10015,
      "1002336634": 9985
    },
    "thisGameDelta": {
      "3521570811": 5,
      "1002336634": -5
    }
  },
  "playerHands": {
    "3521570810": [
      "Tc",
      "8c"
    ],
    "1002336633": [
      "Jd",
      "2h"
    ]
  },
  "usernameMapping": {
    "default": 3521570811,
    "client_container_5371_test_client_test_moonshotai_kimi_k2_iter_1_20250911_195620_iter1": 1002336634
  },
  "playerIdToUsername": {
    "3521570811": "default",
    "1002336634": "client_container_5371_test_client_test_moonshotai_kimi_k2_iter_1_20250911_195620_iter1"
  }
}