{
  "gameId": "2b2be857-66ab-4dd8-94be-74855445a7b2",
  "rounds": {
    "0": {
      "pot": 15,
      "bets": {
        "3521570810": 5,
        "1002336633": 10
      },
      "actions": {
        "3521570810": "RAISE",
        "1002336633": "RAISE"
      },
      "action_sequence": [
        {
          "player": 3521570810,
          "action": "RAISE",
          "amount": 5,
          "timestamp": 1757645786491,
          "pot_after_action": 5,
          "side_pots_after_action": [
            {
              "amount": 5,
              "eligible_players": [
                1002336634,
                3521570811
              ]
            }
          ],
          "total_pot_after_action": 5,
          "total_side_pots_after_action": [
            {
              "id": 0,
              "amount": 5,
              "eligible_players": [
                1002336634,
                3521570811
              ]
            }
          ]
        },
        {
          "player": 1002336633,
          "action": "RAISE",
          "amount": 10,
          "timestamp": 1757645786491,
          "pot_after_action": 15,
          "side_pots_after_action": [
            {
              "amount": 10,
              "eligible_players": [
                1002336634,
                3521570811
              ]
            },
            {
              "amount": 5,
              "eligible_players": [
                1002336634
              ]
            }
          ],
          "total_pot_after_action": 15,
          "total_side_pots_after_action": [
            {
              "id": 0,
              "amount": 10,
              "eligible_players": [
                1002336634,
                3521570811
              ]
            },
            {
              "id": 1,
              "amount": 5,
              "eligible_players": [
                1002336634
              ]
            }
          ]
        }
      ],
      "actionTimes": {}
    },
    "1": {
      "pot": 100,
      "bets": {
        "3521570810": 100,
        "1002336633": 0
      },
      "actions": {
        "3521570810": "RAISE",
        "1002336633": "FOLD"
      },
      "action_sequence": [
        {
          "player": 3521570810,
          "action": "RAISE",
          "amount": 100,
          "timestamp": 1757645786496,
          "pot_after_action": 100,
          "side_pots_after_action": [
            {
              "amount": 100,
              "eligible_players": [
                1002336634,
                3521570811
              ]
            }
          ],
          "total_pot_after_action": 115,
          "total_side_pots_after_action": [
            {
              "id": 0,
              "amount": 10,
              "eligible_players": [
                1002336634,
                3521570811
              ]
            },
            {
              "id": 1,
              "amount": 5,
              "eligible_players": [
                1002336634
              ]
            },
            {
              "id": 2,
              "amount": 100,
              "eligible_players": [
                1002336634,
                3521570811
              ]
            }
          ]
        },
        {
          "player": 1002336633,
          "action": "FOLD",
          "amount": 0,
          "timestamp": 1757645786537,
          "pot_after_action": 100,
          "side_pots_after_action": [
            {
              "amount": 100,
              "eligible_players": [
                1002336634,
                3521570811
              ]
            }
          ],
          "total_pot_after_action": 115,
          "total_side_pots_after_action": [
            {
              "id": 0,
              "amount": 10,
              "eligible_players": [
                1002336634,
                3521570811
              ]
            },
            {
              "id": 1,
              "amount": 5,
              "eligible_players": [
                1002336634
              ]
            },
            {
              "id": 2,
              "amount": 100,
              "eligible_players": [
                1002336634,
                3521570811
              ]
            }
          ]
        }
      ],
      "actionTimes": {
        "3521570810": 5,
        "1002336633": 46
      }
    }
  },
  "playerNames": {
    "3521570810": "player3521570811",
    "1002336633": "player1002336634"
  },
  "blinds": {
    "small": 5,
    "big": 10
  },
  "finalBoard": [
    "Qs",
    "3c",
    "Jh",
    "5c"
  ],
  "sidePots": [
    {
      "amount": 0,
      "eligible_players": [
        3521570810
      ]
    }
  ],
  "playerMoney": {
    "initialAmount": 10000,
    "startingMoney": {
      "3521570811": 10045,
      "1002336634": 9955
    },
    "startingDelta": {
      "3521570811": 45,
      "1002336634": -45
    },
    "finalDelta": {
      "3521570811": 55,
      "1002336634": -55
    },
    "gameScores": {
      "3521570811": 10,
      "1002336634": -10
    },
    "finalMoney": {
      "3521570811": 10055,
      "1002336634": 9945
    },
    "thisGameDelta": {
      "3521570811": 10,
      "1002336634": -10
    }
  },
  "playerHands": {
    "3521570810": [
      "2s",
      "Jc"
    ],
    "1002336633": [
      "2h",
      "9s"
    ]
  },
  "usernameMapping": {
    "default": 3521570811,
    "client_container_5371_test_client_test_moonshotai_kimi_k2_iter_1_20250911_195620_iter1": 1002336634
  },
  "playerIdToUsername": {
    "3521570811": "default",
    "1002336634": "client_container_5371_test_client_test_moonshotai_kimi_k2_iter_1_20250911_195620_iter1"
  }
}