{
  "gameId": "8eb70a35-fab2-4a11-811f-1177014e91a1",
  "rounds": {
    "0": {
      "pot": 15,
      "bets": {
        "1315508883": 5,
        "4227173883": 10
      },
      "actions": {
        "1315508883": "RAISE",
        "4227173883": "RAISE"
      },
      "action_sequence": [
        {
          "player": 1315508883,
          "action": "RAISE",
          "amount": 5,
          "timestamp": 1756689916036,
          "pot_after_action": 5,
          "side_pots_after_action": [
            {
              "amount": 5,
              "eligible_players": [
                4227173884,
                1315508884
              ]
            }
          ],
          "total_pot_after_action": 5,
          "total_side_pots_after_action": [
            {
              "id": 0,
              "amount": 5,
              "eligible_players": [
                4227173884,
                1315508884
              ]
            }
          ]
        },
        {
          "player": 4227173883,
          "action": "RAISE",
          "amount": 10,
          "timestamp": 1756689916037,
          "pot_after_action": 15,
          "side_pots_after_action": [
            {
              "amount": 10,
              "eligible_players": [
                4227173884,
                1315508884
              ]
            },
            {
              "amount": 5,
              "eligible_players": [
                4227173884
              ]
            }
          ],
          "total_pot_after_action": 15,
          "total_side_pots_after_action": [
            {
              "id": 0,
              "amount": 10,
              "eligible_players": [
                4227173884,
                1315508884
              ]
            },
            {
              "id": 1,
              "amount": 5,
              "eligible_players": [
                4227173884
              ]
            }
          ]
        }
      ],
      "actionTimes": {}
    },
    "1": {
      "pot": 100,
      "bets": {
        "1315508883": 100,
        "4227173883": 0
      },
      "actions": {
        "1315508883": "RAISE",
        "4227173883": "FOLD"
      },
      "action_sequence": [
        {
          "player": 1315508883,
          "action": "RAISE",
          "amount": 100,
          "timestamp": 1756689916039,
          "pot_after_action": 100,
          "side_pots_after_action": [
            {
              "amount": 100,
              "eligible_players": [
                4227173884,
                1315508884
              ]
            }
          ],
          "total_pot_after_action": 115,
          "total_side_pots_after_action": [
            {
              "id": 0,
              "amount": 10,
              "eligible_players": [
                4227173884,
                1315508884
              ]
            },
            {
              "id": 1,
              "amount": 5,
              "eligible_players": [
                4227173884
              ]
            },
            {
              "id": 2,
              "amount": 100,
              "eligible_players": [
                4227173884,
                1315508884
              ]
            }
          ]
        },
        {
          "player": 4227173883,
          "action": "FOLD",
          "amount": 0,
          "timestamp": 1756689916082,
          "pot_after_action": 100,
          "side_pots_after_action": [
            {
              "amount": 100,
              "eligible_players": [
                4227173884,
                1315508884
              ]
            }
          ],
          "total_pot_after_action": 115,
          "total_side_pots_after_action": [
            {
              "id": 0,
              "amount": 10,
              "eligible_players": [
                4227173884,
                1315508884
              ]
            },
            {
              "id": 1,
              "amount": 5,
              "eligible_players": [
                4227173884
              ]
            },
            {
              "id": 2,
              "amount": 100,
              "eligible_players": [
                4227173884,
                1315508884
              ]
            }
          ]
        }
      ],
      "actionTimes": {
        "1315508883": 3,
        "4227173883": 46
      }
    }
  },
  "playerNames": {
    "1315508883": "player1315508884",
    "4227173883": "player4227173884"
  },
  "blinds": {
    "small": 5,
    "big": 10
  },
  "finalBoard": [
    "Jd",
    "Jc",
    "6h",
    "Ks"
  ],
  "sidePots": [
    {
      "amount": 0,
      "eligible_players": [
        1315508883
      ]
    }
  ],
  "playerMoney": {
    "initialAmount": 10000,
    "startingMoney": {
      "1315508884": 10030,
      "4227173884": 9970
    },
    "startingDelta": {
      "1315508884": 30,
      "4227173884": -30
    },
    "finalDelta": {
      "1315508884": 40,
      "4227173884": -40
    },
    "gameScores": {
      "1315508884": 10,
      "4227173884": -10
    },
    "finalMoney": {
      "1315508884": 10040,
      "4227173884": 9960
    },
    "thisGameDelta": {
      "1315508884": 10,
      "4227173884": -10
    }
  },
  "playerHands": {
    "1315508883": [
      "2s",
      "9s"
    ],
    "4227173883": [
      "Qd",
      "2h"
    ]
  },
  "usernameMapping": {
    "default": 1315508884,
    "client_container_6532_test_client_test_openai_o3_pro_iter_2_20250831_182509_iter2": 4227173884
  },
  "playerIdToUsername": {
    "1315508884": "default",
    "4227173884": "client_container_6532_test_client_test_openai_o3_pro_iter_2_20250831_182509_iter2"
  }
}