{
  "gameId": "8eb70a35-fab2-4a11-811f-1177014e91a1",
  "rounds": {
    "0": {
      "pot": 15,
      "bets": {
        "1315508883": 10,
        "4227173883": 5
      },
      "actions": {
        "4227173883": "RAISE",
        "1315508883": "RAISE"
      },
      "action_sequence": [
        {
          "player": 4227173883,
          "action": "RAISE",
          "amount": 5,
          "timestamp": 1756689915979,
          "pot_after_action": 5,
          "side_pots_after_action": [
            {
              "amount": 5,
              "eligible_players": [
                4227173884,
                1315508884
              ]
            }
          ],
          "total_pot_after_action": 5,
          "total_side_pots_after_action": [
            {
              "id": 0,
              "amount": 5,
              "eligible_players": [
                4227173884,
                1315508884
              ]
            }
          ]
        },
        {
          "player": 1315508883,
          "action": "RAISE",
          "amount": 10,
          "timestamp": 1756689915979,
          "pot_after_action": 15,
          "side_pots_after_action": [
            {
              "amount": 10,
              "eligible_players": [
                4227173884,
                1315508884
              ]
            },
            {
              "amount": 5,
              "eligible_players": [
                1315508884
              ]
            }
          ],
          "total_pot_after_action": 15,
          "total_side_pots_after_action": [
            {
              "id": 0,
              "amount": 10,
              "eligible_players": [
                4227173884,
                1315508884
              ]
            },
            {
              "id": 1,
              "amount": 5,
              "eligible_players": [
                1315508884
              ]
            }
          ]
        }
      ],
      "actionTimes": {}
    },
    "1": {
      "pot": 100,
      "bets": {
        "1315508883": 100,
        "4227173883": 0
      },
      "actions": {
        "4227173883": "FOLD",
        "1315508883": "RAISE"
      },
      "action_sequence": [
        {
          "player": 4227173883,
          "action": "CHECK",
          "amount": 0,
          "timestamp": 1756689915982,
          "pot_after_action": 0,
          "side_pots_after_action": [
            {
              "amount": 0,
              "eligible_players": [
                4227173884,
                1315508884
              ]
            }
          ],
          "total_pot_after_action": 15,
          "total_side_pots_after_action": [
            {
              "id": 0,
              "amount": 10,
              "eligible_players": [
                4227173884,
                1315508884
              ]
            },
            {
              "id": 1,
              "amount": 5,
              "eligible_players": [
                1315508884
              ]
            },
            {
              "id": 2,
              "amount": 0,
              "eligible_players": [
                4227173884,
                1315508884
              ]
            }
          ]
        },
        {
          "player": 1315508883,
          "action": "RAISE",
          "amount": 100,
          "timestamp": 1756689915983,
          "pot_after_action": 100,
          "side_pots_after_action": [
            {
              "amount": 100,
              "eligible_players": [
                4227173884,
                1315508884
              ]
            }
          ],
          "total_pot_after_action": 115,
          "total_side_pots_after_action": [
            {
              "id": 0,
              "amount": 10,
              "eligible_players": [
                4227173884,
                1315508884
              ]
            },
            {
              "id": 1,
              "amount": 5,
              "eligible_players": [
                1315508884
              ]
            },
            {
              "id": 2,
              "amount": 100,
              "eligible_players": [
                4227173884,
                1315508884
              ]
            }
          ]
        },
        {
          "player": 4227173883,
          "action": "FOLD",
          "amount": 0,
          "timestamp": 1756689916024,
          "pot_after_action": 100,
          "side_pots_after_action": [
            {
              "amount": 100,
              "eligible_players": [
                4227173884,
                1315508884
              ]
            }
          ],
          "total_pot_after_action": 115,
          "total_side_pots_after_action": [
            {
              "id": 0,
              "amount": 10,
              "eligible_players": [
                4227173884,
                1315508884
              ]
            },
            {
              "id": 1,
              "amount": 5,
              "eligible_players": [
                1315508884
              ]
            },
            {
              "id": 2,
              "amount": 100,
              "eligible_players": [
                4227173884,
                1315508884
              ]
            }
          ]
        }
      ],
      "actionTimes": {
        "4227173883": 46,
        "1315508883": 5
      }
    }
  },
  "playerNames": {
    "1315508883": "player1315508884",
    "4227173883": "player4227173884"
  },
  "blinds": {
    "small": 5,
    "big": 10
  },
  "finalBoard": [
    "8d",
    "Qs",
    "5d",
    "4s"
  ],
  "sidePots": [
    {
      "amount": 0,
      "eligible_players": [
        1315508883
      ]
    }
  ],
  "playerMoney": {
    "initialAmount": 10000,
    "startingMoney": {
      "1315508884": 10025,
      "4227173884": 9975
    },
    "startingDelta": {
      "1315508884": 25,
      "4227173884": -25
    },
    "finalDelta": {
      "1315508884": 30,
      "4227173884": -30
    },
    "gameScores": {
      "1315508884": 5,
      "4227173884": -5
    },
    "finalMoney": {
      "1315508884": 10030,
      "4227173884": 9970
    },
    "thisGameDelta": {
      "1315508884": 5,
      "4227173884": -5
    }
  },
  "playerHands": {
    "1315508883": [
      "Qc",
      "Ad"
    ],
    "4227173883": [
      "Qd",
      "7s"
    ]
  },
  "usernameMapping": {
    "default": 1315508884,
    "client_container_6532_test_client_test_openai_o3_pro_iter_2_20250831_182509_iter2": 4227173884
  },
  "playerIdToUsername": {
    "1315508884": "default",
    "4227173884": "client_container_6532_test_client_test_openai_o3_pro_iter_2_20250831_182509_iter2"
  }
}