{
  "gameId": "8eb70a35-fab2-4a11-811f-1177014e91a1",
  "rounds": {
    "0": {
      "pot": 15,
      "bets": {
        "1315508883": 5,
        "4227173883": 10
      },
      "actions": {
        "1315508883": "RAISE",
        "4227173883": "RAISE"
      },
      "action_sequence": [
        {
          "player": 1315508883,
          "action": "RAISE",
          "amount": 5,
          "timestamp": 1756689916229,
          "pot_after_action": 5,
          "side_pots_after_action": [
            {
              "amount": 5,
              "eligible_players": [
                4227173884,
                1315508884
              ]
            }
          ],
          "total_pot_after_action": 5,
          "total_side_pots_after_action": [
            {
              "id": 0,
              "amount": 5,
              "eligible_players": [
                4227173884,
                1315508884
              ]
            }
          ]
        },
        {
          "player": 4227173883,
          "action": "RAISE",
          "amount": 10,
          "timestamp": 1756689916229,
          "pot_after_action": 15,
          "side_pots_after_action": [
            {
              "amount": 10,
              "eligible_players": [
                4227173884,
                1315508884
              ]
            },
            {
              "amount": 5,
              "eligible_players": [
                4227173884
              ]
            }
          ],
          "total_pot_after_action": 15,
          "total_side_pots_after_action": [
            {
              "id": 0,
              "amount": 10,
              "eligible_players": [
                4227173884,
                1315508884
              ]
            },
            {
              "id": 1,
              "amount": 5,
              "eligible_players": [
                4227173884
              ]
            }
          ]
        }
      ],
      "actionTimes": {}
    },
    "1": {
      "pot": 400,
      "bets": {
        "1315508883": 200,
        "4227173883": 200
      },
      "actions": {
        "1315508883": "CALL",
        "4227173883": "RAISE"
      },
      "action_sequence": [
        {
          "player": 1315508883,
          "action": "RAISE",
          "amount": 100,
          "timestamp": 1756689916232,
          "pot_after_action": 100,
          "side_pots_after_action": [
            {
              "amount": 100,
              "eligible_players": [
                4227173884,
                1315508884
              ]
            }
          ],
          "total_pot_after_action": 115,
          "total_side_pots_after_action": [
            {
              "id": 0,
              "amount": 10,
              "eligible_players": [
                4227173884,
                1315508884
              ]
            },
            {
              "id": 1,
              "amount": 5,
              "eligible_players": [
                4227173884
              ]
            },
            {
              "id": 2,
              "amount": 100,
              "eligible_players": [
                4227173884,
                1315508884
              ]
            }
          ]
        },
        {
          "player": 4227173883,
          "action": "RAISE",
          "amount": 200,
          "timestamp": 1756689916273,
          "pot_after_action": 300,
          "side_pots_after_action": [
            {
              "amount": 200,
              "eligible_players": [
                4227173884,
                1315508884
              ]
            },
            {
              "amount": 100,
              "eligible_players": [
                4227173884
              ]
            }
          ],
          "total_pot_after_action": 315,
          "total_side_pots_after_action": [
            {
              "id": 0,
              "amount": 10,
              "eligible_players": [
                4227173884,
                1315508884
              ]
            },
            {
              "id": 1,
              "amount": 5,
              "eligible_players": [
                4227173884
              ]
            },
            {
              "id": 2,
              "amount": 200,
              "eligible_players": [
                4227173884,
                1315508884
              ]
            },
            {
              "id": 3,
              "amount": 100,
              "eligible_players": [
                4227173884
              ]
            }
          ]
        },
        {
          "player": 1315508883,
          "action": "CALL",
          "amount": 100,
          "timestamp": 1756689916274,
          "pot_after_action": 400,
          "side_pots_after_action": [
            {
              "amount": 400,
              "eligible_players": [
                4227173884,
                1315508884
              ]
            }
          ],
          "total_pot_after_action": 415,
          "total_side_pots_after_action": [
            {
              "id": 0,
              "amount": 10,
              "eligible_players": [
                4227173884,
                1315508884
              ]
            },
            {
              "id": 1,
              "amount": 5,
              "eligible_players": [
                4227173884
              ]
            },
            {
              "id": 2,
              "amount": 400,
              "eligible_players": [
                4227173884,
                1315508884
              ]
            }
          ]
        }
      ],
      "actionTimes": {
        "1315508883": 45,
        "4227173883": 44
      }
    },
    "2": {
      "pot": 0,
      "bets": {
        "1315508883": 0,
        "4227173883": 0
      },
      "actions": {
        "1315508883": "CHECK",
        "4227173883": "CHECK"
      },
      "action_sequence": [
        {
          "player": 1315508883,
          "action": "CHECK",
          "amount": 0,
          "timestamp": 1756689916317,
          "pot_after_action": 0,
          "side_pots_after_action": [
            {
              "amount": 0,
              "eligible_players": [
                4227173884,
                1315508884
              ]
            }
          ],
          "total_pot_after_action": 415,
          "total_side_pots_after_action": [
            {
              "id": 0,
              "amount": 10,
              "eligible_players": [
                4227173884,
                1315508884
              ]
            },
            {
              "id": 1,
              "amount": 5,
              "eligible_players": [
                4227173884
              ]
            },
            {
              "id": 2,
              "amount": 400,
              "eligible_players": [
                4227173884,
                1315508884
              ]
            },
            {
              "id": 3,
              "amount": 0,
              "eligible_players": [
                4227173884,
                1315508884
              ]
            }
          ]
        },
        {
          "player": 4227173883,
          "action": "CHECK",
          "amount": 0,
          "timestamp": 1756689916317,
          "pot_after_action": 0,
          "side_pots_after_action": [
            {
              "amount": 0,
              "eligible_players": [
                4227173884,
                1315508884
              ]
            }
          ],
          "total_pot_after_action": 415,
          "total_side_pots_after_action": [
            {
              "id": 0,
              "amount": 10,
              "eligible_players": [
                4227173884,
                1315508884
              ]
            },
            {
              "id": 1,
              "amount": 5,
              "eligible_players": [
                4227173884
              ]
            },
            {
              "id": 2,
              "amount": 400,
              "eligible_players": [
                4227173884,
                1315508884
              ]
            },
            {
              "id": 3,
              "amount": 0,
              "eligible_players": [
                4227173884,
                1315508884
              ]
            }
          ]
        }
      ],
      "actionTimes": {
        "1315508883": 88,
        "4227173883": 88
      }
    },
    "3": {
      "pot": 0,
      "bets": {
        "1315508883": 0,
        "4227173883": 0
      },
      "actions": {
        "1315508883": "CHECK",
        "4227173883": "CHECK"
      },
      "action_sequence": [
        {
          "player": 1315508883,
          "action": "CHECK",
          "amount": 0,
          "timestamp": 1756689916358,
          "pot_after_action": 0,
          "side_pots_after_action": [
            {
              "amount": 0,
              "eligible_players": [
                4227173884,
                1315508884
              ]
            }
          ],
          "total_pot_after_action": 415,
          "total_side_pots_after_action": [
            {
              "id": 0,
              "amount": 10,
              "eligible_players": [
                4227173884,
                1315508884
              ]
            },
            {
              "id": 1,
              "amount": 5,
              "eligible_players": [
                4227173884
              ]
            },
            {
              "id": 2,
              "amount": 400,
              "eligible_players": [
                4227173884,
                1315508884
              ]
            },
            {
              "id": 3,
              "amount": 0,
              "eligible_players": [
                4227173884,
                1315508884
              ]
            },
            {
              "id": 4,
              "amount": 0,
              "eligible_players": [
                4227173884,
                1315508884
              ]
            }
          ]
        },
        {
          "player": 4227173883,
          "action": "CHECK",
          "amount": 0,
          "timestamp": 1756689916359,
          "pot_after_action": 0,
          "side_pots_after_action": [
            {
              "amount": 0,
              "eligible_players": [
                4227173884,
                1315508884
              ]
            }
          ],
          "total_pot_after_action": 415,
          "total_side_pots_after_action": [
            {
              "id": 0,
              "amount": 10,
              "eligible_players": [
                4227173884,
                1315508884
              ]
            },
            {
              "id": 1,
              "amount": 5,
              "eligible_players": [
                4227173884
              ]
            },
            {
              "id": 2,
              "amount": 400,
              "eligible_players": [
                4227173884,
                1315508884
              ]
            },
            {
              "id": 3,
              "amount": 0,
              "eligible_players": [
                4227173884,
                1315508884
              ]
            },
            {
              "id": 4,
              "amount": 0,
              "eligible_players": [
                4227173884,
                1315508884
              ]
            }
          ]
        }
      ],
      "actionTimes": {
        "1315508883": 129,
        "4227173883": 130
      }
    }
  },
  "playerNames": {
    "1315508883": "player1315508884",
    "4227173883": "player4227173884"
  },
  "blinds": {
    "small": 5,
    "big": 10
  },
  "finalBoard": [
    "6c",
    "9c",
    "9h",
    "7d",
    "Jd"
  ],
  "sidePots": [
    {
      "amount": 0,
      "eligible_players": [
        4227173883,
        1315508883
      ]
    }
  ],
  "playerMoney": {
    "initialAmount": 10000,
    "startingMoney": {
      "1315508884": 10060,
      "4227173884": 9940
    },
    "startingDelta": {
      "1315508884": 60,
      "4227173884": -60
    },
    "finalDelta": {
      "1315508884": 265,
      "4227173884": -265
    },
    "gameScores": {
      "1315508884": 205,
      "4227173884": -205
    },
    "finalMoney": {
      "1315508884": 10265,
      "4227173884": 9735
    },
    "thisGameDelta": {
      "1315508884": 205,
      "4227173884": -205
    }
  },
  "playerHands": {
    "1315508883": [
      "7s",
      "2s"
    ],
    "4227173883": [
      "5d",
      "5c"
    ]
  },
  "usernameMapping": {
    "default": 1315508884,
    "client_container_6532_test_client_test_openai_o3_pro_iter_2_20250831_182509_iter2": 4227173884
  },
  "playerIdToUsername": {
    "1315508884": "default",
    "4227173884": "client_container_6532_test_client_test_openai_o3_pro_iter_2_20250831_182509_iter2"
  }
}