{
  "gameId": "9453c2df-bb92-41b9-9af0-1e26048e03b4",
  "rounds": {
    "0": {
      "pot": 15,
      "bets": {
        "3226387469": 5,
        "1869502967": 10
      },
      "actions": {
        "3226387469": "RAISE",
        "1869502967": "RAISE"
      },
      "action_sequence": [
        {
          "player": 3226387469,
          "action": "RAISE",
          "amount": 5,
          "timestamp": 1756789342818,
          "pot_after_action": 5,
          "side_pots_after_action": [
            {
              "amount": 5,
              "eligible_players": [
                1869502968,
                3226387470
              ]
            }
          ],
          "total_pot_after_action": 5,
          "total_side_pots_after_action": [
            {
              "id": 0,
              "amount": 5,
              "eligible_players": [
                1869502968,
                3226387470
              ]
            }
          ]
        },
        {
          "player": 1869502967,
          "action": "RAISE",
          "amount": 10,
          "timestamp": 1756789342818,
          "pot_after_action": 15,
          "side_pots_after_action": [
            {
              "amount": 10,
              "eligible_players": [
                1869502968,
                3226387470
              ]
            },
            {
              "amount": 5,
              "eligible_players": [
                1869502968
              ]
            }
          ],
          "total_pot_after_action": 15,
          "total_side_pots_after_action": [
            {
              "id": 0,
              "amount": 10,
              "eligible_players": [
                1869502968,
                3226387470
              ]
            },
            {
              "id": 1,
              "amount": 5,
              "eligible_players": [
                1869502968
              ]
            }
          ]
        }
      ],
      "actionTimes": {}
    },
    "1": {
      "pot": 200,
      "bets": {
        "3226387469": 100,
        "1869502967": 100
      },
      "actions": {
        "3226387469": "RAISE",
        "1869502967": "CALL"
      },
      "action_sequence": [
        {
          "player": 3226387469,
          "action": "RAISE",
          "amount": 100,
          "timestamp": 1756789342823,
          "pot_after_action": 100,
          "side_pots_after_action": [
            {
              "amount": 100,
              "eligible_players": [
                1869502968,
                3226387470
              ]
            }
          ],
          "total_pot_after_action": 115,
          "total_side_pots_after_action": [
            {
              "id": 0,
              "amount": 10,
              "eligible_players": [
                1869502968,
                3226387470
              ]
            },
            {
              "id": 1,
              "amount": 5,
              "eligible_players": [
                1869502968
              ]
            },
            {
              "id": 2,
              "amount": 100,
              "eligible_players": [
                1869502968,
                3226387470
              ]
            }
          ]
        },
        {
          "player": 1869502967,
          "action": "CALL",
          "amount": 100,
          "timestamp": 1756789342861,
          "pot_after_action": 200,
          "side_pots_after_action": [
            {
              "amount": 200,
              "eligible_players": [
                1869502968,
                3226387470
              ]
            }
          ],
          "total_pot_after_action": 215,
          "total_side_pots_after_action": [
            {
              "id": 0,
              "amount": 10,
              "eligible_players": [
                1869502968,
                3226387470
              ]
            },
            {
              "id": 1,
              "amount": 5,
              "eligible_players": [
                1869502968
              ]
            },
            {
              "id": 2,
              "amount": 200,
              "eligible_players": [
                1869502968,
                3226387470
              ]
            }
          ]
        }
      ],
      "actionTimes": {
        "3226387469": 5,
        "1869502967": 43
      }
    },
    "2": {
      "pot": 0,
      "bets": {
        "3226387469": 0,
        "1869502967": 0
      },
      "actions": {
        "3226387469": "CHECK",
        "1869502967": "CHECK"
      },
      "action_sequence": [
        {
          "player": 3226387469,
          "action": "CHECK",
          "amount": 0,
          "timestamp": 1756789342906,
          "pot_after_action": 0,
          "side_pots_after_action": [
            {
              "amount": 0,
              "eligible_players": [
                1869502968,
                3226387470
              ]
            }
          ],
          "total_pot_after_action": 215,
          "total_side_pots_after_action": [
            {
              "id": 0,
              "amount": 10,
              "eligible_players": [
                1869502968,
                3226387470
              ]
            },
            {
              "id": 1,
              "amount": 5,
              "eligible_players": [
                1869502968
              ]
            },
            {
              "id": 2,
              "amount": 200,
              "eligible_players": [
                1869502968,
                3226387470
              ]
            },
            {
              "id": 3,
              "amount": 0,
              "eligible_players": [
                1869502968,
                3226387470
              ]
            }
          ]
        },
        {
          "player": 1869502967,
          "action": "CHECK",
          "amount": 0,
          "timestamp": 1756789342907,
          "pot_after_action": 0,
          "side_pots_after_action": [
            {
              "amount": 0,
              "eligible_players": [
                1869502968,
                3226387470
              ]
            }
          ],
          "total_pot_after_action": 215,
          "total_side_pots_after_action": [
            {
              "id": 0,
              "amount": 10,
              "eligible_players": [
                1869502968,
                3226387470
              ]
            },
            {
              "id": 1,
              "amount": 5,
              "eligible_players": [
                1869502968
              ]
            },
            {
              "id": 2,
              "amount": 200,
              "eligible_players": [
                1869502968,
                3226387470
              ]
            },
            {
              "id": 3,
              "amount": 0,
              "eligible_players": [
                1869502968,
                3226387470
              ]
            }
          ]
        }
      ],
      "actionTimes": {
        "3226387469": 88,
        "1869502967": 89
      }
    },
    "3": {
      "pot": 0,
      "bets": {
        "3226387469": 0,
        "1869502967": 0
      },
      "actions": {
        "3226387469": "CHECK",
        "1869502967": "CHECK"
      },
      "action_sequence": [
        {
          "player": 3226387469,
          "action": "CHECK",
          "amount": 0,
          "timestamp": 1756789342950,
          "pot_after_action": 0,
          "side_pots_after_action": [
            {
              "amount": 0,
              "eligible_players": [
                1869502968,
                3226387470
              ]
            }
          ],
          "total_pot_after_action": 215,
          "total_side_pots_after_action": [
            {
              "id": 0,
              "amount": 10,
              "eligible_players": [
                1869502968,
                3226387470
              ]
            },
            {
              "id": 1,
              "amount": 5,
              "eligible_players": [
                1869502968
              ]
            },
            {
              "id": 2,
              "amount": 200,
              "eligible_players": [
                1869502968,
                3226387470
              ]
            },
            {
              "id": 3,
              "amount": 0,
              "eligible_players": [
                1869502968,
                3226387470
              ]
            },
            {
              "id": 4,
              "amount": 0,
              "eligible_players": [
                1869502968,
                3226387470
              ]
            }
          ]
        },
        {
          "player": 1869502967,
          "action": "CHECK",
          "amount": 0,
          "timestamp": 1756789342951,
          "pot_after_action": 0,
          "side_pots_after_action": [
            {
              "amount": 0,
              "eligible_players": [
                1869502968,
                3226387470
              ]
            }
          ],
          "total_pot_after_action": 215,
          "total_side_pots_after_action": [
            {
              "id": 0,
              "amount": 10,
              "eligible_players": [
                1869502968,
                3226387470
              ]
            },
            {
              "id": 1,
              "amount": 5,
              "eligible_players": [
                1869502968
              ]
            },
            {
              "id": 2,
              "amount": 200,
              "eligible_players": [
                1869502968,
                3226387470
              ]
            },
            {
              "id": 3,
              "amount": 0,
              "eligible_players": [
                1869502968,
                3226387470
              ]
            },
            {
              "id": 4,
              "amount": 0,
              "eligible_players": [
                1869502968,
                3226387470
              ]
            }
          ]
        }
      ],
      "actionTimes": {
        "3226387469": 132,
        "1869502967": 133
      }
    }
  },
  "playerNames": {
    "3226387469": "player3226387470",
    "1869502967": "player1869502968"
  },
  "blinds": {
    "small": 5,
    "big": 10
  },
  "finalBoard": [
    "4h",
    "Ts",
    "6h",
    "Qc",
    "Jh"
  ],
  "sidePots": [
    {
      "amount": 0,
      "eligible_players": [
        1869502967,
        3226387469
      ]
    }
  ],
  "playerMoney": {
    "initialAmount": 10000,
    "startingMoney": {
      "3226387470": 9895,
      "1869502968": 10105
    },
    "startingDelta": {
      "3226387470": -105,
      "1869502968": 105
    },
    "finalDelta": {
      "3226387470": -210,
      "1869502968": 210
    },
    "gameScores": {
      "3226387470": -105,
      "1869502968": 105
    },
    "finalMoney": {
      "3226387470": 9790,
      "1869502968": 10210
    },
    "thisGameDelta": {
      "3226387470": -105,
      "1869502968": 105
    }
  },
  "playerHands": {
    "3226387469": [
      "3h",
      "As"
    ],
    "1869502967": [
      "3c",
      "Th"
    ]
  },
  "usernameMapping": {
    "default": 3226387470,
    "client_container_5555_test_client_test_openai_o3_pro_iter_3_20250901_220216_iter3": 1869502968
  },
  "playerIdToUsername": {
    "3226387470": "default",
    "1869502968": "client_container_5555_test_client_test_openai_o3_pro_iter_3_20250901_220216_iter3"
  }
}