{
  "gameId": "e3eecf41-de8a-4506-92a5-816f139eaf66",
  "rounds": {
    "0": {
      "pot": 15,
      "bets": {
        "3790048157": 5,
        "3393362863": 10
      },
      "actions": {
        "3790048157": "RAISE",
        "3393362863": "RAISE"
      },
      "action_sequence": [
        {
          "player": 3790048157,
          "action": "RAISE",
          "amount": 5,
          "timestamp": 1757017634267,
          "pot_after_action": 5,
          "side_pots_after_action": [
            {
              "amount": 5,
              "eligible_players": [
                3393362864,
                3790048158
              ]
            }
          ],
          "total_pot_after_action": 5,
          "total_side_pots_after_action": [
            {
              "id": 0,
              "amount": 5,
              "eligible_players": [
                3393362864,
                3790048158
              ]
            }
          ]
        },
        {
          "player": 3393362863,
          "action": "RAISE",
          "amount": 10,
          "timestamp": 1757017634267,
          "pot_after_action": 15,
          "side_pots_after_action": [
            {
              "amount": 10,
              "eligible_players": [
                3393362864,
                3790048158
              ]
            },
            {
              "amount": 5,
              "eligible_players": [
                3393362864
              ]
            }
          ],
          "total_pot_after_action": 15,
          "total_side_pots_after_action": [
            {
              "id": 0,
              "amount": 10,
              "eligible_players": [
                3393362864,
                3790048158
              ]
            },
            {
              "id": 1,
              "amount": 5,
              "eligible_players": [
                3393362864
              ]
            }
          ]
        }
      ],
      "actionTimes": {}
    },
    "1": {
      "pot": 100,
      "bets": {
        "3790048157": 100,
        "3393362863": 0
      },
      "actions": {
        "3790048157": "RAISE",
        "3393362863": "FOLD"
      },
      "action_sequence": [
        {
          "player": 3790048157,
          "action": "RAISE",
          "amount": 100,
          "timestamp": 1757017634271,
          "pot_after_action": 100,
          "side_pots_after_action": [
            {
              "amount": 100,
              "eligible_players": [
                3393362864,
                3790048158
              ]
            }
          ],
          "total_pot_after_action": 115,
          "total_side_pots_after_action": [
            {
              "id": 0,
              "amount": 10,
              "eligible_players": [
                3393362864,
                3790048158
              ]
            },
            {
              "id": 1,
              "amount": 5,
              "eligible_players": [
                3393362864
              ]
            },
            {
              "id": 2,
              "amount": 100,
              "eligible_players": [
                3393362864,
                3790048158
              ]
            }
          ]
        },
        {
          "player": 3393362863,
          "action": "FOLD",
          "amount": 0,
          "timestamp": 1757017634272,
          "pot_after_action": 100,
          "side_pots_after_action": [
            {
              "amount": 100,
              "eligible_players": [
                3393362864,
                3790048158
              ]
            }
          ],
          "total_pot_after_action": 115,
          "total_side_pots_after_action": [
            {
              "id": 0,
              "amount": 10,
              "eligible_players": [
                3393362864,
                3790048158
              ]
            },
            {
              "id": 1,
              "amount": 5,
              "eligible_players": [
                3393362864
              ]
            },
            {
              "id": 2,
              "amount": 100,
              "eligible_players": [
                3393362864,
                3790048158
              ]
            }
          ]
        }
      ],
      "actionTimes": {
        "3790048157": 4,
        "3393362863": 5
      }
    }
  },
  "playerNames": {
    "3790048157": "player3790048158",
    "3393362863": "player3393362864"
  },
  "blinds": {
    "small": 5,
    "big": 10
  },
  "finalBoard": [
    "Qh",
    "5c",
    "4d",
    "8s"
  ],
  "sidePots": [
    {
      "amount": 0,
      "eligible_players": [
        3790048157
      ]
    }
  ],
  "playerMoney": {
    "initialAmount": 10000,
    "startingMoney": {
      "3790048158": 10045,
      "3393362864": 9955
    },
    "startingDelta": {
      "3790048158": 45,
      "3393362864": -45
    },
    "finalDelta": {
      "3790048158": 55,
      "3393362864": -55
    },
    "gameScores": {
      "3790048158": 10,
      "3393362864": -10
    },
    "finalMoney": {
      "3790048158": 10055,
      "3393362864": 9945
    },
    "thisGameDelta": {
      "3790048158": 10,
      "3393362864": -10
    }
  },
  "playerHands": {
    "3790048157": [
      "3d",
      "5d"
    ],
    "3393362863": [
      "Ts",
      "3s"
    ]
  },
  "usernameMapping": {
    "default": 3790048158,
    "client_container_6279_test_client_test_z_ai_glm_4.5_iter_1_20250904_132707_iter1": 3393362864
  },
  "playerIdToUsername": {
    "3790048158": "default",
    "3393362864": "client_container_6279_test_client_test_z_ai_glm_4.5_iter_1_20250904_132707_iter1"
  }
}