{
  "gameId": "e3eecf41-de8a-4506-92a5-816f139eaf66",
  "rounds": {
    "0": {
      "pot": 15,
      "bets": {
        "3790048157": 10,
        "3393362863": 5
      },
      "actions": {
        "3393362863": "RAISE",
        "3790048157": "RAISE"
      },
      "action_sequence": [
        {
          "player": 3393362863,
          "action": "RAISE",
          "amount": 5,
          "timestamp": 1757017634026,
          "pot_after_action": 5,
          "side_pots_after_action": [
            {
              "amount": 5,
              "eligible_players": [
                3393362864,
                3790048158
              ]
            }
          ],
          "total_pot_after_action": 5,
          "total_side_pots_after_action": [
            {
              "id": 0,
              "amount": 5,
              "eligible_players": [
                3393362864,
                3790048158
              ]
            }
          ]
        },
        {
          "player": 3790048157,
          "action": "RAISE",
          "amount": 10,
          "timestamp": 1757017634026,
          "pot_after_action": 15,
          "side_pots_after_action": [
            {
              "amount": 10,
              "eligible_players": [
                3393362864,
                3790048158
              ]
            },
            {
              "amount": 5,
              "eligible_players": [
                3790048158
              ]
            }
          ],
          "total_pot_after_action": 15,
          "total_side_pots_after_action": [
            {
              "id": 0,
              "amount": 10,
              "eligible_players": [
                3393362864,
                3790048158
              ]
            },
            {
              "id": 1,
              "amount": 5,
              "eligible_players": [
                3790048158
              ]
            }
          ]
        }
      ],
      "actionTimes": {}
    },
    "1": {
      "pot": 100,
      "bets": {
        "3790048157": 100,
        "3393362863": 0
      },
      "actions": {
        "3393362863": "FOLD",
        "3790048157": "RAISE"
      },
      "action_sequence": [
        {
          "player": 3393362863,
          "action": "FOLD",
          "amount": 0,
          "timestamp": 1757017634067,
          "pot_after_action": 0,
          "side_pots_after_action": [
            {
              "amount": 0,
              "eligible_players": [
                3393362864,
                3790048158
              ]
            }
          ],
          "total_pot_after_action": 15,
          "total_side_pots_after_action": [
            {
              "id": 0,
              "amount": 10,
              "eligible_players": [
                3393362864,
                3790048158
              ]
            },
            {
              "id": 1,
              "amount": 5,
              "eligible_players": [
                3790048158
              ]
            },
            {
              "id": 2,
              "amount": 0,
              "eligible_players": [
                3393362864,
                3790048158
              ]
            }
          ]
        },
        {
          "player": 3790048157,
          "action": "RAISE",
          "amount": 100,
          "timestamp": 1757017634068,
          "pot_after_action": 100,
          "side_pots_after_action": [
            {
              "amount": 100,
              "eligible_players": [
                3393362864,
                3790048158
              ]
            }
          ],
          "total_pot_after_action": 115,
          "total_side_pots_after_action": [
            {
              "id": 0,
              "amount": 10,
              "eligible_players": [
                3393362864,
                3790048158
              ]
            },
            {
              "id": 1,
              "amount": 5,
              "eligible_players": [
                3790048158
              ]
            },
            {
              "id": 2,
              "amount": 100,
              "eligible_players": [
                3393362864,
                3790048158
              ]
            }
          ]
        }
      ],
      "actionTimes": {
        "3393362863": 42,
        "3790048157": 43
      }
    }
  },
  "playerNames": {
    "3790048157": "player3790048158",
    "3393362863": "player3393362864"
  },
  "blinds": {
    "small": 5,
    "big": 10
  },
  "finalBoard": [
    "7h",
    "Qc",
    "Qd",
    "2h"
  ],
  "sidePots": [
    {
      "amount": 0,
      "eligible_players": [
        3790048157
      ]
    }
  ],
  "playerMoney": {
    "initialAmount": 10000,
    "startingMoney": {
      "3790048158": 10010,
      "3393362864": 9990
    },
    "startingDelta": {
      "3790048158": 10,
      "3393362864": -10
    },
    "finalDelta": {
      "3790048158": 15,
      "3393362864": -15
    },
    "gameScores": {
      "3790048158": 5,
      "3393362864": -5
    },
    "finalMoney": {
      "3790048158": 10015,
      "3393362864": 9985
    },
    "thisGameDelta": {
      "3790048158": 5,
      "3393362864": -5
    }
  },
  "playerHands": {
    "3790048157": [
      "3h",
      "7d"
    ],
    "3393362863": [
      "2s",
      "4h"
    ]
  },
  "usernameMapping": {
    "default": 3790048158,
    "client_container_6279_test_client_test_z_ai_glm_4.5_iter_1_20250904_132707_iter1": 3393362864
  },
  "playerIdToUsername": {
    "3790048158": "default",
    "3393362864": "client_container_6279_test_client_test_z_ai_glm_4.5_iter_1_20250904_132707_iter1"
  }
}