{
  "gameId": "687a50b5-bf6a-4afa-9dac-9f71ac91d97d",
  "rounds": {
    "0": {
      "pot": 15,
      "bets": {
        "2763535739": 5,
        "1026863501": 10
      },
      "actions": {
        "2763535739": "RAISE",
        "1026863501": "RAISE"
      },
      "action_sequence": [
        {
          "player": 2763535739,
          "action": "RAISE",
          "amount": 5,
          "timestamp": 1757779257562,
          "pot_after_action": 5,
          "side_pots_after_action": [
            {
              "amount": 5,
              "eligible_players": [
                2763535740,
                1026863502
              ]
            }
          ],
          "total_pot_after_action": 5,
          "total_side_pots_after_action": [
            {
              "id": 0,
              "amount": 5,
              "eligible_players": [
                2763535740,
                1026863502
              ]
            }
          ]
        },
        {
          "player": 1026863501,
          "action": "RAISE",
          "amount": 10,
          "timestamp": 1757779257562,
          "pot_after_action": 15,
          "side_pots_after_action": [
            {
              "amount": 10,
              "eligible_players": [
                2763535740,
                1026863502
              ]
            },
            {
              "amount": 5,
              "eligible_players": [
                1026863502
              ]
            }
          ],
          "total_pot_after_action": 15,
          "total_side_pots_after_action": [
            {
              "id": 0,
              "amount": 10,
              "eligible_players": [
                2763535740,
                1026863502
              ]
            },
            {
              "id": 1,
              "amount": 5,
              "eligible_players": [
                1026863502
              ]
            }
          ]
        }
      ],
      "actionTimes": {}
    },
    "1": {
      "pot": 100,
      "bets": {
        "2763535739": 100,
        "1026863501": 0
      },
      "actions": {
        "2763535739": "RAISE",
        "1026863501": "FOLD"
      },
      "action_sequence": [
        {
          "player": 2763535739,
          "action": "RAISE",
          "amount": 100,
          "timestamp": 1757779257564,
          "pot_after_action": 100,
          "side_pots_after_action": [
            {
              "amount": 100,
              "eligible_players": [
                2763535740,
                1026863502
              ]
            }
          ],
          "total_pot_after_action": 115,
          "total_side_pots_after_action": [
            {
              "id": 0,
              "amount": 10,
              "eligible_players": [
                2763535740,
                1026863502
              ]
            },
            {
              "id": 1,
              "amount": 5,
              "eligible_players": [
                1026863502
              ]
            },
            {
              "id": 2,
              "amount": 100,
              "eligible_players": [
                2763535740,
                1026863502
              ]
            }
          ]
        },
        {
          "player": 1026863501,
          "action": "FOLD",
          "amount": 0,
          "timestamp": 1757779257605,
          "pot_after_action": 100,
          "side_pots_after_action": [
            {
              "amount": 100,
              "eligible_players": [
                2763535740,
                1026863502
              ]
            }
          ],
          "total_pot_after_action": 115,
          "total_side_pots_after_action": [
            {
              "id": 0,
              "amount": 10,
              "eligible_players": [
                2763535740,
                1026863502
              ]
            },
            {
              "id": 1,
              "amount": 5,
              "eligible_players": [
                1026863502
              ]
            },
            {
              "id": 2,
              "amount": 100,
              "eligible_players": [
                2763535740,
                1026863502
              ]
            }
          ]
        }
      ],
      "actionTimes": {
        "2763535739": 3,
        "1026863501": 44
      }
    }
  },
  "playerNames": {
    "2763535739": "player2763535740",
    "1026863501": "player1026863502"
  },
  "blinds": {
    "small": 5,
    "big": 10
  },
  "finalBoard": [
    "8d",
    "Tc",
    "3c",
    "2h"
  ],
  "sidePots": [
    {
      "amount": 0,
      "eligible_players": [
        2763535739
      ]
    }
  ],
  "playerMoney": {
    "initialAmount": 10000,
    "startingMoney": {
      "2763535740": 10060,
      "1026863502": 9940
    },
    "startingDelta": {
      "2763535740": 60,
      "1026863502": -60
    },
    "finalDelta": {
      "2763535740": 70,
      "1026863502": -70
    },
    "gameScores": {
      "2763535740": 10,
      "1026863502": -10
    },
    "finalMoney": {
      "2763535740": 10070,
      "1026863502": 9930
    },
    "thisGameDelta": {
      "2763535740": 10,
      "1026863502": -10
    }
  },
  "playerHands": {
    "2763535739": [
      "3d",
      "Ks"
    ],
    "1026863501": [
      "4h",
      "4s"
    ]
  },
  "usernameMapping": {
    "default": 2763535740,
    "client_container_6061_test_client_test_openai_o3_pro_iter_1_20250913_120051_iter1": 1026863502
  },
  "playerIdToUsername": {
    "2763535740": "default",
    "1026863502": "client_container_6061_test_client_test_openai_o3_pro_iter_1_20250913_120051_iter1"
  }
}