{
  "gameId": "687a50b5-bf6a-4afa-9dac-9f71ac91d97d",
  "rounds": {
    "0": {
      "pot": 15,
      "bets": {
        "2763535739": 10,
        "1026863501": 5
      },
      "actions": {
        "1026863501": "RAISE",
        "2763535739": "RAISE"
      },
      "action_sequence": [
        {
          "player": 1026863501,
          "action": "RAISE",
          "amount": 5,
          "timestamp": 1757779257387,
          "pot_after_action": 5,
          "side_pots_after_action": [
            {
              "amount": 5,
              "eligible_players": [
                2763535740,
                1026863502
              ]
            }
          ],
          "total_pot_after_action": 5,
          "total_side_pots_after_action": [
            {
              "id": 0,
              "amount": 5,
              "eligible_players": [
                2763535740,
                1026863502
              ]
            }
          ]
        },
        {
          "player": 2763535739,
          "action": "RAISE",
          "amount": 10,
          "timestamp": 1757779257387,
          "pot_after_action": 15,
          "side_pots_after_action": [
            {
              "amount": 10,
              "eligible_players": [
                2763535740,
                1026863502
              ]
            },
            {
              "amount": 5,
              "eligible_players": [
                2763535740
              ]
            }
          ],
          "total_pot_after_action": 15,
          "total_side_pots_after_action": [
            {
              "id": 0,
              "amount": 10,
              "eligible_players": [
                2763535740,
                1026863502
              ]
            },
            {
              "id": 1,
              "amount": 5,
              "eligible_players": [
                2763535740
              ]
            }
          ]
        }
      ],
      "actionTimes": {}
    },
    "1": {
      "pot": 100,
      "bets": {
        "2763535739": 100,
        "1026863501": 0
      },
      "actions": {
        "1026863501": "FOLD",
        "2763535739": "RAISE"
      },
      "action_sequence": [
        {
          "player": 1026863501,
          "action": "CHECK",
          "amount": 0,
          "timestamp": 1757779257390,
          "pot_after_action": 0,
          "side_pots_after_action": [
            {
              "amount": 0,
              "eligible_players": [
                2763535740,
                1026863502
              ]
            }
          ],
          "total_pot_after_action": 15,
          "total_side_pots_after_action": [
            {
              "id": 0,
              "amount": 10,
              "eligible_players": [
                2763535740,
                1026863502
              ]
            },
            {
              "id": 1,
              "amount": 5,
              "eligible_players": [
                2763535740
              ]
            },
            {
              "id": 2,
              "amount": 0,
              "eligible_players": [
                2763535740,
                1026863502
              ]
            }
          ]
        },
        {
          "player": 2763535739,
          "action": "RAISE",
          "amount": 100,
          "timestamp": 1757779257391,
          "pot_after_action": 100,
          "side_pots_after_action": [
            {
              "amount": 100,
              "eligible_players": [
                2763535740,
                1026863502
              ]
            }
          ],
          "total_pot_after_action": 115,
          "total_side_pots_after_action": [
            {
              "id": 0,
              "amount": 10,
              "eligible_players": [
                2763535740,
                1026863502
              ]
            },
            {
              "id": 1,
              "amount": 5,
              "eligible_players": [
                2763535740
              ]
            },
            {
              "id": 2,
              "amount": 100,
              "eligible_players": [
                2763535740,
                1026863502
              ]
            }
          ]
        },
        {
          "player": 1026863501,
          "action": "FOLD",
          "amount": 0,
          "timestamp": 1757779257431,
          "pot_after_action": 100,
          "side_pots_after_action": [
            {
              "amount": 100,
              "eligible_players": [
                2763535740,
                1026863502
              ]
            }
          ],
          "total_pot_after_action": 115,
          "total_side_pots_after_action": [
            {
              "id": 0,
              "amount": 10,
              "eligible_players": [
                2763535740,
                1026863502
              ]
            },
            {
              "id": 1,
              "amount": 5,
              "eligible_players": [
                2763535740
              ]
            },
            {
              "id": 2,
              "amount": 100,
              "eligible_players": [
                2763535740,
                1026863502
              ]
            }
          ]
        }
      ],
      "actionTimes": {
        "1026863501": 45,
        "2763535739": 5
      }
    }
  },
  "playerNames": {
    "2763535739": "player2763535740",
    "1026863501": "player1026863502"
  },
  "blinds": {
    "small": 5,
    "big": 10
  },
  "finalBoard": [
    "Qd",
    "6c",
    "2h",
    "5h"
  ],
  "sidePots": [
    {
      "amount": 0,
      "eligible_players": [
        2763535739
      ]
    }
  ],
  "playerMoney": {
    "initialAmount": 10000,
    "startingMoney": {
      "2763535740": 10040,
      "1026863502": 9960
    },
    "startingDelta": {
      "2763535740": 40,
      "1026863502": -40
    },
    "finalDelta": {
      "2763535740": 45,
      "1026863502": -45
    },
    "gameScores": {
      "2763535740": 5,
      "1026863502": -5
    },
    "finalMoney": {
      "2763535740": 10045,
      "1026863502": 9955
    },
    "thisGameDelta": {
      "2763535740": 5,
      "1026863502": -5
    }
  },
  "playerHands": {
    "2763535739": [
      "Ts",
      "Qh"
    ],
    "1026863501": [
      "8d",
      "8s"
    ]
  },
  "usernameMapping": {
    "default": 2763535740,
    "client_container_6061_test_client_test_openai_o3_pro_iter_1_20250913_120051_iter1": 1026863502
  },
  "playerIdToUsername": {
    "2763535740": "default",
    "1026863502": "client_container_6061_test_client_test_openai_o3_pro_iter_1_20250913_120051_iter1"
  }
}