{
  "gameId": "b6b85b61-df08-481a-bf29-677b124d7fc6",
  "rounds": {
    "0": {
      "pot": 15,
      "bets": {
        "1795442392": 5,
        "3871411997": 10
      },
      "actions": {
        "1795442392": "RAISE",
        "3871411997": "RAISE"
      },
      "action_sequence": [
        {
          "player": 1795442392,
          "action": "RAISE",
          "amount": 5,
          "timestamp": 1757871675161,
          "pot_after_action": 5,
          "side_pots_after_action": [
            {
              "amount": 5,
              "eligible_players": [
                1795442393,
                3871411998
              ]
            }
          ],
          "total_pot_after_action": 5,
          "total_side_pots_after_action": [
            {
              "id": 0,
              "amount": 5,
              "eligible_players": [
                1795442393,
                3871411998
              ]
            }
          ]
        },
        {
          "player": 3871411997,
          "action": "RAISE",
          "amount": 10,
          "timestamp": 1757871675161,
          "pot_after_action": 15,
          "side_pots_after_action": [
            {
              "amount": 10,
              "eligible_players": [
                1795442393,
                3871411998
              ]
            },
            {
              "amount": 5,
              "eligible_players": [
                3871411998
              ]
            }
          ],
          "total_pot_after_action": 15,
          "total_side_pots_after_action": [
            {
              "id": 0,
              "amount": 10,
              "eligible_players": [
                1795442393,
                3871411998
              ]
            },
            {
              "id": 1,
              "amount": 5,
              "eligible_players": [
                3871411998
              ]
            }
          ]
        }
      ],
      "actionTimes": {}
    },
    "1": {
      "pot": 100,
      "bets": {
        "1795442392": 100,
        "3871411997": 0
      },
      "actions": {
        "1795442392": "RAISE",
        "3871411997": "FOLD"
      },
      "action_sequence": [
        {
          "player": 1795442392,
          "action": "RAISE",
          "amount": 100,
          "timestamp": 1757871675164,
          "pot_after_action": 100,
          "side_pots_after_action": [
            {
              "amount": 100,
              "eligible_players": [
                1795442393,
                3871411998
              ]
            }
          ],
          "total_pot_after_action": 115,
          "total_side_pots_after_action": [
            {
              "id": 0,
              "amount": 10,
              "eligible_players": [
                1795442393,
                3871411998
              ]
            },
            {
              "id": 1,
              "amount": 5,
              "eligible_players": [
                3871411998
              ]
            },
            {
              "id": 2,
              "amount": 100,
              "eligible_players": [
                1795442393,
                3871411998
              ]
            }
          ]
        },
        {
          "player": 3871411997,
          "action": "FOLD",
          "amount": 0,
          "timestamp": 1757871675204,
          "pot_after_action": 100,
          "side_pots_after_action": [
            {
              "amount": 100,
              "eligible_players": [
                1795442393,
                3871411998
              ]
            }
          ],
          "total_pot_after_action": 115,
          "total_side_pots_after_action": [
            {
              "id": 0,
              "amount": 10,
              "eligible_players": [
                1795442393,
                3871411998
              ]
            },
            {
              "id": 1,
              "amount": 5,
              "eligible_players": [
                3871411998
              ]
            },
            {
              "id": 2,
              "amount": 100,
              "eligible_players": [
                1795442393,
                3871411998
              ]
            }
          ]
        }
      ],
      "actionTimes": {
        "1795442392": 3,
        "3871411997": 43
      }
    }
  },
  "playerNames": {
    "1795442392": "player1795442393",
    "3871411997": "player3871411998"
  },
  "blinds": {
    "small": 5,
    "big": 10
  },
  "finalBoard": [
    "Td",
    "8s",
    "6s",
    "As"
  ],
  "sidePots": [
    {
      "amount": 0,
      "eligible_players": [
        1795442392
      ]
    }
  ],
  "playerMoney": {
    "initialAmount": 10000,
    "startingMoney": {
      "1795442393": 10015,
      "3871411998": 9985
    },
    "startingDelta": {
      "1795442393": 15,
      "3871411998": -15
    },
    "finalDelta": {
      "1795442393": 25,
      "3871411998": -25
    },
    "gameScores": {
      "1795442393": 10,
      "3871411998": -10
    },
    "finalMoney": {
      "1795442393": 10025,
      "3871411998": 9975
    },
    "thisGameDelta": {
      "1795442393": 10,
      "3871411998": -10
    }
  },
  "playerHands": {
    "1795442392": [
      "Th",
      "9c"
    ],
    "3871411997": [
      "Jh",
      "Ad"
    ]
  },
  "usernameMapping": {
    "default": 1795442393,
    "client_container_5468_test_client_test_moonshotai_kimi_k2_iter_5_20250914_134108_iter5": 3871411998
  },
  "playerIdToUsername": {
    "1795442393": "default",
    "3871411998": "client_container_5468_test_client_test_moonshotai_kimi_k2_iter_5_20250914_134108_iter5"
  }
}