{
  "gameId": "b6b85b61-df08-481a-bf29-677b124d7fc6",
  "rounds": {
    "0": {
      "pot": 15,
      "bets": {
        "1795442392": 10,
        "3871411997": 5
      },
      "actions": {
        "3871411997": "RAISE",
        "1795442392": "RAISE"
      },
      "action_sequence": [
        {
          "player": 3871411997,
          "action": "RAISE",
          "amount": 5,
          "timestamp": 1757871675337,
          "pot_after_action": 5,
          "side_pots_after_action": [
            {
              "amount": 5,
              "eligible_players": [
                1795442393,
                3871411998
              ]
            }
          ],
          "total_pot_after_action": 5,
          "total_side_pots_after_action": [
            {
              "id": 0,
              "amount": 5,
              "eligible_players": [
                1795442393,
                3871411998
              ]
            }
          ]
        },
        {
          "player": 1795442392,
          "action": "RAISE",
          "amount": 10,
          "timestamp": 1757871675337,
          "pot_after_action": 15,
          "side_pots_after_action": [
            {
              "amount": 10,
              "eligible_players": [
                1795442393,
                3871411998
              ]
            },
            {
              "amount": 5,
              "eligible_players": [
                1795442393
              ]
            }
          ],
          "total_pot_after_action": 15,
          "total_side_pots_after_action": [
            {
              "id": 0,
              "amount": 10,
              "eligible_players": [
                1795442393,
                3871411998
              ]
            },
            {
              "id": 1,
              "amount": 5,
              "eligible_players": [
                1795442393
              ]
            }
          ]
        }
      ],
      "actionTimes": {}
    },
    "1": {
      "pot": 100,
      "bets": {
        "1795442392": 100,
        "3871411997": 0
      },
      "actions": {
        "3871411997": "FOLD",
        "1795442392": "RAISE"
      },
      "action_sequence": [
        {
          "player": 3871411997,
          "action": "CHECK",
          "amount": 0,
          "timestamp": 1757871675342,
          "pot_after_action": 0,
          "side_pots_after_action": [
            {
              "amount": 0,
              "eligible_players": [
                1795442393,
                3871411998
              ]
            }
          ],
          "total_pot_after_action": 15,
          "total_side_pots_after_action": [
            {
              "id": 0,
              "amount": 10,
              "eligible_players": [
                1795442393,
                3871411998
              ]
            },
            {
              "id": 1,
              "amount": 5,
              "eligible_players": [
                1795442393
              ]
            },
            {
              "id": 2,
              "amount": 0,
              "eligible_players": [
                1795442393,
                3871411998
              ]
            }
          ]
        },
        {
          "player": 1795442392,
          "action": "RAISE",
          "amount": 100,
          "timestamp": 1757871675380,
          "pot_after_action": 100,
          "side_pots_after_action": [
            {
              "amount": 100,
              "eligible_players": [
                1795442393,
                3871411998
              ]
            }
          ],
          "total_pot_after_action": 115,
          "total_side_pots_after_action": [
            {
              "id": 0,
              "amount": 10,
              "eligible_players": [
                1795442393,
                3871411998
              ]
            },
            {
              "id": 1,
              "amount": 5,
              "eligible_players": [
                1795442393
              ]
            },
            {
              "id": 2,
              "amount": 100,
              "eligible_players": [
                1795442393,
                3871411998
              ]
            }
          ]
        },
        {
          "player": 3871411997,
          "action": "FOLD",
          "amount": 0,
          "timestamp": 1757871675384,
          "pot_after_action": 100,
          "side_pots_after_action": [
            {
              "amount": 100,
              "eligible_players": [
                1795442393,
                3871411998
              ]
            }
          ],
          "total_pot_after_action": 115,
          "total_side_pots_after_action": [
            {
              "id": 0,
              "amount": 10,
              "eligible_players": [
                1795442393,
                3871411998
              ]
            },
            {
              "id": 1,
              "amount": 5,
              "eligible_players": [
                1795442393
              ]
            },
            {
              "id": 2,
              "amount": 100,
              "eligible_players": [
                1795442393,
                3871411998
              ]
            }
          ]
        }
      ],
      "actionTimes": {
        "3871411997": 47,
        "1795442392": 43
      }
    }
  },
  "playerNames": {
    "1795442392": "player1795442393",
    "3871411997": "player3871411998"
  },
  "blinds": {
    "small": 5,
    "big": 10
  },
  "finalBoard": [
    "Ah",
    "Ad",
    "6d",
    "2c"
  ],
  "sidePots": [
    {
      "amount": 0,
      "eligible_players": [
        1795442392
      ]
    }
  ],
  "playerMoney": {
    "initialAmount": 10000,
    "startingMoney": {
      "1795442393": 10040,
      "3871411998": 9960
    },
    "startingDelta": {
      "1795442393": 40,
      "3871411998": -40
    },
    "finalDelta": {
      "1795442393": 45,
      "3871411998": -45
    },
    "gameScores": {
      "1795442393": 5,
      "3871411998": -5
    },
    "finalMoney": {
      "1795442393": 10045,
      "3871411998": 9955
    },
    "thisGameDelta": {
      "1795442393": 5,
      "3871411998": -5
    }
  },
  "playerHands": {
    "1795442392": [
      "8d",
      "4s"
    ],
    "3871411997": [
      "Qh",
      "Js"
    ]
  },
  "usernameMapping": {
    "default": 1795442393,
    "client_container_5468_test_client_test_moonshotai_kimi_k2_iter_5_20250914_134108_iter5": 3871411998
  },
  "playerIdToUsername": {
    "1795442393": "default",
    "3871411998": "client_container_5468_test_client_test_moonshotai_kimi_k2_iter_5_20250914_134108_iter5"
  }
}