{
  "gameId": "2fa262e3-13c3-4415-b6ef-00cfea87bc56",
  "rounds": {
    "0": {
      "pot": 15,
      "bets": {
        "556364225": 10,
        "3813989215": 5
      },
      "actions": {
        "3813989215": "RAISE",
        "556364225": "RAISE"
      },
      "action_sequence": [
        {
          "player": 3813989215,
          "action": "RAISE",
          "amount": 5,
          "timestamp": 1757780754188,
          "pot_after_action": 5,
          "side_pots_after_action": [
            {
              "amount": 5,
              "eligible_players": [
                3813989216,
                556364226
              ]
            }
          ],
          "total_pot_after_action": 5,
          "total_side_pots_after_action": [
            {
              "id": 0,
              "amount": 5,
              "eligible_players": [
                3813989216,
                556364226
              ]
            }
          ]
        },
        {
          "player": 556364225,
          "action": "RAISE",
          "amount": 10,
          "timestamp": 1757780754188,
          "pot_after_action": 15,
          "side_pots_after_action": [
            {
              "amount": 10,
              "eligible_players": [
                3813989216,
                556364226
              ]
            },
            {
              "amount": 5,
              "eligible_players": [
                556364226
              ]
            }
          ],
          "total_pot_after_action": 15,
          "total_side_pots_after_action": [
            {
              "id": 0,
              "amount": 10,
              "eligible_players": [
                3813989216,
                556364226
              ]
            },
            {
              "id": 1,
              "amount": 5,
              "eligible_players": [
                556364226
              ]
            }
          ]
        }
      ],
      "actionTimes": {}
    },
    "1": {
      "pot": 100,
      "bets": {
        "556364225": 100,
        "3813989215": 0
      },
      "actions": {
        "3813989215": "FOLD",
        "556364225": "RAISE"
      },
      "action_sequence": [
        {
          "player": 3813989215,
          "action": "CALL",
          "amount": 0,
          "timestamp": 1757780754192,
          "pot_after_action": 0,
          "side_pots_after_action": [
            {
              "amount": 0,
              "eligible_players": [
                3813989216,
                556364226
              ]
            }
          ],
          "total_pot_after_action": 15,
          "total_side_pots_after_action": [
            {
              "id": 0,
              "amount": 10,
              "eligible_players": [
                3813989216,
                556364226
              ]
            },
            {
              "id": 1,
              "amount": 5,
              "eligible_players": [
                556364226
              ]
            },
            {
              "id": 2,
              "amount": 0,
              "eligible_players": [
                3813989216,
                556364226
              ]
            }
          ]
        },
        {
          "player": 556364225,
          "action": "RAISE",
          "amount": 100,
          "timestamp": 1757780754192,
          "pot_after_action": 100,
          "side_pots_after_action": [
            {
              "amount": 100,
              "eligible_players": [
                3813989216,
                556364226
              ]
            }
          ],
          "total_pot_after_action": 115,
          "total_side_pots_after_action": [
            {
              "id": 0,
              "amount": 10,
              "eligible_players": [
                3813989216,
                556364226
              ]
            },
            {
              "id": 1,
              "amount": 5,
              "eligible_players": [
                556364226
              ]
            },
            {
              "id": 2,
              "amount": 100,
              "eligible_players": [
                3813989216,
                556364226
              ]
            }
          ]
        },
        {
          "player": 3813989215,
          "action": "FOLD",
          "amount": 0,
          "timestamp": 1757780754234,
          "pot_after_action": 100,
          "side_pots_after_action": [
            {
              "amount": 100,
              "eligible_players": [
                3813989216,
                556364226
              ]
            }
          ],
          "total_pot_after_action": 115,
          "total_side_pots_after_action": [
            {
              "id": 0,
              "amount": 10,
              "eligible_players": [
                3813989216,
                556364226
              ]
            },
            {
              "id": 1,
              "amount": 5,
              "eligible_players": [
                556364226
              ]
            },
            {
              "id": 2,
              "amount": 100,
              "eligible_players": [
                3813989216,
                556364226
              ]
            }
          ]
        }
      ],
      "actionTimes": {
        "3813989215": 46,
        "556364225": 4
      }
    }
  },
  "playerNames": {
    "556364225": "player556364226",
    "3813989215": "player3813989216"
  },
  "blinds": {
    "small": 5,
    "big": 10
  },
  "finalBoard": [
    "6d",
    "Kc",
    "5h",
    "Qh"
  ],
  "sidePots": [
    {
      "amount": 0,
      "eligible_players": [
        556364225
      ]
    }
  ],
  "playerMoney": {
    "initialAmount": 10000,
    "startingMoney": {
      "556364226": 10070,
      "3813989216": 9930
    },
    "startingDelta": {
      "556364226": 70,
      "3813989216": -70
    },
    "finalDelta": {
      "556364226": 75,
      "3813989216": -75
    },
    "gameScores": {
      "556364226": 5,
      "3813989216": -5
    },
    "finalMoney": {
      "556364226": 10075,
      "3813989216": 9925
    },
    "thisGameDelta": {
      "556364226": 5,
      "3813989216": -5
    }
  },
  "playerHands": {
    "556364225": [
      "8h",
      "3c"
    ],
    "3813989215": [
      "3h",
      "Ts"
    ]
  },
  "usernameMapping": {
    "default": 556364226,
    "client_container_5633_test_client_test_hermes_hermes_4_405b_iter_3_20250913_122547_iter3": 3813989216
  },
  "playerIdToUsername": {
    "556364226": "default",
    "3813989216": "client_container_5633_test_client_test_hermes_hermes_4_405b_iter_3_20250913_122547_iter3"
  }
}