{
  "gameId": "bccc41bb-7de6-49bf-ba91-06105bcc4d35",
  "rounds": {
    "0": {
      "pot": 15,
      "bets": {
        "139305458": 5,
        "576308917": 10
      },
      "actions": {
        "139305458": "RAISE",
        "576308917": "RAISE"
      },
      "action_sequence": [
        {
          "player": 139305458,
          "action": "RAISE",
          "amount": 5,
          "timestamp": 1757646991647,
          "pot_after_action": 5,
          "side_pots_after_action": [
            {
              "amount": 5,
              "eligible_players": [
                139305459,
                576308918
              ]
            }
          ],
          "total_pot_after_action": 5,
          "total_side_pots_after_action": [
            {
              "id": 0,
              "amount": 5,
              "eligible_players": [
                139305459,
                576308918
              ]
            }
          ]
        },
        {
          "player": 576308917,
          "action": "RAISE",
          "amount": 10,
          "timestamp": 1757646991647,
          "pot_after_action": 15,
          "side_pots_after_action": [
            {
              "amount": 10,
              "eligible_players": [
                139305459,
                576308918
              ]
            },
            {
              "amount": 5,
              "eligible_players": [
                576308918
              ]
            }
          ],
          "total_pot_after_action": 15,
          "total_side_pots_after_action": [
            {
              "id": 0,
              "amount": 10,
              "eligible_players": [
                139305459,
                576308918
              ]
            },
            {
              "id": 1,
              "amount": 5,
              "eligible_players": [
                576308918
              ]
            }
          ]
        }
      ],
      "actionTimes": {}
    },
    "1": {
      "pot": 100,
      "bets": {
        "139305458": 100,
        "576308917": 0
      },
      "actions": {
        "139305458": "RAISE",
        "576308917": "FOLD"
      },
      "action_sequence": [
        {
          "player": 139305458,
          "action": "RAISE",
          "amount": 100,
          "timestamp": 1757646991651,
          "pot_after_action": 100,
          "side_pots_after_action": [
            {
              "amount": 100,
              "eligible_players": [
                139305459,
                576308918
              ]
            }
          ],
          "total_pot_after_action": 115,
          "total_side_pots_after_action": [
            {
              "id": 0,
              "amount": 10,
              "eligible_players": [
                139305459,
                576308918
              ]
            },
            {
              "id": 1,
              "amount": 5,
              "eligible_players": [
                576308918
              ]
            },
            {
              "id": 2,
              "amount": 100,
              "eligible_players": [
                139305459,
                576308918
              ]
            }
          ]
        },
        {
          "player": 576308917,
          "action": "FOLD",
          "amount": 0,
          "timestamp": 1757646991652,
          "pot_after_action": 100,
          "side_pots_after_action": [
            {
              "amount": 100,
              "eligible_players": [
                139305459,
                576308918
              ]
            }
          ],
          "total_pot_after_action": 115,
          "total_side_pots_after_action": [
            {
              "id": 0,
              "amount": 10,
              "eligible_players": [
                139305459,
                576308918
              ]
            },
            {
              "id": 1,
              "amount": 5,
              "eligible_players": [
                576308918
              ]
            },
            {
              "id": 2,
              "amount": 100,
              "eligible_players": [
                139305459,
                576308918
              ]
            }
          ]
        }
      ],
      "actionTimes": {
        "139305458": 5,
        "576308917": 6
      }
    }
  },
  "playerNames": {
    "139305458": "player139305459",
    "576308917": "player576308918"
  },
  "blinds": {
    "small": 5,
    "big": 10
  },
  "finalBoard": [
    "Qs",
    "6s",
    "Kd",
    "Ks"
  ],
  "sidePots": [
    {
      "amount": 0,
      "eligible_players": [
        139305458
      ]
    }
  ],
  "playerMoney": {
    "initialAmount": 10000,
    "startingMoney": {
      "139305459": 10000,
      "576308918": 10000
    },
    "startingDelta": {
      "139305459": 0,
      "576308918": 0
    },
    "finalDelta": {
      "139305459": 10,
      "576308918": -10
    },
    "gameScores": {
      "139305459": 10,
      "576308918": -10
    },
    "finalMoney": {
      "139305459": 10010,
      "576308918": 9990
    },
    "thisGameDelta": {
      "139305459": 10,
      "576308918": -10
    }
  },
  "playerHands": {
    "139305458": [
      "5h",
      "Qc"
    ],
    "576308917": [
      "Kh",
      "Jh"
    ]
  },
  "usernameMapping": {
    "default": 139305459,
    "client_container_6627_test_client_test_openai_o3_pro_iter_4_20250911_201625_iter4": 576308918
  },
  "playerIdToUsername": {
    "139305459": "default",
    "576308918": "client_container_6627_test_client_test_openai_o3_pro_iter_4_20250911_201625_iter4"
  }
}