{
  "gameId": "bccc41bb-7de6-49bf-ba91-06105bcc4d35",
  "rounds": {
    "0": {
      "pot": 15,
      "bets": {
        "139305458": 10,
        "576308917": 5
      },
      "actions": {
        "576308917": "RAISE",
        "139305458": "RAISE"
      },
      "action_sequence": [
        {
          "player": 576308917,
          "action": "RAISE",
          "amount": 5,
          "timestamp": 1757646991980,
          "pot_after_action": 5,
          "side_pots_after_action": [
            {
              "amount": 5,
              "eligible_players": [
                139305459,
                576308918
              ]
            }
          ],
          "total_pot_after_action": 5,
          "total_side_pots_after_action": [
            {
              "id": 0,
              "amount": 5,
              "eligible_players": [
                139305459,
                576308918
              ]
            }
          ]
        },
        {
          "player": 139305458,
          "action": "RAISE",
          "amount": 10,
          "timestamp": 1757646991980,
          "pot_after_action": 15,
          "side_pots_after_action": [
            {
              "amount": 10,
              "eligible_players": [
                139305459,
                576308918
              ]
            },
            {
              "amount": 5,
              "eligible_players": [
                139305459
              ]
            }
          ],
          "total_pot_after_action": 15,
          "total_side_pots_after_action": [
            {
              "id": 0,
              "amount": 10,
              "eligible_players": [
                139305459,
                576308918
              ]
            },
            {
              "id": 1,
              "amount": 5,
              "eligible_players": [
                139305459
              ]
            }
          ]
        }
      ],
      "actionTimes": {}
    },
    "1": {
      "pot": 100,
      "bets": {
        "139305458": 100,
        "576308917": 0
      },
      "actions": {
        "576308917": "FOLD",
        "139305458": "RAISE"
      },
      "action_sequence": [
        {
          "player": 576308917,
          "action": "CHECK",
          "amount": 0,
          "timestamp": 1757646992022,
          "pot_after_action": 0,
          "side_pots_after_action": [
            {
              "amount": 0,
              "eligible_players": [
                139305459,
                576308918
              ]
            }
          ],
          "total_pot_after_action": 15,
          "total_side_pots_after_action": [
            {
              "id": 0,
              "amount": 10,
              "eligible_players": [
                139305459,
                576308918
              ]
            },
            {
              "id": 1,
              "amount": 5,
              "eligible_players": [
                139305459
              ]
            },
            {
              "id": 2,
              "amount": 0,
              "eligible_players": [
                139305459,
                576308918
              ]
            }
          ]
        },
        {
          "player": 139305458,
          "action": "RAISE",
          "amount": 100,
          "timestamp": 1757646992023,
          "pot_after_action": 100,
          "side_pots_after_action": [
            {
              "amount": 100,
              "eligible_players": [
                139305459,
                576308918
              ]
            }
          ],
          "total_pot_after_action": 115,
          "total_side_pots_after_action": [
            {
              "id": 0,
              "amount": 10,
              "eligible_players": [
                139305459,
                576308918
              ]
            },
            {
              "id": 1,
              "amount": 5,
              "eligible_players": [
                139305459
              ]
            },
            {
              "id": 2,
              "amount": 100,
              "eligible_players": [
                139305459,
                576308918
              ]
            }
          ]
        },
        {
          "player": 576308917,
          "action": "FOLD",
          "amount": 0,
          "timestamp": 1757646992064,
          "pot_after_action": 100,
          "side_pots_after_action": [
            {
              "amount": 100,
              "eligible_players": [
                139305459,
                576308918
              ]
            }
          ],
          "total_pot_after_action": 115,
          "total_side_pots_after_action": [
            {
              "id": 0,
              "amount": 10,
              "eligible_players": [
                139305459,
                576308918
              ]
            },
            {
              "id": 1,
              "amount": 5,
              "eligible_players": [
                139305459
              ]
            },
            {
              "id": 2,
              "amount": 100,
              "eligible_players": [
                139305459,
                576308918
              ]
            }
          ]
        }
      ],
      "actionTimes": {
        "576308917": 85,
        "139305458": 44
      }
    }
  },
  "playerNames": {
    "139305458": "player139305459",
    "576308917": "player576308918"
  },
  "blinds": {
    "small": 5,
    "big": 10
  },
  "finalBoard": [
    "Kd",
    "4h",
    "Ad",
    "7h"
  ],
  "sidePots": [
    {
      "amount": 0,
      "eligible_players": [
        139305458
      ]
    }
  ],
  "playerMoney": {
    "initialAmount": 10000,
    "startingMoney": {
      "139305459": 10040,
      "576308918": 9960
    },
    "startingDelta": {
      "139305459": 40,
      "576308918": -40
    },
    "finalDelta": {
      "139305459": 45,
      "576308918": -45
    },
    "gameScores": {
      "139305459": 5,
      "576308918": -5
    },
    "finalMoney": {
      "139305459": 10045,
      "576308918": 9955
    },
    "thisGameDelta": {
      "139305459": 5,
      "576308918": -5
    }
  },
  "playerHands": {
    "139305458": [
      "Jc",
      "Kc"
    ],
    "576308917": [
      "Qd",
      "2d"
    ]
  },
  "usernameMapping": {
    "default": 139305459,
    "client_container_6627_test_client_test_openai_o3_pro_iter_4_20250911_201625_iter4": 576308918
  },
  "playerIdToUsername": {
    "139305459": "default",
    "576308918": "client_container_6627_test_client_test_openai_o3_pro_iter_4_20250911_201625_iter4"
  }
}