{
  "gameId": "93bd6145-d38e-48d7-899a-a97d42ea9f39",
  "rounds": {
    "0": {
      "pot": 15,
      "bets": {
        "623867416": 10,
        "3253975108": 5
      },
      "actions": {
        "3253975108": "RAISE",
        "623867416": "RAISE"
      },
      "action_sequence": [
        {
          "player": 3253975108,
          "action": "RAISE",
          "amount": 5,
          "timestamp": 1756958077213,
          "pot_after_action": 5,
          "side_pots_after_action": [
            {
              "amount": 5,
              "eligible_players": [
                623867417,
                3253975109
              ]
            }
          ],
          "total_pot_after_action": 5,
          "total_side_pots_after_action": [
            {
              "id": 0,
              "amount": 5,
              "eligible_players": [
                623867417,
                3253975109
              ]
            }
          ]
        },
        {
          "player": 623867416,
          "action": "RAISE",
          "amount": 10,
          "timestamp": 1756958077213,
          "pot_after_action": 15,
          "side_pots_after_action": [
            {
              "amount": 10,
              "eligible_players": [
                623867417,
                3253975109
              ]
            },
            {
              "amount": 5,
              "eligible_players": [
                623867417
              ]
            }
          ],
          "total_pot_after_action": 15,
          "total_side_pots_after_action": [
            {
              "id": 0,
              "amount": 10,
              "eligible_players": [
                623867417,
                3253975109
              ]
            },
            {
              "id": 1,
              "amount": 5,
              "eligible_players": [
                623867417
              ]
            }
          ]
        }
      ],
      "actionTimes": {}
    },
    "1": {
      "pot": 100,
      "bets": {
        "623867416": 100,
        "3253975108": 0
      },
      "actions": {
        "3253975108": "FOLD",
        "623867416": "RAISE"
      },
      "action_sequence": [
        {
          "player": 3253975108,
          "action": "CHECK",
          "amount": 0,
          "timestamp": 1756958077254,
          "pot_after_action": 0,
          "side_pots_after_action": [
            {
              "amount": 0,
              "eligible_players": [
                623867417,
                3253975109
              ]
            }
          ],
          "total_pot_after_action": 15,
          "total_side_pots_after_action": [
            {
              "id": 0,
              "amount": 10,
              "eligible_players": [
                623867417,
                3253975109
              ]
            },
            {
              "id": 1,
              "amount": 5,
              "eligible_players": [
                623867417
              ]
            },
            {
              "id": 2,
              "amount": 0,
              "eligible_players": [
                623867417,
                3253975109
              ]
            }
          ]
        },
        {
          "player": 623867416,
          "action": "RAISE",
          "amount": 100,
          "timestamp": 1756958077255,
          "pot_after_action": 100,
          "side_pots_after_action": [
            {
              "amount": 100,
              "eligible_players": [
                623867417,
                3253975109
              ]
            }
          ],
          "total_pot_after_action": 115,
          "total_side_pots_after_action": [
            {
              "id": 0,
              "amount": 10,
              "eligible_players": [
                623867417,
                3253975109
              ]
            },
            {
              "id": 1,
              "amount": 5,
              "eligible_players": [
                623867417
              ]
            },
            {
              "id": 2,
              "amount": 100,
              "eligible_players": [
                623867417,
                3253975109
              ]
            }
          ]
        },
        {
          "player": 3253975108,
          "action": "FOLD",
          "amount": 0,
          "timestamp": 1756958077295,
          "pot_after_action": 100,
          "side_pots_after_action": [
            {
              "amount": 100,
              "eligible_players": [
                623867417,
                3253975109
              ]
            }
          ],
          "total_pot_after_action": 115,
          "total_side_pots_after_action": [
            {
              "id": 0,
              "amount": 10,
              "eligible_players": [
                623867417,
                3253975109
              ]
            },
            {
              "id": 1,
              "amount": 5,
              "eligible_players": [
                623867417
              ]
            },
            {
              "id": 2,
              "amount": 100,
              "eligible_players": [
                623867417,
                3253975109
              ]
            }
          ]
        }
      ],
      "actionTimes": {
        "3253975108": 82,
        "623867416": 42
      }
    }
  },
  "playerNames": {
    "623867416": "player623867417",
    "3253975108": "player3253975109"
  },
  "blinds": {
    "small": 5,
    "big": 10
  },
  "finalBoard": [
    "Kh",
    "8h",
    "9c",
    "Ad"
  ],
  "sidePots": [
    {
      "amount": 0,
      "eligible_players": [
        623867416
      ]
    }
  ],
  "playerMoney": {
    "initialAmount": 10000,
    "startingMoney": {
      "623867417": 10010,
      "3253975109": 9990
    },
    "startingDelta": {
      "623867417": 10,
      "3253975109": -10
    },
    "finalDelta": {
      "623867417": 15,
      "3253975109": -15
    },
    "gameScores": {
      "623867417": 5,
      "3253975109": -5
    },
    "finalMoney": {
      "623867417": 10015,
      "3253975109": 9985
    },
    "thisGameDelta": {
      "623867417": 5,
      "3253975109": -5
    }
  },
  "playerHands": {
    "623867416": [
      "Jc",
      "7s"
    ],
    "3253975108": [
      "8c",
      "Ah"
    ]
  },
  "usernameMapping": {
    "default": 623867417,
    "client_container_6852_test_client_test_x_ai_grok_4_iter_4_20250903_205431_iter4": 3253975109
  },
  "playerIdToUsername": {
    "623867417": "default",
    "3253975109": "client_container_6852_test_client_test_x_ai_grok_4_iter_4_20250903_205431_iter4"
  }
}