{
  "gameId": "6516ea29-e068-47bf-afc3-0504354eac8d",
  "rounds": {
    "0": {
      "pot": 15,
      "bets": {
        "86321103": 5,
        "3256490071": 10
      },
      "actions": {
        "86321103": "RAISE",
        "3256490071": "RAISE"
      },
      "action_sequence": [
        {
          "player": 86321103,
          "action": "RAISE",
          "amount": 5,
          "timestamp": 1758145569779,
          "pot_after_action": 5,
          "side_pots_after_action": [
            {
              "amount": 5,
              "eligible_players": [
                86321104,
                3256490072
              ]
            }
          ],
          "total_pot_after_action": 5,
          "total_side_pots_after_action": [
            {
              "id": 0,
              "amount": 5,
              "eligible_players": [
                86321104,
                3256490072
              ]
            }
          ]
        },
        {
          "player": 3256490071,
          "action": "RAISE",
          "amount": 10,
          "timestamp": 1758145569779,
          "pot_after_action": 15,
          "side_pots_after_action": [
            {
              "amount": 10,
              "eligible_players": [
                86321104,
                3256490072
              ]
            },
            {
              "amount": 5,
              "eligible_players": [
                3256490072
              ]
            }
          ],
          "total_pot_after_action": 15,
          "total_side_pots_after_action": [
            {
              "id": 0,
              "amount": 10,
              "eligible_players": [
                86321104,
                3256490072
              ]
            },
            {
              "id": 1,
              "amount": 5,
              "eligible_players": [
                3256490072
              ]
            }
          ]
        }
      ],
      "actionTimes": {}
    },
    "1": {
      "pot": 100,
      "bets": {
        "86321103": 100,
        "3256490071": 0
      },
      "actions": {
        "86321103": "RAISE",
        "3256490071": "FOLD"
      },
      "action_sequence": [
        {
          "player": 86321103,
          "action": "RAISE",
          "amount": 100,
          "timestamp": 1758145569782,
          "pot_after_action": 100,
          "side_pots_after_action": [
            {
              "amount": 100,
              "eligible_players": [
                86321104,
                3256490072
              ]
            }
          ],
          "total_pot_after_action": 115,
          "total_side_pots_after_action": [
            {
              "id": 0,
              "amount": 10,
              "eligible_players": [
                86321104,
                3256490072
              ]
            },
            {
              "id": 1,
              "amount": 5,
              "eligible_players": [
                3256490072
              ]
            },
            {
              "id": 2,
              "amount": 100,
              "eligible_players": [
                86321104,
                3256490072
              ]
            }
          ]
        },
        {
          "player": 3256490071,
          "action": "FOLD",
          "amount": 0,
          "timestamp": 1758145569783,
          "pot_after_action": 100,
          "side_pots_after_action": [
            {
              "amount": 100,
              "eligible_players": [
                86321104,
                3256490072
              ]
            }
          ],
          "total_pot_after_action": 115,
          "total_side_pots_after_action": [
            {
              "id": 0,
              "amount": 10,
              "eligible_players": [
                86321104,
                3256490072
              ]
            },
            {
              "id": 1,
              "amount": 5,
              "eligible_players": [
                3256490072
              ]
            },
            {
              "id": 2,
              "amount": 100,
              "eligible_players": [
                86321104,
                3256490072
              ]
            }
          ]
        }
      ],
      "actionTimes": {
        "86321103": 4,
        "3256490071": 5
      }
    }
  },
  "playerNames": {
    "86321103": "player86321104",
    "3256490071": "player3256490072"
  },
  "blinds": {
    "small": 5,
    "big": 10
  },
  "finalBoard": [
    "Tc",
    "3h",
    "6h",
    "Qc"
  ],
  "sidePots": [
    {
      "amount": 0,
      "eligible_players": [
        86321103
      ]
    }
  ],
  "playerMoney": {
    "initialAmount": 10000,
    "startingMoney": {
      "86321104": 9805,
      "3256490072": 10195
    },
    "startingDelta": {
      "86321104": -195,
      "3256490072": 195
    },
    "finalDelta": {
      "86321104": -185,
      "3256490072": 185
    },
    "gameScores": {
      "86321104": 10,
      "3256490072": -10
    },
    "finalMoney": {
      "86321104": 9815,
      "3256490072": 10185
    },
    "thisGameDelta": {
      "86321104": 10,
      "3256490072": -10
    }
  },
  "playerHands": {
    "86321103": [
      "9c",
      "7d"
    ],
    "3256490071": [
      "3s",
      "8c"
    ]
  },
  "usernameMapping": {
    "default": 86321104,
    "client_container_6519_test_client_test_moonshotai_kimi_k2_iter_2_20250917_144603_iter2": 3256490072
  },
  "playerIdToUsername": {
    "86321104": "default",
    "3256490072": "client_container_6519_test_client_test_moonshotai_kimi_k2_iter_2_20250917_144603_iter2"
  }
}