{
  "gameId": "6516ea29-e068-47bf-afc3-0504354eac8d",
  "rounds": {
    "0": {
      "pot": 15,
      "bets": {
        "86321103": 10,
        "3256490071": 5
      },
      "actions": {
        "3256490071": "RAISE",
        "86321103": "RAISE"
      },
      "action_sequence": [
        {
          "player": 3256490071,
          "action": "RAISE",
          "amount": 5,
          "timestamp": 1758145570003,
          "pot_after_action": 5,
          "side_pots_after_action": [
            {
              "amount": 5,
              "eligible_players": [
                86321104,
                3256490072
              ]
            }
          ],
          "total_pot_after_action": 5,
          "total_side_pots_after_action": [
            {
              "id": 0,
              "amount": 5,
              "eligible_players": [
                86321104,
                3256490072
              ]
            }
          ]
        },
        {
          "player": 86321103,
          "action": "RAISE",
          "amount": 10,
          "timestamp": 1758145570003,
          "pot_after_action": 15,
          "side_pots_after_action": [
            {
              "amount": 10,
              "eligible_players": [
                86321104,
                3256490072
              ]
            },
            {
              "amount": 5,
              "eligible_players": [
                86321104
              ]
            }
          ],
          "total_pot_after_action": 15,
          "total_side_pots_after_action": [
            {
              "id": 0,
              "amount": 10,
              "eligible_players": [
                86321104,
                3256490072
              ]
            },
            {
              "id": 1,
              "amount": 5,
              "eligible_players": [
                86321104
              ]
            }
          ]
        }
      ],
      "actionTimes": {}
    },
    "1": {
      "pot": 200,
      "bets": {
        "86321103": 100,
        "3256490071": 100
      },
      "actions": {
        "3256490071": "CALL",
        "86321103": "RAISE"
      },
      "action_sequence": [
        {
          "player": 3256490071,
          "action": "CHECK",
          "amount": 0,
          "timestamp": 1758145570008,
          "pot_after_action": 0,
          "side_pots_after_action": [
            {
              "amount": 0,
              "eligible_players": [
                86321104,
                3256490072
              ]
            }
          ],
          "total_pot_after_action": 15,
          "total_side_pots_after_action": [
            {
              "id": 0,
              "amount": 10,
              "eligible_players": [
                86321104,
                3256490072
              ]
            },
            {
              "id": 1,
              "amount": 5,
              "eligible_players": [
                86321104
              ]
            },
            {
              "id": 2,
              "amount": 0,
              "eligible_players": [
                86321104,
                3256490072
              ]
            }
          ]
        },
        {
          "player": 86321103,
          "action": "RAISE",
          "amount": 100,
          "timestamp": 1758145570050,
          "pot_after_action": 100,
          "side_pots_after_action": [
            {
              "amount": 100,
              "eligible_players": [
                86321104,
                3256490072
              ]
            }
          ],
          "total_pot_after_action": 115,
          "total_side_pots_after_action": [
            {
              "id": 0,
              "amount": 10,
              "eligible_players": [
                86321104,
                3256490072
              ]
            },
            {
              "id": 1,
              "amount": 5,
              "eligible_players": [
                86321104
              ]
            },
            {
              "id": 2,
              "amount": 100,
              "eligible_players": [
                86321104,
                3256490072
              ]
            }
          ]
        },
        {
          "player": 3256490071,
          "action": "CALL",
          "amount": 100,
          "timestamp": 1758145570051,
          "pot_after_action": 200,
          "side_pots_after_action": [
            {
              "amount": 200,
              "eligible_players": [
                86321104,
                3256490072
              ]
            }
          ],
          "total_pot_after_action": 215,
          "total_side_pots_after_action": [
            {
              "id": 0,
              "amount": 10,
              "eligible_players": [
                86321104,
                3256490072
              ]
            },
            {
              "id": 1,
              "amount": 5,
              "eligible_players": [
                86321104
              ]
            },
            {
              "id": 2,
              "amount": 200,
              "eligible_players": [
                86321104,
                3256490072
              ]
            }
          ]
        }
      ],
      "actionTimes": {
        "3256490071": 48,
        "86321103": 47
      }
    },
    "2": {
      "pot": 0,
      "bets": {
        "86321103": 0,
        "3256490071": 0
      },
      "actions": {
        "3256490071": "CHECK",
        "86321103": "CHECK"
      },
      "action_sequence": [
        {
          "player": 3256490071,
          "action": "CHECK",
          "amount": 0,
          "timestamp": 1758145570096,
          "pot_after_action": 0,
          "side_pots_after_action": [
            {
              "amount": 0,
              "eligible_players": [
                86321104,
                3256490072
              ]
            }
          ],
          "total_pot_after_action": 215,
          "total_side_pots_after_action": [
            {
              "id": 0,
              "amount": 10,
              "eligible_players": [
                86321104,
                3256490072
              ]
            },
            {
              "id": 1,
              "amount": 5,
              "eligible_players": [
                86321104
              ]
            },
            {
              "id": 2,
              "amount": 200,
              "eligible_players": [
                86321104,
                3256490072
              ]
            },
            {
              "id": 3,
              "amount": 0,
              "eligible_players": [
                86321104,
                3256490072
              ]
            }
          ]
        },
        {
          "player": 86321103,
          "action": "CHECK",
          "amount": 0,
          "timestamp": 1758145570097,
          "pot_after_action": 0,
          "side_pots_after_action": [
            {
              "amount": 0,
              "eligible_players": [
                86321104,
                3256490072
              ]
            }
          ],
          "total_pot_after_action": 215,
          "total_side_pots_after_action": [
            {
              "id": 0,
              "amount": 10,
              "eligible_players": [
                86321104,
                3256490072
              ]
            },
            {
              "id": 1,
              "amount": 5,
              "eligible_players": [
                86321104
              ]
            },
            {
              "id": 2,
              "amount": 200,
              "eligible_players": [
                86321104,
                3256490072
              ]
            },
            {
              "id": 3,
              "amount": 0,
              "eligible_players": [
                86321104,
                3256490072
              ]
            }
          ]
        }
      ],
      "actionTimes": {
        "3256490071": 93,
        "86321103": 94
      }
    },
    "3": {
      "pot": 0,
      "bets": {
        "86321103": 0,
        "3256490071": 0
      },
      "actions": {
        "3256490071": "CHECK",
        "86321103": "CHECK"
      },
      "action_sequence": [
        {
          "player": 3256490071,
          "action": "CHECK",
          "amount": 0,
          "timestamp": 1758145570140,
          "pot_after_action": 0,
          "side_pots_after_action": [
            {
              "amount": 0,
              "eligible_players": [
                86321104,
                3256490072
              ]
            }
          ],
          "total_pot_after_action": 215,
          "total_side_pots_after_action": [
            {
              "id": 0,
              "amount": 10,
              "eligible_players": [
                86321104,
                3256490072
              ]
            },
            {
              "id": 1,
              "amount": 5,
              "eligible_players": [
                86321104
              ]
            },
            {
              "id": 2,
              "amount": 200,
              "eligible_players": [
                86321104,
                3256490072
              ]
            },
            {
              "id": 3,
              "amount": 0,
              "eligible_players": [
                86321104,
                3256490072
              ]
            },
            {
              "id": 4,
              "amount": 0,
              "eligible_players": [
                86321104,
                3256490072
              ]
            }
          ]
        },
        {
          "player": 86321103,
          "action": "CHECK",
          "amount": 0,
          "timestamp": 1758145570142,
          "pot_after_action": 0,
          "side_pots_after_action": [
            {
              "amount": 0,
              "eligible_players": [
                86321104,
                3256490072
              ]
            }
          ],
          "total_pot_after_action": 215,
          "total_side_pots_after_action": [
            {
              "id": 0,
              "amount": 10,
              "eligible_players": [
                86321104,
                3256490072
              ]
            },
            {
              "id": 1,
              "amount": 5,
              "eligible_players": [
                86321104
              ]
            },
            {
              "id": 2,
              "amount": 200,
              "eligible_players": [
                86321104,
                3256490072
              ]
            },
            {
              "id": 3,
              "amount": 0,
              "eligible_players": [
                86321104,
                3256490072
              ]
            },
            {
              "id": 4,
              "amount": 0,
              "eligible_players": [
                86321104,
                3256490072
              ]
            }
          ]
        }
      ],
      "actionTimes": {
        "3256490071": 137,
        "86321103": 139
      }
    }
  },
  "playerNames": {
    "86321103": "player86321104",
    "3256490071": "player3256490072"
  },
  "blinds": {
    "small": 5,
    "big": 10
  },
  "finalBoard": [
    "Qd",
    "7h",
    "4s",
    "5h",
    "2d"
  ],
  "sidePots": [
    {
      "amount": 0,
      "eligible_players": [
        3256490071,
        86321103
      ]
    }
  ],
  "playerMoney": {
    "initialAmount": 10000,
    "startingMoney": {
      "86321104": 9925,
      "3256490072": 10075
    },
    "startingDelta": {
      "86321104": -75,
      "3256490072": 75
    },
    "finalDelta": {
      "86321104": 30,
      "3256490072": -30
    },
    "gameScores": {
      "86321104": 105,
      "3256490072": -105
    },
    "finalMoney": {
      "86321104": 10030,
      "3256490072": 9970
    },
    "thisGameDelta": {
      "86321104": 105,
      "3256490072": -105
    }
  },
  "playerHands": {
    "86321103": [
      "Ts",
      "4h"
    ],
    "3256490071": [
      "8h",
      "9d"
    ]
  },
  "usernameMapping": {
    "default": 86321104,
    "client_container_6519_test_client_test_moonshotai_kimi_k2_iter_2_20250917_144603_iter2": 3256490072
  },
  "playerIdToUsername": {
    "86321104": "default",
    "3256490072": "client_container_6519_test_client_test_moonshotai_kimi_k2_iter_2_20250917_144603_iter2"
  }
}