{
  "gameId": "6516ea29-e068-47bf-afc3-0504354eac8d",
  "rounds": {
    "0": {
      "pot": 15,
      "bets": {
        "86321103": 5,
        "3256490071": 10
      },
      "actions": {
        "86321103": "RAISE",
        "3256490071": "RAISE"
      },
      "action_sequence": [
        {
          "player": 86321103,
          "action": "RAISE",
          "amount": 5,
          "timestamp": 1758145569855,
          "pot_after_action": 5,
          "side_pots_after_action": [
            {
              "amount": 5,
              "eligible_players": [
                86321104,
                3256490072
              ]
            }
          ],
          "total_pot_after_action": 5,
          "total_side_pots_after_action": [
            {
              "id": 0,
              "amount": 5,
              "eligible_players": [
                86321104,
                3256490072
              ]
            }
          ]
        },
        {
          "player": 3256490071,
          "action": "RAISE",
          "amount": 10,
          "timestamp": 1758145569855,
          "pot_after_action": 15,
          "side_pots_after_action": [
            {
              "amount": 10,
              "eligible_players": [
                86321104,
                3256490072
              ]
            },
            {
              "amount": 5,
              "eligible_players": [
                3256490072
              ]
            }
          ],
          "total_pot_after_action": 15,
          "total_side_pots_after_action": [
            {
              "id": 0,
              "amount": 10,
              "eligible_players": [
                86321104,
                3256490072
              ]
            },
            {
              "id": 1,
              "amount": 5,
              "eligible_players": [
                3256490072
              ]
            }
          ]
        }
      ],
      "actionTimes": {}
    },
    "1": {
      "pot": 200,
      "bets": {
        "86321103": 100,
        "3256490071": 100
      },
      "actions": {
        "86321103": "RAISE",
        "3256490071": "CALL"
      },
      "action_sequence": [
        {
          "player": 86321103,
          "action": "RAISE",
          "amount": 100,
          "timestamp": 1758145569859,
          "pot_after_action": 100,
          "side_pots_after_action": [
            {
              "amount": 100,
              "eligible_players": [
                86321104,
                3256490072
              ]
            }
          ],
          "total_pot_after_action": 115,
          "total_side_pots_after_action": [
            {
              "id": 0,
              "amount": 10,
              "eligible_players": [
                86321104,
                3256490072
              ]
            },
            {
              "id": 1,
              "amount": 5,
              "eligible_players": [
                3256490072
              ]
            },
            {
              "id": 2,
              "amount": 100,
              "eligible_players": [
                86321104,
                3256490072
              ]
            }
          ]
        },
        {
          "player": 3256490071,
          "action": "CALL",
          "amount": 100,
          "timestamp": 1758145569898,
          "pot_after_action": 200,
          "side_pots_after_action": [
            {
              "amount": 200,
              "eligible_players": [
                86321104,
                3256490072
              ]
            }
          ],
          "total_pot_after_action": 215,
          "total_side_pots_after_action": [
            {
              "id": 0,
              "amount": 10,
              "eligible_players": [
                86321104,
                3256490072
              ]
            },
            {
              "id": 1,
              "amount": 5,
              "eligible_players": [
                3256490072
              ]
            },
            {
              "id": 2,
              "amount": 200,
              "eligible_players": [
                86321104,
                3256490072
              ]
            }
          ]
        }
      ],
      "actionTimes": {
        "86321103": 4,
        "3256490071": 43
      }
    },
    "2": {
      "pot": 0,
      "bets": {
        "86321103": 0,
        "3256490071": 0
      },
      "actions": {
        "86321103": "CHECK",
        "3256490071": "CHECK"
      },
      "action_sequence": [
        {
          "player": 86321103,
          "action": "CHECK",
          "amount": 0,
          "timestamp": 1758145569941,
          "pot_after_action": 0,
          "side_pots_after_action": [
            {
              "amount": 0,
              "eligible_players": [
                86321104,
                3256490072
              ]
            }
          ],
          "total_pot_after_action": 215,
          "total_side_pots_after_action": [
            {
              "id": 0,
              "amount": 10,
              "eligible_players": [
                86321104,
                3256490072
              ]
            },
            {
              "id": 1,
              "amount": 5,
              "eligible_players": [
                3256490072
              ]
            },
            {
              "id": 2,
              "amount": 200,
              "eligible_players": [
                86321104,
                3256490072
              ]
            },
            {
              "id": 3,
              "amount": 0,
              "eligible_players": [
                86321104,
                3256490072
              ]
            }
          ]
        },
        {
          "player": 3256490071,
          "action": "CHECK",
          "amount": 0,
          "timestamp": 1758145569942,
          "pot_after_action": 0,
          "side_pots_after_action": [
            {
              "amount": 0,
              "eligible_players": [
                86321104,
                3256490072
              ]
            }
          ],
          "total_pot_after_action": 215,
          "total_side_pots_after_action": [
            {
              "id": 0,
              "amount": 10,
              "eligible_players": [
                86321104,
                3256490072
              ]
            },
            {
              "id": 1,
              "amount": 5,
              "eligible_players": [
                3256490072
              ]
            },
            {
              "id": 2,
              "amount": 200,
              "eligible_players": [
                86321104,
                3256490072
              ]
            },
            {
              "id": 3,
              "amount": 0,
              "eligible_players": [
                86321104,
                3256490072
              ]
            }
          ]
        }
      ],
      "actionTimes": {
        "86321103": 86,
        "3256490071": 87
      }
    },
    "3": {
      "pot": 0,
      "bets": {
        "86321103": 0,
        "3256490071": 0
      },
      "actions": {
        "86321103": "CHECK",
        "3256490071": "CHECK"
      },
      "action_sequence": [
        {
          "player": 86321103,
          "action": "CHECK",
          "amount": 0,
          "timestamp": 1758145569987,
          "pot_after_action": 0,
          "side_pots_after_action": [
            {
              "amount": 0,
              "eligible_players": [
                86321104,
                3256490072
              ]
            }
          ],
          "total_pot_after_action": 215,
          "total_side_pots_after_action": [
            {
              "id": 0,
              "amount": 10,
              "eligible_players": [
                86321104,
                3256490072
              ]
            },
            {
              "id": 1,
              "amount": 5,
              "eligible_players": [
                3256490072
              ]
            },
            {
              "id": 2,
              "amount": 200,
              "eligible_players": [
                86321104,
                3256490072
              ]
            },
            {
              "id": 3,
              "amount": 0,
              "eligible_players": [
                86321104,
                3256490072
              ]
            },
            {
              "id": 4,
              "amount": 0,
              "eligible_players": [
                86321104,
                3256490072
              ]
            }
          ]
        },
        {
          "player": 3256490071,
          "action": "CHECK",
          "amount": 0,
          "timestamp": 1758145569988,
          "pot_after_action": 0,
          "side_pots_after_action": [
            {
              "amount": 0,
              "eligible_players": [
                86321104,
                3256490072
              ]
            }
          ],
          "total_pot_after_action": 215,
          "total_side_pots_after_action": [
            {
              "id": 0,
              "amount": 10,
              "eligible_players": [
                86321104,
                3256490072
              ]
            },
            {
              "id": 1,
              "amount": 5,
              "eligible_players": [
                3256490072
              ]
            },
            {
              "id": 2,
              "amount": 200,
              "eligible_players": [
                86321104,
                3256490072
              ]
            },
            {
              "id": 3,
              "amount": 0,
              "eligible_players": [
                86321104,
                3256490072
              ]
            },
            {
              "id": 4,
              "amount": 0,
              "eligible_players": [
                86321104,
                3256490072
              ]
            }
          ]
        }
      ],
      "actionTimes": {
        "86321103": 132,
        "3256490071": 133
      }
    }
  },
  "playerNames": {
    "86321103": "player86321104",
    "3256490071": "player3256490072"
  },
  "blinds": {
    "small": 5,
    "big": 10
  },
  "finalBoard": [
    "8h",
    "6s",
    "Tc",
    "5c",
    "Qd"
  ],
  "sidePots": [
    {
      "amount": 0,
      "eligible_players": [
        86321103,
        3256490071
      ]
    }
  ],
  "playerMoney": {
    "initialAmount": 10000,
    "startingMoney": {
      "86321104": 9820,
      "3256490072": 10180
    },
    "startingDelta": {
      "86321104": -180,
      "3256490072": 180
    },
    "finalDelta": {
      "86321104": -75,
      "3256490072": 75
    },
    "gameScores": {
      "86321104": 105,
      "3256490072": -105
    },
    "finalMoney": {
      "86321104": 9925,
      "3256490072": 10075
    },
    "thisGameDelta": {
      "86321104": 105,
      "3256490072": -105
    }
  },
  "playerHands": {
    "86321103": [
      "4h",
      "5h"
    ],
    "3256490071": [
      "Kd",
      "9s"
    ]
  },
  "usernameMapping": {
    "default": 86321104,
    "client_container_6519_test_client_test_moonshotai_kimi_k2_iter_2_20250917_144603_iter2": 3256490072
  },
  "playerIdToUsername": {
    "86321104": "default",
    "3256490072": "client_container_6519_test_client_test_moonshotai_kimi_k2_iter_2_20250917_144603_iter2"
  }
}