{
  "gameId": "f5077a6c-6686-45be-a24e-af1bc579a4e0",
  "rounds": {
    "0": {
      "pot": 15,
      "bets": {
        "1330549255": 5,
        "1453063413": 10
      },
      "actions": {
        "1330549255": "RAISE",
        "1453063413": "RAISE"
      },
      "action_sequence": [
        {
          "player": 1330549255,
          "action": "RAISE",
          "amount": 5,
          "timestamp": 1758145275619,
          "pot_after_action": 5,
          "side_pots_after_action": [
            {
              "amount": 5,
              "eligible_players": [
                1330549256,
                1453063414
              ]
            }
          ],
          "total_pot_after_action": 5,
          "total_side_pots_after_action": [
            {
              "id": 0,
              "amount": 5,
              "eligible_players": [
                1330549256,
                1453063414
              ]
            }
          ]
        },
        {
          "player": 1453063413,
          "action": "RAISE",
          "amount": 10,
          "timestamp": 1758145275620,
          "pot_after_action": 15,
          "side_pots_after_action": [
            {
              "amount": 10,
              "eligible_players": [
                1330549256,
                1453063414
              ]
            },
            {
              "amount": 5,
              "eligible_players": [
                1453063414
              ]
            }
          ],
          "total_pot_after_action": 15,
          "total_side_pots_after_action": [
            {
              "id": 0,
              "amount": 10,
              "eligible_players": [
                1330549256,
                1453063414
              ]
            },
            {
              "id": 1,
              "amount": 5,
              "eligible_players": [
                1453063414
              ]
            }
          ]
        }
      ],
      "actionTimes": {}
    },
    "1": {
      "pot": 100,
      "bets": {
        "1330549255": 100,
        "1453063413": 0
      },
      "actions": {
        "1330549255": "RAISE",
        "1453063413": "FOLD"
      },
      "action_sequence": [
        {
          "player": 1330549255,
          "action": "RAISE",
          "amount": 100,
          "timestamp": 1758145275623,
          "pot_after_action": 100,
          "side_pots_after_action": [
            {
              "amount": 100,
              "eligible_players": [
                1330549256,
                1453063414
              ]
            }
          ],
          "total_pot_after_action": 115,
          "total_side_pots_after_action": [
            {
              "id": 0,
              "amount": 10,
              "eligible_players": [
                1330549256,
                1453063414
              ]
            },
            {
              "id": 1,
              "amount": 5,
              "eligible_players": [
                1453063414
              ]
            },
            {
              "id": 2,
              "amount": 100,
              "eligible_players": [
                1330549256,
                1453063414
              ]
            }
          ]
        },
        {
          "player": 1453063413,
          "action": "FOLD",
          "amount": 0,
          "timestamp": 1758145275662,
          "pot_after_action": 100,
          "side_pots_after_action": [
            {
              "amount": 100,
              "eligible_players": [
                1330549256,
                1453063414
              ]
            }
          ],
          "total_pot_after_action": 115,
          "total_side_pots_after_action": [
            {
              "id": 0,
              "amount": 10,
              "eligible_players": [
                1330549256,
                1453063414
              ]
            },
            {
              "id": 1,
              "amount": 5,
              "eligible_players": [
                1453063414
              ]
            },
            {
              "id": 2,
              "amount": 100,
              "eligible_players": [
                1330549256,
                1453063414
              ]
            }
          ]
        }
      ],
      "actionTimes": {
        "1330549255": 4,
        "1453063413": 43
      }
    }
  },
  "playerNames": {
    "1330549255": "player1330549256",
    "1453063413": "player1453063414"
  },
  "blinds": {
    "small": 5,
    "big": 10
  },
  "finalBoard": [
    "6d",
    "9c",
    "5c",
    "2s"
  ],
  "sidePots": [
    {
      "amount": 0,
      "eligible_players": [
        1330549255
      ]
    }
  ],
  "playerMoney": {
    "initialAmount": 10000,
    "startingMoney": {
      "1330549256": 10015,
      "1453063414": 9985
    },
    "startingDelta": {
      "1330549256": 15,
      "1453063414": -15
    },
    "finalDelta": {
      "1330549256": 25,
      "1453063414": -25
    },
    "gameScores": {
      "1330549256": 10,
      "1453063414": -10
    },
    "finalMoney": {
      "1330549256": 10025,
      "1453063414": 9975
    },
    "thisGameDelta": {
      "1330549256": 10,
      "1453063414": -10
    }
  },
  "playerHands": {
    "1330549255": [
      "4s",
      "Ah"
    ],
    "1453063413": [
      "3s",
      "8s"
    ]
  },
  "usernameMapping": {
    "default": 1330549256,
    "client_container_6781_test_client_test_x_ai_grok_4_iter_5_20250917_144109_iter5": 1453063414
  },
  "playerIdToUsername": {
    "1330549256": "default",
    "1453063414": "client_container_6781_test_client_test_x_ai_grok_4_iter_5_20250917_144109_iter5"
  }
}