{
  "gameId": "f5077a6c-6686-45be-a24e-af1bc579a4e0",
  "rounds": {
    "0": {
      "pot": 15,
      "bets": {
        "1330549255": 10,
        "1453063413": 5
      },
      "actions": {
        "1453063413": "RAISE",
        "1330549255": "RAISE"
      },
      "action_sequence": [
        {
          "player": 1453063413,
          "action": "RAISE",
          "amount": 5,
          "timestamp": 1758145276037,
          "pot_after_action": 5,
          "side_pots_after_action": [
            {
              "amount": 5,
              "eligible_players": [
                1330549256,
                1453063414
              ]
            }
          ],
          "total_pot_after_action": 5,
          "total_side_pots_after_action": [
            {
              "id": 0,
              "amount": 5,
              "eligible_players": [
                1330549256,
                1453063414
              ]
            }
          ]
        },
        {
          "player": 1330549255,
          "action": "RAISE",
          "amount": 10,
          "timestamp": 1758145276037,
          "pot_after_action": 15,
          "side_pots_after_action": [
            {
              "amount": 10,
              "eligible_players": [
                1330549256,
                1453063414
              ]
            },
            {
              "amount": 5,
              "eligible_players": [
                1330549256
              ]
            }
          ],
          "total_pot_after_action": 15,
          "total_side_pots_after_action": [
            {
              "id": 0,
              "amount": 10,
              "eligible_players": [
                1330549256,
                1453063414
              ]
            },
            {
              "id": 1,
              "amount": 5,
              "eligible_players": [
                1330549256
              ]
            }
          ]
        }
      ],
      "actionTimes": {}
    },
    "1": {
      "pot": 100,
      "bets": {
        "1330549255": 100,
        "1453063413": 0
      },
      "actions": {
        "1453063413": "FOLD",
        "1330549255": "RAISE"
      },
      "action_sequence": [
        {
          "player": 1453063413,
          "action": "CHECK",
          "amount": 0,
          "timestamp": 1758145276042,
          "pot_after_action": 0,
          "side_pots_after_action": [
            {
              "amount": 0,
              "eligible_players": [
                1330549256,
                1453063414
              ]
            }
          ],
          "total_pot_after_action": 15,
          "total_side_pots_after_action": [
            {
              "id": 0,
              "amount": 10,
              "eligible_players": [
                1330549256,
                1453063414
              ]
            },
            {
              "id": 1,
              "amount": 5,
              "eligible_players": [
                1330549256
              ]
            },
            {
              "id": 2,
              "amount": 0,
              "eligible_players": [
                1330549256,
                1453063414
              ]
            }
          ]
        },
        {
          "player": 1330549255,
          "action": "RAISE",
          "amount": 100,
          "timestamp": 1758145276043,
          "pot_after_action": 100,
          "side_pots_after_action": [
            {
              "amount": 100,
              "eligible_players": [
                1330549256,
                1453063414
              ]
            }
          ],
          "total_pot_after_action": 115,
          "total_side_pots_after_action": [
            {
              "id": 0,
              "amount": 10,
              "eligible_players": [
                1330549256,
                1453063414
              ]
            },
            {
              "id": 1,
              "amount": 5,
              "eligible_players": [
                1330549256
              ]
            },
            {
              "id": 2,
              "amount": 100,
              "eligible_players": [
                1330549256,
                1453063414
              ]
            }
          ]
        },
        {
          "player": 1453063413,
          "action": "FOLD",
          "amount": 0,
          "timestamp": 1758145276084,
          "pot_after_action": 100,
          "side_pots_after_action": [
            {
              "amount": 100,
              "eligible_players": [
                1330549256,
                1453063414
              ]
            }
          ],
          "total_pot_after_action": 115,
          "total_side_pots_after_action": [
            {
              "id": 0,
              "amount": 10,
              "eligible_players": [
                1330549256,
                1453063414
              ]
            },
            {
              "id": 1,
              "amount": 5,
              "eligible_players": [
                1330549256
              ]
            },
            {
              "id": 2,
              "amount": 100,
              "eligible_players": [
                1330549256,
                1453063414
              ]
            }
          ]
        }
      ],
      "actionTimes": {
        "1453063413": 47,
        "1330549255": 6
      }
    }
  },
  "playerNames": {
    "1330549255": "player1330549256",
    "1453063413": "player1453063414"
  },
  "blinds": {
    "small": 5,
    "big": 10
  },
  "finalBoard": [
    "Kd",
    "Kh",
    "8s",
    "5h"
  ],
  "sidePots": [
    {
      "amount": 0,
      "eligible_players": [
        1330549255
      ]
    }
  ],
  "playerMoney": {
    "initialAmount": 10000,
    "startingMoney": {
      "1330549256": 10070,
      "1453063414": 9930
    },
    "startingDelta": {
      "1330549256": 70,
      "1453063414": -70
    },
    "finalDelta": {
      "1330549256": 75,
      "1453063414": -75
    },
    "gameScores": {
      "1330549256": 5,
      "1453063414": -5
    },
    "finalMoney": {
      "1330549256": 10075,
      "1453063414": 9925
    },
    "thisGameDelta": {
      "1330549256": 5,
      "1453063414": -5
    }
  },
  "playerHands": {
    "1330549255": [
      "Jc",
      "Ah"
    ],
    "1453063413": [
      "8c",
      "9c"
    ]
  },
  "usernameMapping": {
    "default": 1330549256,
    "client_container_6781_test_client_test_x_ai_grok_4_iter_5_20250917_144109_iter5": 1453063414
  },
  "playerIdToUsername": {
    "1330549256": "default",
    "1453063414": "client_container_6781_test_client_test_x_ai_grok_4_iter_5_20250917_144109_iter5"
  }
}