{
  "gameId": "5dfe3fe2-0365-4136-b16d-7de0b7b94ea5",
  "rounds": {
    "0": {
      "pot": 15,
      "bets": {
        "3412731481": 5,
        "243016859": 10
      },
      "actions": {
        "3412731481": "RAISE",
        "243016859": "RAISE"
      },
      "action_sequence": [
        {
          "player": 3412731481,
          "action": "RAISE",
          "amount": 5,
          "timestamp": 1756688999019,
          "pot_after_action": 5,
          "side_pots_after_action": [
            {
              "amount": 5,
              "eligible_players": [
                3412731482,
                243016860
              ]
            }
          ],
          "total_pot_after_action": 5,
          "total_side_pots_after_action": [
            {
              "id": 0,
              "amount": 5,
              "eligible_players": [
                3412731482,
                243016860
              ]
            }
          ]
        },
        {
          "player": 243016859,
          "action": "RAISE",
          "amount": 10,
          "timestamp": 1756688999019,
          "pot_after_action": 15,
          "side_pots_after_action": [
            {
              "amount": 10,
              "eligible_players": [
                3412731482,
                243016860
              ]
            },
            {
              "amount": 5,
              "eligible_players": [
                243016860
              ]
            }
          ],
          "total_pot_after_action": 15,
          "total_side_pots_after_action": [
            {
              "id": 0,
              "amount": 10,
              "eligible_players": [
                3412731482,
                243016860
              ]
            },
            {
              "id": 1,
              "amount": 5,
              "eligible_players": [
                243016860
              ]
            }
          ]
        }
      ],
      "actionTimes": {}
    },
    "1": {
      "pot": 100,
      "bets": {
        "3412731481": 100,
        "243016859": 0
      },
      "actions": {
        "3412731481": "RAISE",
        "243016859": "FOLD"
      },
      "action_sequence": [
        {
          "player": 3412731481,
          "action": "RAISE",
          "amount": 100,
          "timestamp": 1756688999022,
          "pot_after_action": 100,
          "side_pots_after_action": [
            {
              "amount": 100,
              "eligible_players": [
                3412731482,
                243016860
              ]
            }
          ],
          "total_pot_after_action": 115,
          "total_side_pots_after_action": [
            {
              "id": 0,
              "amount": 10,
              "eligible_players": [
                3412731482,
                243016860
              ]
            },
            {
              "id": 1,
              "amount": 5,
              "eligible_players": [
                243016860
              ]
            },
            {
              "id": 2,
              "amount": 100,
              "eligible_players": [
                3412731482,
                243016860
              ]
            }
          ]
        },
        {
          "player": 243016859,
          "action": "FOLD",
          "amount": 0,
          "timestamp": 1756688999063,
          "pot_after_action": 100,
          "side_pots_after_action": [
            {
              "amount": 100,
              "eligible_players": [
                3412731482,
                243016860
              ]
            }
          ],
          "total_pot_after_action": 115,
          "total_side_pots_after_action": [
            {
              "id": 0,
              "amount": 10,
              "eligible_players": [
                3412731482,
                243016860
              ]
            },
            {
              "id": 1,
              "amount": 5,
              "eligible_players": [
                243016860
              ]
            },
            {
              "id": 2,
              "amount": 100,
              "eligible_players": [
                3412731482,
                243016860
              ]
            }
          ]
        }
      ],
      "actionTimes": {
        "3412731481": 3,
        "243016859": 44
      }
    }
  },
  "playerNames": {
    "3412731481": "player3412731482",
    "243016859": "player243016860"
  },
  "blinds": {
    "small": 5,
    "big": 10
  },
  "finalBoard": [
    "Js",
    "9d",
    "2h",
    "Jd"
  ],
  "sidePots": [
    {
      "amount": 0,
      "eligible_players": [
        3412731481
      ]
    }
  ],
  "playerMoney": {
    "initialAmount": 10000,
    "startingMoney": {
      "3412731482": 10060,
      "243016860": 9940
    },
    "startingDelta": {
      "3412731482": 60,
      "243016860": -60
    },
    "finalDelta": {
      "3412731482": 70,
      "243016860": -70
    },
    "gameScores": {
      "3412731482": 10,
      "243016860": -10
    },
    "finalMoney": {
      "3412731482": 10070,
      "243016860": 9930
    },
    "thisGameDelta": {
      "3412731482": 10,
      "243016860": -10
    }
  },
  "playerHands": {
    "3412731481": [
      "Ts",
      "Ad"
    ],
    "243016859": [
      "3c",
      "4h"
    ]
  },
  "usernameMapping": {
    "default": 3412731482,
    "client_container_6570_test_client_test_x_ai_grok_4_iter_4_20250831_180952_iter4": 243016860
  },
  "playerIdToUsername": {
    "3412731482": "default",
    "243016860": "client_container_6570_test_client_test_x_ai_grok_4_iter_4_20250831_180952_iter4"
  }
}