{
  "gameId": "b45a0395-6e30-4712-887d-bce54a37869e",
  "rounds": {
    "0": {
      "pot": 15,
      "bets": {
        "2994710939": 5,
        "2199205789": 10
      },
      "actions": {
        "2994710939": "RAISE",
        "2199205789": "RAISE"
      },
      "action_sequence": [
        {
          "player": 2994710939,
          "action": "RAISE",
          "amount": 5,
          "timestamp": 1757871610447,
          "pot_after_action": 5,
          "side_pots_after_action": [
            {
              "amount": 5,
              "eligible_players": [
                2994710940,
                2199205790
              ]
            }
          ],
          "total_pot_after_action": 5,
          "total_side_pots_after_action": [
            {
              "id": 0,
              "amount": 5,
              "eligible_players": [
                2994710940,
                2199205790
              ]
            }
          ]
        },
        {
          "player": 2199205789,
          "action": "RAISE",
          "amount": 10,
          "timestamp": 1757871610447,
          "pot_after_action": 15,
          "side_pots_after_action": [
            {
              "amount": 10,
              "eligible_players": [
                2994710940,
                2199205790
              ]
            },
            {
              "amount": 5,
              "eligible_players": [
                2199205790
              ]
            }
          ],
          "total_pot_after_action": 15,
          "total_side_pots_after_action": [
            {
              "id": 0,
              "amount": 10,
              "eligible_players": [
                2994710940,
                2199205790
              ]
            },
            {
              "id": 1,
              "amount": 5,
              "eligible_players": [
                2199205790
              ]
            }
          ]
        }
      ],
      "actionTimes": {}
    },
    "1": {
      "pot": 100,
      "bets": {
        "2994710939": 100,
        "2199205789": 0
      },
      "actions": {
        "2994710939": "RAISE",
        "2199205789": "FOLD"
      },
      "action_sequence": [
        {
          "player": 2994710939,
          "action": "RAISE",
          "amount": 100,
          "timestamp": 1757871610451,
          "pot_after_action": 100,
          "side_pots_after_action": [
            {
              "amount": 100,
              "eligible_players": [
                2994710940,
                2199205790
              ]
            }
          ],
          "total_pot_after_action": 115,
          "total_side_pots_after_action": [
            {
              "id": 0,
              "amount": 10,
              "eligible_players": [
                2994710940,
                2199205790
              ]
            },
            {
              "id": 1,
              "amount": 5,
              "eligible_players": [
                2199205790
              ]
            },
            {
              "id": 2,
              "amount": 100,
              "eligible_players": [
                2994710940,
                2199205790
              ]
            }
          ]
        },
        {
          "player": 2199205789,
          "action": "FOLD",
          "amount": 0,
          "timestamp": 1757871610452,
          "pot_after_action": 100,
          "side_pots_after_action": [
            {
              "amount": 100,
              "eligible_players": [
                2994710940,
                2199205790
              ]
            }
          ],
          "total_pot_after_action": 115,
          "total_side_pots_after_action": [
            {
              "id": 0,
              "amount": 10,
              "eligible_players": [
                2994710940,
                2199205790
              ]
            },
            {
              "id": 1,
              "amount": 5,
              "eligible_players": [
                2199205790
              ]
            },
            {
              "id": 2,
              "amount": 100,
              "eligible_players": [
                2994710940,
                2199205790
              ]
            }
          ]
        }
      ],
      "actionTimes": {
        "2994710939": 5,
        "2199205789": 6
      }
    }
  },
  "playerNames": {
    "2994710939": "player2994710940",
    "2199205789": "player2199205790"
  },
  "blinds": {
    "small": 5,
    "big": 10
  },
  "finalBoard": [
    "4s",
    "Kd",
    "9s",
    "3c"
  ],
  "sidePots": [
    {
      "amount": 0,
      "eligible_players": [
        2994710939
      ]
    }
  ],
  "playerMoney": {
    "initialAmount": 10000,
    "startingMoney": {
      "2994710940": 10000,
      "2199205790": 10000
    },
    "startingDelta": {
      "2994710940": 0,
      "2199205790": 0
    },
    "finalDelta": {
      "2994710940": 10,
      "2199205790": -10
    },
    "gameScores": {
      "2994710940": 10,
      "2199205790": -10
    },
    "finalMoney": {
      "2994710940": 10010,
      "2199205790": 9990
    },
    "thisGameDelta": {
      "2994710940": 10,
      "2199205790": -10
    }
  },
  "playerHands": {
    "2994710939": [
      "Ah",
      "5d"
    ],
    "2199205789": [
      "2h",
      "9d"
    ]
  },
  "usernameMapping": {
    "default": 2994710940,
    "client_container_5468_test_client_test_moonshotai_kimi_k2_iter_3_20250914_134004_iter3": 2199205790
  },
  "playerIdToUsername": {
    "2994710940": "default",
    "2199205790": "client_container_5468_test_client_test_moonshotai_kimi_k2_iter_3_20250914_134004_iter3"
  }
}