{
  "gameId": "b45a0395-6e30-4712-887d-bce54a37869e",
  "rounds": {
    "0": {
      "pot": 15,
      "bets": {
        "2994710939": 10,
        "2199205789": 5
      },
      "actions": {
        "2199205789": "RAISE",
        "2994710939": "RAISE"
      },
      "action_sequence": [
        {
          "player": 2199205789,
          "action": "RAISE",
          "amount": 5,
          "timestamp": 1757871610969,
          "pot_after_action": 5,
          "side_pots_after_action": [
            {
              "amount": 5,
              "eligible_players": [
                2994710940,
                2199205790
              ]
            }
          ],
          "total_pot_after_action": 5,
          "total_side_pots_after_action": [
            {
              "id": 0,
              "amount": 5,
              "eligible_players": [
                2994710940,
                2199205790
              ]
            }
          ]
        },
        {
          "player": 2994710939,
          "action": "RAISE",
          "amount": 10,
          "timestamp": 1757871610969,
          "pot_after_action": 15,
          "side_pots_after_action": [
            {
              "amount": 10,
              "eligible_players": [
                2994710940,
                2199205790
              ]
            },
            {
              "amount": 5,
              "eligible_players": [
                2994710940
              ]
            }
          ],
          "total_pot_after_action": 15,
          "total_side_pots_after_action": [
            {
              "id": 0,
              "amount": 10,
              "eligible_players": [
                2994710940,
                2199205790
              ]
            },
            {
              "id": 1,
              "amount": 5,
              "eligible_players": [
                2994710940
              ]
            }
          ]
        }
      ],
      "actionTimes": {}
    },
    "1": {
      "pot": 100,
      "bets": {
        "2994710939": 100,
        "2199205789": 0
      },
      "actions": {
        "2199205789": "FOLD",
        "2994710939": "RAISE"
      },
      "action_sequence": [
        {
          "player": 2199205789,
          "action": "CHECK",
          "amount": 0,
          "timestamp": 1757871610973,
          "pot_after_action": 0,
          "side_pots_after_action": [
            {
              "amount": 0,
              "eligible_players": [
                2994710940,
                2199205790
              ]
            }
          ],
          "total_pot_after_action": 15,
          "total_side_pots_after_action": [
            {
              "id": 0,
              "amount": 10,
              "eligible_players": [
                2994710940,
                2199205790
              ]
            },
            {
              "id": 1,
              "amount": 5,
              "eligible_players": [
                2994710940
              ]
            },
            {
              "id": 2,
              "amount": 0,
              "eligible_players": [
                2994710940,
                2199205790
              ]
            }
          ]
        },
        {
          "player": 2994710939,
          "action": "RAISE",
          "amount": 100,
          "timestamp": 1757871610974,
          "pot_after_action": 100,
          "side_pots_after_action": [
            {
              "amount": 100,
              "eligible_players": [
                2994710940,
                2199205790
              ]
            }
          ],
          "total_pot_after_action": 115,
          "total_side_pots_after_action": [
            {
              "id": 0,
              "amount": 10,
              "eligible_players": [
                2994710940,
                2199205790
              ]
            },
            {
              "id": 1,
              "amount": 5,
              "eligible_players": [
                2994710940
              ]
            },
            {
              "id": 2,
              "amount": 100,
              "eligible_players": [
                2994710940,
                2199205790
              ]
            }
          ]
        },
        {
          "player": 2199205789,
          "action": "FOLD",
          "amount": 0,
          "timestamp": 1757871611019,
          "pot_after_action": 100,
          "side_pots_after_action": [
            {
              "amount": 100,
              "eligible_players": [
                2994710940,
                2199205790
              ]
            }
          ],
          "total_pot_after_action": 115,
          "total_side_pots_after_action": [
            {
              "id": 0,
              "amount": 10,
              "eligible_players": [
                2994710940,
                2199205790
              ]
            },
            {
              "id": 1,
              "amount": 5,
              "eligible_players": [
                2994710940
              ]
            },
            {
              "id": 2,
              "amount": 100,
              "eligible_players": [
                2994710940,
                2199205790
              ]
            }
          ]
        }
      ],
      "actionTimes": {
        "2199205789": 50,
        "2994710939": 5
      }
    }
  },
  "playerNames": {
    "2994710939": "player2994710940",
    "2199205789": "player2199205790"
  },
  "blinds": {
    "small": 5,
    "big": 10
  },
  "finalBoard": [
    "7c",
    "6d",
    "8s",
    "Ah"
  ],
  "sidePots": [
    {
      "amount": 0,
      "eligible_players": [
        2994710939
      ]
    }
  ],
  "playerMoney": {
    "initialAmount": 10000,
    "startingMoney": {
      "2994710940": 10070,
      "2199205790": 9930
    },
    "startingDelta": {
      "2994710940": 70,
      "2199205790": -70
    },
    "finalDelta": {
      "2994710940": 75,
      "2199205790": -75
    },
    "gameScores": {
      "2994710940": 5,
      "2199205790": -5
    },
    "finalMoney": {
      "2994710940": 10075,
      "2199205790": 9925
    },
    "thisGameDelta": {
      "2994710940": 5,
      "2199205790": -5
    }
  },
  "playerHands": {
    "2994710939": [
      "Qc",
      "Ad"
    ],
    "2199205789": [
      "5c",
      "Jc"
    ]
  },
  "usernameMapping": {
    "default": 2994710940,
    "client_container_5468_test_client_test_moonshotai_kimi_k2_iter_3_20250914_134004_iter3": 2199205790
  },
  "playerIdToUsername": {
    "2994710940": "default",
    "2199205790": "client_container_5468_test_client_test_moonshotai_kimi_k2_iter_3_20250914_134004_iter3"
  }
}