{
  "gameId": "867c8438-7689-4d0b-a7b9-3af4bea13518",
  "rounds": {
    "0": {
      "pot": 15,
      "bets": {
        "3481748668": 10,
        "3874160878": 5
      },
      "actions": {
        "3874160878": "RAISE",
        "3481748668": "RAISE"
      },
      "action_sequence": [
        {
          "player": 3874160878,
          "action": "RAISE",
          "amount": 5,
          "timestamp": 1757020688341,
          "pot_after_action": 5,
          "side_pots_after_action": [
            {
              "amount": 5,
              "eligible_players": [
                3481748669,
                3874160879
              ]
            }
          ],
          "total_pot_after_action": 5,
          "total_side_pots_after_action": [
            {
              "id": 0,
              "amount": 5,
              "eligible_players": [
                3481748669,
                3874160879
              ]
            }
          ]
        },
        {
          "player": 3481748668,
          "action": "RAISE",
          "amount": 10,
          "timestamp": 1757020688341,
          "pot_after_action": 15,
          "side_pots_after_action": [
            {
              "amount": 10,
              "eligible_players": [
                3481748669,
                3874160879
              ]
            },
            {
              "amount": 5,
              "eligible_players": [
                3481748669
              ]
            }
          ],
          "total_pot_after_action": 15,
          "total_side_pots_after_action": [
            {
              "id": 0,
              "amount": 10,
              "eligible_players": [
                3481748669,
                3874160879
              ]
            },
            {
              "id": 1,
              "amount": 5,
              "eligible_players": [
                3481748669
              ]
            }
          ]
        }
      ],
      "actionTimes": {}
    },
    "1": {
      "pot": 100,
      "bets": {
        "3481748668": 100,
        "3874160878": 0
      },
      "actions": {
        "3874160878": "FOLD",
        "3481748668": "RAISE"
      },
      "action_sequence": [
        {
          "player": 3874160878,
          "action": "FOLD",
          "amount": 0,
          "timestamp": 1757020688346,
          "pot_after_action": 0,
          "side_pots_after_action": [
            {
              "amount": 0,
              "eligible_players": [
                3481748669,
                3874160879
              ]
            }
          ],
          "total_pot_after_action": 15,
          "total_side_pots_after_action": [
            {
              "id": 0,
              "amount": 10,
              "eligible_players": [
                3481748669,
                3874160879
              ]
            },
            {
              "id": 1,
              "amount": 5,
              "eligible_players": [
                3481748669
              ]
            },
            {
              "id": 2,
              "amount": 0,
              "eligible_players": [
                3481748669,
                3874160879
              ]
            }
          ]
        },
        {
          "player": 3481748668,
          "action": "RAISE",
          "amount": 100,
          "timestamp": 1757020688384,
          "pot_after_action": 100,
          "side_pots_after_action": [
            {
              "amount": 100,
              "eligible_players": [
                3481748669,
                3874160879
              ]
            }
          ],
          "total_pot_after_action": 115,
          "total_side_pots_after_action": [
            {
              "id": 0,
              "amount": 10,
              "eligible_players": [
                3481748669,
                3874160879
              ]
            },
            {
              "id": 1,
              "amount": 5,
              "eligible_players": [
                3481748669
              ]
            },
            {
              "id": 2,
              "amount": 100,
              "eligible_players": [
                3481748669,
                3874160879
              ]
            }
          ]
        }
      ],
      "actionTimes": {
        "3874160878": 5,
        "3481748668": 43
      }
    }
  },
  "playerNames": {
    "3481748668": "player3481748669",
    "3874160878": "player3874160879"
  },
  "blinds": {
    "small": 5,
    "big": 10
  },
  "finalBoard": [
    "5d",
    "4c",
    "6h",
    "8d"
  ],
  "sidePots": [
    {
      "amount": 0,
      "eligible_players": [
        3481748668
      ]
    }
  ],
  "playerMoney": {
    "initialAmount": 10000,
    "startingMoney": {
      "3481748669": 10055,
      "3874160879": 9945
    },
    "startingDelta": {
      "3481748669": 55,
      "3874160879": -55
    },
    "finalDelta": {
      "3481748669": 60,
      "3874160879": -60
    },
    "gameScores": {
      "3481748669": 5,
      "3874160879": -5
    },
    "finalMoney": {
      "3481748669": 10060,
      "3874160879": 9940
    },
    "thisGameDelta": {
      "3481748669": 5,
      "3874160879": -5
    }
  },
  "playerHands": {
    "3481748668": [
      "Qs",
      "2s"
    ],
    "3874160878": [
      "Qc",
      "5s"
    ]
  },
  "usernameMapping": {
    "default": 3481748669,
    "client_container_5902_test_client_test_hermes_hermes_4_405b_iter_3_20250904_141801_iter3": 3874160879
  },
  "playerIdToUsername": {
    "3481748669": "default",
    "3874160879": "client_container_5902_test_client_test_hermes_hermes_4_405b_iter_3_20250904_141801_iter3"
  }
}