{
  "gameId": "867c8438-7689-4d0b-a7b9-3af4bea13518",
  "rounds": {
    "0": {
      "pot": 15,
      "bets": {
        "3481748668": 5,
        "3874160878": 10
      },
      "actions": {
        "3481748668": "RAISE",
        "3874160878": "RAISE"
      },
      "action_sequence": [
        {
          "player": 3481748668,
          "action": "RAISE",
          "amount": 5,
          "timestamp": 1757020688399,
          "pot_after_action": 5,
          "side_pots_after_action": [
            {
              "amount": 5,
              "eligible_players": [
                3481748669,
                3874160879
              ]
            }
          ],
          "total_pot_after_action": 5,
          "total_side_pots_after_action": [
            {
              "id": 0,
              "amount": 5,
              "eligible_players": [
                3481748669,
                3874160879
              ]
            }
          ]
        },
        {
          "player": 3874160878,
          "action": "RAISE",
          "amount": 10,
          "timestamp": 1757020688399,
          "pot_after_action": 15,
          "side_pots_after_action": [
            {
              "amount": 10,
              "eligible_players": [
                3481748669,
                3874160879
              ]
            },
            {
              "amount": 5,
              "eligible_players": [
                3874160879
              ]
            }
          ],
          "total_pot_after_action": 15,
          "total_side_pots_after_action": [
            {
              "id": 0,
              "amount": 10,
              "eligible_players": [
                3481748669,
                3874160879
              ]
            },
            {
              "id": 1,
              "amount": 5,
              "eligible_players": [
                3874160879
              ]
            }
          ]
        }
      ],
      "actionTimes": {}
    },
    "1": {
      "pot": 100,
      "bets": {
        "3481748668": 100,
        "3874160878": 0
      },
      "actions": {
        "3481748668": "RAISE",
        "3874160878": "FOLD"
      },
      "action_sequence": [
        {
          "player": 3481748668,
          "action": "RAISE",
          "amount": 100,
          "timestamp": 1757020688403,
          "pot_after_action": 100,
          "side_pots_after_action": [
            {
              "amount": 100,
              "eligible_players": [
                3481748669,
                3874160879
              ]
            }
          ],
          "total_pot_after_action": 115,
          "total_side_pots_after_action": [
            {
              "id": 0,
              "amount": 10,
              "eligible_players": [
                3481748669,
                3874160879
              ]
            },
            {
              "id": 1,
              "amount": 5,
              "eligible_players": [
                3874160879
              ]
            },
            {
              "id": 2,
              "amount": 100,
              "eligible_players": [
                3481748669,
                3874160879
              ]
            }
          ]
        },
        {
          "player": 3874160878,
          "action": "FOLD",
          "amount": 0,
          "timestamp": 1757020688404,
          "pot_after_action": 100,
          "side_pots_after_action": [
            {
              "amount": 100,
              "eligible_players": [
                3481748669,
                3874160879
              ]
            }
          ],
          "total_pot_after_action": 115,
          "total_side_pots_after_action": [
            {
              "id": 0,
              "amount": 10,
              "eligible_players": [
                3481748669,
                3874160879
              ]
            },
            {
              "id": 1,
              "amount": 5,
              "eligible_players": [
                3874160879
              ]
            },
            {
              "id": 2,
              "amount": 100,
              "eligible_players": [
                3481748669,
                3874160879
              ]
            }
          ]
        }
      ],
      "actionTimes": {
        "3481748668": 4,
        "3874160878": 5
      }
    }
  },
  "playerNames": {
    "3481748668": "player3481748669",
    "3874160878": "player3874160879"
  },
  "blinds": {
    "small": 5,
    "big": 10
  },
  "finalBoard": [
    "7c",
    "5d",
    "Js",
    "9c"
  ],
  "sidePots": [
    {
      "amount": 0,
      "eligible_players": [
        3481748668
      ]
    }
  ],
  "playerMoney": {
    "initialAmount": 10000,
    "startingMoney": {
      "3481748669": 10060,
      "3874160879": 9940
    },
    "startingDelta": {
      "3481748669": 60,
      "3874160879": -60
    },
    "finalDelta": {
      "3481748669": 70,
      "3874160879": -70
    },
    "gameScores": {
      "3481748669": 10,
      "3874160879": -10
    },
    "finalMoney": {
      "3481748669": 10070,
      "3874160879": 9930
    },
    "thisGameDelta": {
      "3481748669": 10,
      "3874160879": -10
    }
  },
  "playerHands": {
    "3481748668": [
      "Qd",
      "8d"
    ],
    "3874160878": [
      "4h",
      "Th"
    ]
  },
  "usernameMapping": {
    "default": 3481748669,
    "client_container_5902_test_client_test_hermes_hermes_4_405b_iter_3_20250904_141801_iter3": 3874160879
  },
  "playerIdToUsername": {
    "3481748669": "default",
    "3874160879": "client_container_5902_test_client_test_hermes_hermes_4_405b_iter_3_20250904_141801_iter3"
  }
}