{
  "gameId": "8e8fa516-12a9-46ee-9254-d839e1928c97",
  "rounds": {
    "0": {
      "pot": 15,
      "bets": {
        "3034921997": 10,
        "2564183909": 5
      },
      "actions": {
        "2564183909": "RAISE",
        "3034921997": "RAISE"
      },
      "action_sequence": [
        {
          "player": 2564183909,
          "action": "RAISE",
          "amount": 5,
          "timestamp": 1758172709741,
          "pot_after_action": 5,
          "side_pots_after_action": [
            {
              "amount": 5,
              "eligible_players": [
                2564183910,
                3034921998
              ]
            }
          ],
          "total_pot_after_action": 5,
          "total_side_pots_after_action": [
            {
              "id": 0,
              "amount": 5,
              "eligible_players": [
                2564183910,
                3034921998
              ]
            }
          ]
        },
        {
          "player": 3034921997,
          "action": "RAISE",
          "amount": 10,
          "timestamp": 1758172709741,
          "pot_after_action": 15,
          "side_pots_after_action": [
            {
              "amount": 10,
              "eligible_players": [
                2564183910,
                3034921998
              ]
            },
            {
              "amount": 5,
              "eligible_players": [
                3034921998
              ]
            }
          ],
          "total_pot_after_action": 15,
          "total_side_pots_after_action": [
            {
              "id": 0,
              "amount": 10,
              "eligible_players": [
                2564183910,
                3034921998
              ]
            },
            {
              "id": 1,
              "amount": 5,
              "eligible_players": [
                3034921998
              ]
            }
          ]
        }
      ],
      "actionTimes": {}
    },
    "1": {
      "pot": 100,
      "bets": {
        "3034921997": 100,
        "2564183909": 0
      },
      "actions": {
        "2564183909": "FOLD",
        "3034921997": "RAISE"
      },
      "action_sequence": [
        {
          "player": 2564183909,
          "action": "CHECK",
          "amount": 0,
          "timestamp": 1758172709746,
          "pot_after_action": 0,
          "side_pots_after_action": [
            {
              "amount": 0,
              "eligible_players": [
                2564183910,
                3034921998
              ]
            }
          ],
          "total_pot_after_action": 15,
          "total_side_pots_after_action": [
            {
              "id": 0,
              "amount": 10,
              "eligible_players": [
                2564183910,
                3034921998
              ]
            },
            {
              "id": 1,
              "amount": 5,
              "eligible_players": [
                3034921998
              ]
            },
            {
              "id": 2,
              "amount": 0,
              "eligible_players": [
                2564183910,
                3034921998
              ]
            }
          ]
        },
        {
          "player": 3034921997,
          "action": "RAISE",
          "amount": 100,
          "timestamp": 1758172709747,
          "pot_after_action": 100,
          "side_pots_after_action": [
            {
              "amount": 100,
              "eligible_players": [
                2564183910,
                3034921998
              ]
            }
          ],
          "total_pot_after_action": 115,
          "total_side_pots_after_action": [
            {
              "id": 0,
              "amount": 10,
              "eligible_players": [
                2564183910,
                3034921998
              ]
            },
            {
              "id": 1,
              "amount": 5,
              "eligible_players": [
                3034921998
              ]
            },
            {
              "id": 2,
              "amount": 100,
              "eligible_players": [
                2564183910,
                3034921998
              ]
            }
          ]
        },
        {
          "player": 2564183909,
          "action": "FOLD",
          "amount": 0,
          "timestamp": 1758172709793,
          "pot_after_action": 100,
          "side_pots_after_action": [
            {
              "amount": 100,
              "eligible_players": [
                2564183910,
                3034921998
              ]
            }
          ],
          "total_pot_after_action": 115,
          "total_side_pots_after_action": [
            {
              "id": 0,
              "amount": 10,
              "eligible_players": [
                2564183910,
                3034921998
              ]
            },
            {
              "id": 1,
              "amount": 5,
              "eligible_players": [
                3034921998
              ]
            },
            {
              "id": 2,
              "amount": 100,
              "eligible_players": [
                2564183910,
                3034921998
              ]
            }
          ]
        }
      ],
      "actionTimes": {
        "2564183909": 53,
        "3034921997": 7
      }
    }
  },
  "playerNames": {
    "3034921997": "player3034921998",
    "2564183909": "player2564183910"
  },
  "blinds": {
    "small": 5,
    "big": 10
  },
  "finalBoard": [
    "9h",
    "5s",
    "7c",
    "3d"
  ],
  "sidePots": [
    {
      "amount": 0,
      "eligible_players": [
        3034921997
      ]
    }
  ],
  "playerMoney": {
    "initialAmount": 10000,
    "startingMoney": {
      "3034921998": 10055,
      "2564183910": 9945
    },
    "startingDelta": {
      "3034921998": 55,
      "2564183910": -55
    },
    "finalDelta": {
      "3034921998": 60,
      "2564183910": -60
    },
    "gameScores": {
      "3034921998": 5,
      "2564183910": -5
    },
    "finalMoney": {
      "3034921998": 10060,
      "2564183910": 9940
    },
    "thisGameDelta": {
      "3034921998": 5,
      "2564183910": -5
    }
  },
  "playerHands": {
    "3034921997": [
      "5d",
      "Qc"
    ],
    "2564183909": [
      "7h",
      "Ks"
    ]
  },
  "usernameMapping": {
    "default": 3034921998,
    "client_container_6650_test_client_test_openai_o3_pro_iter_1_20250917_222001_iter1": 2564183910
  },
  "playerIdToUsername": {
    "3034921998": "default",
    "2564183910": "client_container_6650_test_client_test_openai_o3_pro_iter_1_20250917_222001_iter1"
  }
}