{
  "gameId": "8e8fa516-12a9-46ee-9254-d839e1928c97",
  "rounds": {
    "0": {
      "pot": 15,
      "bets": {
        "3034921997": 5,
        "2564183909": 10
      },
      "actions": {
        "3034921997": "RAISE",
        "2564183909": "RAISE"
      },
      "action_sequence": [
        {
          "player": 3034921997,
          "action": "RAISE",
          "amount": 5,
          "timestamp": 1758172709681,
          "pot_after_action": 5,
          "side_pots_after_action": [
            {
              "amount": 5,
              "eligible_players": [
                2564183910,
                3034921998
              ]
            }
          ],
          "total_pot_after_action": 5,
          "total_side_pots_after_action": [
            {
              "id": 0,
              "amount": 5,
              "eligible_players": [
                2564183910,
                3034921998
              ]
            }
          ]
        },
        {
          "player": 2564183909,
          "action": "RAISE",
          "amount": 10,
          "timestamp": 1758172709681,
          "pot_after_action": 15,
          "side_pots_after_action": [
            {
              "amount": 10,
              "eligible_players": [
                2564183910,
                3034921998
              ]
            },
            {
              "amount": 5,
              "eligible_players": [
                2564183910
              ]
            }
          ],
          "total_pot_after_action": 15,
          "total_side_pots_after_action": [
            {
              "id": 0,
              "amount": 10,
              "eligible_players": [
                2564183910,
                3034921998
              ]
            },
            {
              "id": 1,
              "amount": 5,
              "eligible_players": [
                2564183910
              ]
            }
          ]
        }
      ],
      "actionTimes": {}
    },
    "1": {
      "pot": 100,
      "bets": {
        "3034921997": 100,
        "2564183909": 0
      },
      "actions": {
        "3034921997": "RAISE",
        "2564183909": "FOLD"
      },
      "action_sequence": [
        {
          "player": 3034921997,
          "action": "RAISE",
          "amount": 100,
          "timestamp": 1758172709687,
          "pot_after_action": 100,
          "side_pots_after_action": [
            {
              "amount": 100,
              "eligible_players": [
                2564183910,
                3034921998
              ]
            }
          ],
          "total_pot_after_action": 115,
          "total_side_pots_after_action": [
            {
              "id": 0,
              "amount": 10,
              "eligible_players": [
                2564183910,
                3034921998
              ]
            },
            {
              "id": 1,
              "amount": 5,
              "eligible_players": [
                2564183910
              ]
            },
            {
              "id": 2,
              "amount": 100,
              "eligible_players": [
                2564183910,
                3034921998
              ]
            }
          ]
        },
        {
          "player": 2564183909,
          "action": "FOLD",
          "amount": 0,
          "timestamp": 1758172709727,
          "pot_after_action": 100,
          "side_pots_after_action": [
            {
              "amount": 100,
              "eligible_players": [
                2564183910,
                3034921998
              ]
            }
          ],
          "total_pot_after_action": 115,
          "total_side_pots_after_action": [
            {
              "id": 0,
              "amount": 10,
              "eligible_players": [
                2564183910,
                3034921998
              ]
            },
            {
              "id": 1,
              "amount": 5,
              "eligible_players": [
                2564183910
              ]
            },
            {
              "id": 2,
              "amount": 100,
              "eligible_players": [
                2564183910,
                3034921998
              ]
            }
          ]
        }
      ],
      "actionTimes": {
        "3034921997": 7,
        "2564183909": 47
      }
    }
  },
  "playerNames": {
    "3034921997": "player3034921998",
    "2564183909": "player2564183910"
  },
  "blinds": {
    "small": 5,
    "big": 10
  },
  "finalBoard": [
    "Th",
    "As",
    "2h",
    "Qc"
  ],
  "sidePots": [
    {
      "amount": 0,
      "eligible_players": [
        3034921997
      ]
    }
  ],
  "playerMoney": {
    "initialAmount": 10000,
    "startingMoney": {
      "3034921998": 10045,
      "2564183910": 9955
    },
    "startingDelta": {
      "3034921998": 45,
      "2564183910": -45
    },
    "finalDelta": {
      "3034921998": 55,
      "2564183910": -55
    },
    "gameScores": {
      "3034921998": 10,
      "2564183910": -10
    },
    "finalMoney": {
      "3034921998": 10055,
      "2564183910": 9945
    },
    "thisGameDelta": {
      "3034921998": 10,
      "2564183910": -10
    }
  },
  "playerHands": {
    "3034921997": [
      "5d",
      "7s"
    ],
    "2564183909": [
      "2c",
      "6c"
    ]
  },
  "usernameMapping": {
    "default": 3034921998,
    "client_container_6650_test_client_test_openai_o3_pro_iter_1_20250917_222001_iter1": 2564183910
  },
  "playerIdToUsername": {
    "3034921998": "default",
    "2564183910": "client_container_6650_test_client_test_openai_o3_pro_iter_1_20250917_222001_iter1"
  }
}