{
  "gameId": "b4ec98ff-6f49-4b58-9dd7-adc71ba98a27",
  "rounds": {
    "0": {
      "pot": 15,
      "bets": {
        "3551990623": 10,
        "1788012211": 5
      },
      "actions": {
        "1788012211": "RAISE",
        "3551990623": "RAISE"
      },
      "action_sequence": [
        {
          "player": 1788012211,
          "action": "RAISE",
          "amount": 5,
          "timestamp": 1756714610302,
          "pot_after_action": 5,
          "side_pots_after_action": [
            {
              "amount": 5,
              "eligible_players": [
                3551990624,
                1788012212
              ]
            }
          ],
          "total_pot_after_action": 5,
          "total_side_pots_after_action": [
            {
              "id": 0,
              "amount": 5,
              "eligible_players": [
                3551990624,
                1788012212
              ]
            }
          ]
        },
        {
          "player": 3551990623,
          "action": "RAISE",
          "amount": 10,
          "timestamp": 1756714610302,
          "pot_after_action": 15,
          "side_pots_after_action": [
            {
              "amount": 10,
              "eligible_players": [
                3551990624,
                1788012212
              ]
            },
            {
              "amount": 5,
              "eligible_players": [
                3551990624
              ]
            }
          ],
          "total_pot_after_action": 15,
          "total_side_pots_after_action": [
            {
              "id": 0,
              "amount": 10,
              "eligible_players": [
                3551990624,
                1788012212
              ]
            },
            {
              "id": 1,
              "amount": 5,
              "eligible_players": [
                3551990624
              ]
            }
          ]
        }
      ],
      "actionTimes": {}
    },
    "1": {
      "pot": 100,
      "bets": {
        "3551990623": 100,
        "1788012211": 0
      },
      "actions": {
        "1788012211": "FOLD",
        "3551990623": "RAISE"
      },
      "action_sequence": [
        {
          "player": 1788012211,
          "action": "CHECK",
          "amount": 0,
          "timestamp": 1756714610307,
          "pot_after_action": 0,
          "side_pots_after_action": [
            {
              "amount": 0,
              "eligible_players": [
                3551990624,
                1788012212
              ]
            }
          ],
          "total_pot_after_action": 15,
          "total_side_pots_after_action": [
            {
              "id": 0,
              "amount": 10,
              "eligible_players": [
                3551990624,
                1788012212
              ]
            },
            {
              "id": 1,
              "amount": 5,
              "eligible_players": [
                3551990624
              ]
            },
            {
              "id": 2,
              "amount": 0,
              "eligible_players": [
                3551990624,
                1788012212
              ]
            }
          ]
        },
        {
          "player": 3551990623,
          "action": "RAISE",
          "amount": 100,
          "timestamp": 1756714610308,
          "pot_after_action": 100,
          "side_pots_after_action": [
            {
              "amount": 100,
              "eligible_players": [
                3551990624,
                1788012212
              ]
            }
          ],
          "total_pot_after_action": 115,
          "total_side_pots_after_action": [
            {
              "id": 0,
              "amount": 10,
              "eligible_players": [
                3551990624,
                1788012212
              ]
            },
            {
              "id": 1,
              "amount": 5,
              "eligible_players": [
                3551990624
              ]
            },
            {
              "id": 2,
              "amount": 100,
              "eligible_players": [
                3551990624,
                1788012212
              ]
            }
          ]
        },
        {
          "player": 1788012211,
          "action": "FOLD",
          "amount": 0,
          "timestamp": 1756714610350,
          "pot_after_action": 100,
          "side_pots_after_action": [
            {
              "amount": 100,
              "eligible_players": [
                3551990624,
                1788012212
              ]
            }
          ],
          "total_pot_after_action": 115,
          "total_side_pots_after_action": [
            {
              "id": 0,
              "amount": 10,
              "eligible_players": [
                3551990624,
                1788012212
              ]
            },
            {
              "id": 1,
              "amount": 5,
              "eligible_players": [
                3551990624
              ]
            },
            {
              "id": 2,
              "amount": 100,
              "eligible_players": [
                3551990624,
                1788012212
              ]
            }
          ]
        }
      ],
      "actionTimes": {
        "1788012211": 48,
        "3551990623": 6
      }
    }
  },
  "playerNames": {
    "3551990623": "player3551990624",
    "1788012211": "player1788012212"
  },
  "blinds": {
    "small": 5,
    "big": 10
  },
  "finalBoard": [
    "4c",
    "Ts",
    "As",
    "2d"
  ],
  "sidePots": [
    {
      "amount": 0,
      "eligible_players": [
        3551990623
      ]
    }
  ],
  "playerMoney": {
    "initialAmount": 10000,
    "startingMoney": {
      "3551990624": 10025,
      "1788012212": 9975
    },
    "startingDelta": {
      "3551990624": 25,
      "1788012212": -25
    },
    "finalDelta": {
      "3551990624": 30,
      "1788012212": -30
    },
    "gameScores": {
      "3551990624": 5,
      "1788012212": -5
    },
    "finalMoney": {
      "3551990624": 10030,
      "1788012212": 9970
    },
    "thisGameDelta": {
      "3551990624": 5,
      "1788012212": -5
    }
  },
  "playerHands": {
    "3551990623": [
      "9c",
      "8h"
    ],
    "1788012211": [
      "3s",
      "5h"
    ]
  },
  "usernameMapping": {
    "default": 3551990624,
    "client_container_5623_test_client_test_openai_o3_pro_iter_3_20250901_011643_iter3": 1788012212
  },
  "playerIdToUsername": {
    "3551990624": "default",
    "1788012212": "client_container_5623_test_client_test_openai_o3_pro_iter_3_20250901_011643_iter3"
  }
}