{
  "gameId": "b4ec98ff-6f49-4b58-9dd7-adc71ba98a27",
  "rounds": {
    "0": {
      "pot": 15,
      "bets": {
        "3551990623": 5,
        "1788012211": 10
      },
      "actions": {
        "3551990623": "RAISE",
        "1788012211": "RAISE"
      },
      "action_sequence": [
        {
          "player": 3551990623,
          "action": "RAISE",
          "amount": 5,
          "timestamp": 1756714610110,
          "pot_after_action": 5,
          "side_pots_after_action": [
            {
              "amount": 5,
              "eligible_players": [
                3551990624,
                1788012212
              ]
            }
          ],
          "total_pot_after_action": 5,
          "total_side_pots_after_action": [
            {
              "id": 0,
              "amount": 5,
              "eligible_players": [
                3551990624,
                1788012212
              ]
            }
          ]
        },
        {
          "player": 1788012211,
          "action": "RAISE",
          "amount": 10,
          "timestamp": 1756714610110,
          "pot_after_action": 15,
          "side_pots_after_action": [
            {
              "amount": 10,
              "eligible_players": [
                3551990624,
                1788012212
              ]
            },
            {
              "amount": 5,
              "eligible_players": [
                1788012212
              ]
            }
          ],
          "total_pot_after_action": 15,
          "total_side_pots_after_action": [
            {
              "id": 0,
              "amount": 10,
              "eligible_players": [
                3551990624,
                1788012212
              ]
            },
            {
              "id": 1,
              "amount": 5,
              "eligible_players": [
                1788012212
              ]
            }
          ]
        }
      ],
      "actionTimes": {}
    },
    "1": {
      "pot": 100,
      "bets": {
        "3551990623": 100,
        "1788012211": 0
      },
      "actions": {
        "3551990623": "RAISE",
        "1788012211": "FOLD"
      },
      "action_sequence": [
        {
          "player": 3551990623,
          "action": "RAISE",
          "amount": 100,
          "timestamp": 1756714610121,
          "pot_after_action": 100,
          "side_pots_after_action": [
            {
              "amount": 100,
              "eligible_players": [
                3551990624,
                1788012212
              ]
            }
          ],
          "total_pot_after_action": 115,
          "total_side_pots_after_action": [
            {
              "id": 0,
              "amount": 10,
              "eligible_players": [
                3551990624,
                1788012212
              ]
            },
            {
              "id": 1,
              "amount": 5,
              "eligible_players": [
                1788012212
              ]
            },
            {
              "id": 2,
              "amount": 100,
              "eligible_players": [
                3551990624,
                1788012212
              ]
            }
          ]
        },
        {
          "player": 1788012211,
          "action": "FOLD",
          "amount": 0,
          "timestamp": 1756714610125,
          "pot_after_action": 100,
          "side_pots_after_action": [
            {
              "amount": 100,
              "eligible_players": [
                3551990624,
                1788012212
              ]
            }
          ],
          "total_pot_after_action": 115,
          "total_side_pots_after_action": [
            {
              "id": 0,
              "amount": 10,
              "eligible_players": [
                3551990624,
                1788012212
              ]
            },
            {
              "id": 1,
              "amount": 5,
              "eligible_players": [
                1788012212
              ]
            },
            {
              "id": 2,
              "amount": 100,
              "eligible_players": [
                3551990624,
                1788012212
              ]
            }
          ]
        }
      ],
      "actionTimes": {
        "3551990623": 12,
        "1788012211": 16
      }
    }
  },
  "playerNames": {
    "3551990623": "player3551990624",
    "1788012211": "player1788012212"
  },
  "blinds": {
    "small": 5,
    "big": 10
  },
  "finalBoard": [
    "3h",
    "5s",
    "7s",
    "5h"
  ],
  "sidePots": [
    {
      "amount": 0,
      "eligible_players": [
        3551990623
      ]
    }
  ],
  "playerMoney": {
    "initialAmount": 10000,
    "startingMoney": {
      "3551990624": 10000,
      "1788012212": 10000
    },
    "startingDelta": {
      "3551990624": 0,
      "1788012212": 0
    },
    "finalDelta": {
      "3551990624": 10,
      "1788012212": -10
    },
    "gameScores": {
      "3551990624": 10,
      "1788012212": -10
    },
    "finalMoney": {
      "3551990624": 10010,
      "1788012212": 9990
    },
    "thisGameDelta": {
      "3551990624": 10,
      "1788012212": -10
    }
  },
  "playerHands": {
    "3551990623": [
      "8s",
      "6d"
    ],
    "1788012211": [
      "Jc",
      "Tc"
    ]
  },
  "usernameMapping": {
    "default": 3551990624,
    "client_container_5623_test_client_test_openai_o3_pro_iter_3_20250901_011643_iter3": 1788012212
  },
  "playerIdToUsername": {
    "3551990624": "default",
    "1788012212": "client_container_5623_test_client_test_openai_o3_pro_iter_3_20250901_011643_iter3"
  }
}