{
  "gameId": "44378b5c-1119-431c-b373-670b935c3eed",
  "rounds": {
    "0": {
      "pot": 15,
      "bets": {
        "1772316584": 10,
        "1828069441": 5
      },
      "actions": {
        "1828069441": "RAISE",
        "1772316584": "RAISE"
      },
      "action_sequence": [
        {
          "player": 1828069441,
          "action": "RAISE",
          "amount": 5,
          "timestamp": 1756958282466,
          "pot_after_action": 5,
          "side_pots_after_action": [
            {
              "amount": 5,
              "eligible_players": [
                1772316585,
                1828069442
              ]
            }
          ],
          "total_pot_after_action": 5,
          "total_side_pots_after_action": [
            {
              "id": 0,
              "amount": 5,
              "eligible_players": [
                1772316585,
                1828069442
              ]
            }
          ]
        },
        {
          "player": 1772316584,
          "action": "RAISE",
          "amount": 10,
          "timestamp": 1756958282466,
          "pot_after_action": 15,
          "side_pots_after_action": [
            {
              "amount": 10,
              "eligible_players": [
                1772316585,
                1828069442
              ]
            },
            {
              "amount": 5,
              "eligible_players": [
                1772316585
              ]
            }
          ],
          "total_pot_after_action": 15,
          "total_side_pots_after_action": [
            {
              "id": 0,
              "amount": 10,
              "eligible_players": [
                1772316585,
                1828069442
              ]
            },
            {
              "id": 1,
              "amount": 5,
              "eligible_players": [
                1772316585
              ]
            }
          ]
        }
      ],
      "actionTimes": {}
    },
    "1": {
      "pot": 100,
      "bets": {
        "1772316584": 100,
        "1828069441": 0
      },
      "actions": {
        "1828069441": "FOLD",
        "1772316584": "RAISE"
      },
      "action_sequence": [
        {
          "player": 1828069441,
          "action": "FOLD",
          "amount": 0,
          "timestamp": 1756958282470,
          "pot_after_action": 0,
          "side_pots_after_action": [
            {
              "amount": 0,
              "eligible_players": [
                1772316585,
                1828069442
              ]
            }
          ],
          "total_pot_after_action": 15,
          "total_side_pots_after_action": [
            {
              "id": 0,
              "amount": 10,
              "eligible_players": [
                1772316585,
                1828069442
              ]
            },
            {
              "id": 1,
              "amount": 5,
              "eligible_players": [
                1772316585
              ]
            },
            {
              "id": 2,
              "amount": 0,
              "eligible_players": [
                1772316585,
                1828069442
              ]
            }
          ]
        },
        {
          "player": 1772316584,
          "action": "RAISE",
          "amount": 100,
          "timestamp": 1756958282470,
          "pot_after_action": 100,
          "side_pots_after_action": [
            {
              "amount": 100,
              "eligible_players": [
                1772316585,
                1828069442
              ]
            }
          ],
          "total_pot_after_action": 115,
          "total_side_pots_after_action": [
            {
              "id": 0,
              "amount": 10,
              "eligible_players": [
                1772316585,
                1828069442
              ]
            },
            {
              "id": 1,
              "amount": 5,
              "eligible_players": [
                1772316585
              ]
            },
            {
              "id": 2,
              "amount": 100,
              "eligible_players": [
                1772316585,
                1828069442
              ]
            }
          ]
        }
      ],
      "actionTimes": {
        "1828069441": 4,
        "1772316584": 5
      }
    }
  },
  "playerNames": {
    "1772316584": "player1772316585",
    "1828069441": "player1828069442"
  },
  "blinds": {
    "small": 5,
    "big": 10
  },
  "finalBoard": [
    "2h",
    "4h",
    "3h",
    "Qh"
  ],
  "sidePots": [
    {
      "amount": 0,
      "eligible_players": [
        1772316584
      ]
    }
  ],
  "playerMoney": {
    "initialAmount": 10000,
    "startingMoney": {
      "1772316585": 10240,
      "1828069442": 9760
    },
    "startingDelta": {
      "1772316585": 240,
      "1828069442": -240
    },
    "finalDelta": {
      "1772316585": 245,
      "1828069442": -245
    },
    "gameScores": {
      "1772316585": 5,
      "1828069442": -5
    },
    "finalMoney": {
      "1772316585": 10245,
      "1828069442": 9755
    },
    "thisGameDelta": {
      "1772316585": 5,
      "1828069442": -5
    }
  },
  "playerHands": {
    "1772316584": [
      "7c",
      "Jh"
    ],
    "1828069441": [
      "Ad",
      "8h"
    ]
  },
  "usernameMapping": {
    "default": 1772316585,
    "client_container_5031_test_client_test_moonshotai_kimi_k2_iter_3_20250903_205756_iter3": 1828069442
  },
  "playerIdToUsername": {
    "1772316585": "default",
    "1828069442": "client_container_5031_test_client_test_moonshotai_kimi_k2_iter_3_20250903_205756_iter3"
  }
}