{
  "gameId": "44378b5c-1119-431c-b373-670b935c3eed",
  "rounds": {
    "0": {
      "pot": 15,
      "bets": {
        "1772316584": 5,
        "1828069441": 10
      },
      "actions": {
        "1772316584": "RAISE",
        "1828069441": "RAISE"
      },
      "action_sequence": [
        {
          "player": 1772316584,
          "action": "RAISE",
          "amount": 5,
          "timestamp": 1756958282170,
          "pot_after_action": 5,
          "side_pots_after_action": [
            {
              "amount": 5,
              "eligible_players": [
                1772316585,
                1828069442
              ]
            }
          ],
          "total_pot_after_action": 5,
          "total_side_pots_after_action": [
            {
              "id": 0,
              "amount": 5,
              "eligible_players": [
                1772316585,
                1828069442
              ]
            }
          ]
        },
        {
          "player": 1828069441,
          "action": "RAISE",
          "amount": 10,
          "timestamp": 1756958282170,
          "pot_after_action": 15,
          "side_pots_after_action": [
            {
              "amount": 10,
              "eligible_players": [
                1772316585,
                1828069442
              ]
            },
            {
              "amount": 5,
              "eligible_players": [
                1828069442
              ]
            }
          ],
          "total_pot_after_action": 15,
          "total_side_pots_after_action": [
            {
              "id": 0,
              "amount": 10,
              "eligible_players": [
                1772316585,
                1828069442
              ]
            },
            {
              "id": 1,
              "amount": 5,
              "eligible_players": [
                1828069442
              ]
            }
          ]
        }
      ],
      "actionTimes": {}
    },
    "1": {
      "pot": 400,
      "bets": {
        "1772316584": 200,
        "1828069441": 200
      },
      "actions": {
        "1772316584": "CALL",
        "1828069441": "RAISE"
      },
      "action_sequence": [
        {
          "player": 1772316584,
          "action": "RAISE",
          "amount": 100,
          "timestamp": 1756958282173,
          "pot_after_action": 100,
          "side_pots_after_action": [
            {
              "amount": 100,
              "eligible_players": [
                1772316585,
                1828069442
              ]
            }
          ],
          "total_pot_after_action": 115,
          "total_side_pots_after_action": [
            {
              "id": 0,
              "amount": 10,
              "eligible_players": [
                1772316585,
                1828069442
              ]
            },
            {
              "id": 1,
              "amount": 5,
              "eligible_players": [
                1828069442
              ]
            },
            {
              "id": 2,
              "amount": 100,
              "eligible_players": [
                1772316585,
                1828069442
              ]
            }
          ]
        },
        {
          "player": 1828069441,
          "action": "RAISE",
          "amount": 200,
          "timestamp": 1756958282175,
          "pot_after_action": 300,
          "side_pots_after_action": [
            {
              "amount": 200,
              "eligible_players": [
                1772316585,
                1828069442
              ]
            },
            {
              "amount": 100,
              "eligible_players": [
                1828069442
              ]
            }
          ],
          "total_pot_after_action": 315,
          "total_side_pots_after_action": [
            {
              "id": 0,
              "amount": 10,
              "eligible_players": [
                1772316585,
                1828069442
              ]
            },
            {
              "id": 1,
              "amount": 5,
              "eligible_players": [
                1828069442
              ]
            },
            {
              "id": 2,
              "amount": 200,
              "eligible_players": [
                1772316585,
                1828069442
              ]
            },
            {
              "id": 3,
              "amount": 100,
              "eligible_players": [
                1828069442
              ]
            }
          ]
        },
        {
          "player": 1772316584,
          "action": "CALL",
          "amount": 100,
          "timestamp": 1756958282215,
          "pot_after_action": 400,
          "side_pots_after_action": [
            {
              "amount": 400,
              "eligible_players": [
                1772316585,
                1828069442
              ]
            }
          ],
          "total_pot_after_action": 415,
          "total_side_pots_after_action": [
            {
              "id": 0,
              "amount": 10,
              "eligible_players": [
                1772316585,
                1828069442
              ]
            },
            {
              "id": 1,
              "amount": 5,
              "eligible_players": [
                1828069442
              ]
            },
            {
              "id": 2,
              "amount": 400,
              "eligible_players": [
                1772316585,
                1828069442
              ]
            }
          ]
        }
      ],
      "actionTimes": {
        "1772316584": 47,
        "1828069441": 7
      }
    },
    "2": {
      "pot": 0,
      "bets": {
        "1772316584": 0,
        "1828069441": 0
      },
      "actions": {
        "1772316584": "CHECK",
        "1828069441": "FOLD"
      },
      "action_sequence": [
        {
          "player": 1772316584,
          "action": "CHECK",
          "amount": 0,
          "timestamp": 1756958282257,
          "pot_after_action": 0,
          "side_pots_after_action": [
            {
              "amount": 0,
              "eligible_players": [
                1772316585,
                1828069442
              ]
            }
          ],
          "total_pot_after_action": 415,
          "total_side_pots_after_action": [
            {
              "id": 0,
              "amount": 10,
              "eligible_players": [
                1772316585,
                1828069442
              ]
            },
            {
              "id": 1,
              "amount": 5,
              "eligible_players": [
                1828069442
              ]
            },
            {
              "id": 2,
              "amount": 400,
              "eligible_players": [
                1772316585,
                1828069442
              ]
            },
            {
              "id": 3,
              "amount": 0,
              "eligible_players": [
                1772316585,
                1828069442
              ]
            }
          ]
        },
        {
          "player": 1828069441,
          "action": "FOLD",
          "amount": 0,
          "timestamp": 1756958282258,
          "pot_after_action": 0,
          "side_pots_after_action": [
            {
              "amount": 0,
              "eligible_players": [
                1772316585,
                1828069442
              ]
            }
          ],
          "total_pot_after_action": 415,
          "total_side_pots_after_action": [
            {
              "id": 0,
              "amount": 10,
              "eligible_players": [
                1772316585,
                1828069442
              ]
            },
            {
              "id": 1,
              "amount": 5,
              "eligible_players": [
                1828069442
              ]
            },
            {
              "id": 2,
              "amount": 400,
              "eligible_players": [
                1772316585,
                1828069442
              ]
            },
            {
              "id": 3,
              "amount": 0,
              "eligible_players": [
                1772316585,
                1828069442
              ]
            }
          ]
        }
      ],
      "actionTimes": {
        "1772316584": 89,
        "1828069441": 90
      }
    }
  },
  "playerNames": {
    "1772316584": "player1772316585",
    "1828069441": "player1828069442"
  },
  "blinds": {
    "small": 5,
    "big": 10
  },
  "finalBoard": [
    "7h",
    "Th",
    "4c",
    "8d",
    "2c"
  ],
  "sidePots": [
    {
      "amount": 0,
      "eligible_players": [
        1772316584
      ]
    }
  ],
  "playerMoney": {
    "initialAmount": 10000,
    "startingMoney": {
      "1772316585": 10000,
      "1828069442": 10000
    },
    "startingDelta": {
      "1772316585": 0,
      "1828069442": 0
    },
    "finalDelta": {
      "1772316585": 210,
      "1828069442": -210
    },
    "gameScores": {
      "1772316585": 210,
      "1828069442": -210
    },
    "finalMoney": {
      "1772316585": 10210,
      "1828069442": 9790
    },
    "thisGameDelta": {
      "1772316585": 210,
      "1828069442": -210
    }
  },
  "playerHands": {
    "1772316584": [
      "7s",
      "9h"
    ],
    "1828069441": [
      "Kc",
      "7d"
    ]
  },
  "usernameMapping": {
    "default": 1772316585,
    "client_container_5031_test_client_test_moonshotai_kimi_k2_iter_3_20250903_205756_iter3": 1828069442
  },
  "playerIdToUsername": {
    "1772316585": "default",
    "1828069442": "client_container_5031_test_client_test_moonshotai_kimi_k2_iter_3_20250903_205756_iter3"
  }
}