{
  "gameId": "44378b5c-1119-431c-b373-670b935c3eed",
  "rounds": {
    "0": {
      "pot": 15,
      "bets": {
        "1772316584": 5,
        "1828069441": 10
      },
      "actions": {
        "1772316584": "RAISE",
        "1828069441": "RAISE"
      },
      "action_sequence": [
        {
          "player": 1772316584,
          "action": "RAISE",
          "amount": 5,
          "timestamp": 1756958282330,
          "pot_after_action": 5,
          "side_pots_after_action": [
            {
              "amount": 5,
              "eligible_players": [
                1772316585,
                1828069442
              ]
            }
          ],
          "total_pot_after_action": 5,
          "total_side_pots_after_action": [
            {
              "id": 0,
              "amount": 5,
              "eligible_players": [
                1772316585,
                1828069442
              ]
            }
          ]
        },
        {
          "player": 1828069441,
          "action": "RAISE",
          "amount": 10,
          "timestamp": 1756958282330,
          "pot_after_action": 15,
          "side_pots_after_action": [
            {
              "amount": 10,
              "eligible_players": [
                1772316585,
                1828069442
              ]
            },
            {
              "amount": 5,
              "eligible_players": [
                1828069442
              ]
            }
          ],
          "total_pot_after_action": 15,
          "total_side_pots_after_action": [
            {
              "id": 0,
              "amount": 10,
              "eligible_players": [
                1772316585,
                1828069442
              ]
            },
            {
              "id": 1,
              "amount": 5,
              "eligible_players": [
                1828069442
              ]
            }
          ]
        }
      ],
      "actionTimes": {}
    },
    "1": {
      "pot": 100,
      "bets": {
        "1772316584": 100,
        "1828069441": 0
      },
      "actions": {
        "1772316584": "RAISE",
        "1828069441": "FOLD"
      },
      "action_sequence": [
        {
          "player": 1772316584,
          "action": "RAISE",
          "amount": 100,
          "timestamp": 1756958282333,
          "pot_after_action": 100,
          "side_pots_after_action": [
            {
              "amount": 100,
              "eligible_players": [
                1772316585,
                1828069442
              ]
            }
          ],
          "total_pot_after_action": 115,
          "total_side_pots_after_action": [
            {
              "id": 0,
              "amount": 10,
              "eligible_players": [
                1772316585,
                1828069442
              ]
            },
            {
              "id": 1,
              "amount": 5,
              "eligible_players": [
                1828069442
              ]
            },
            {
              "id": 2,
              "amount": 100,
              "eligible_players": [
                1772316585,
                1828069442
              ]
            }
          ]
        },
        {
          "player": 1828069441,
          "action": "FOLD",
          "amount": 0,
          "timestamp": 1756958282375,
          "pot_after_action": 100,
          "side_pots_after_action": [
            {
              "amount": 100,
              "eligible_players": [
                1772316585,
                1828069442
              ]
            }
          ],
          "total_pot_after_action": 115,
          "total_side_pots_after_action": [
            {
              "id": 0,
              "amount": 10,
              "eligible_players": [
                1772316585,
                1828069442
              ]
            },
            {
              "id": 1,
              "amount": 5,
              "eligible_players": [
                1828069442
              ]
            },
            {
              "id": 2,
              "amount": 100,
              "eligible_players": [
                1772316585,
                1828069442
              ]
            }
          ]
        }
      ],
      "actionTimes": {
        "1772316584": 3,
        "1828069441": 45
      }
    }
  },
  "playerNames": {
    "1772316584": "player1772316585",
    "1828069441": "player1828069442"
  },
  "blinds": {
    "small": 5,
    "big": 10
  },
  "finalBoard": [
    "Jh",
    "8h",
    "3c",
    "Tc"
  ],
  "sidePots": [
    {
      "amount": 0,
      "eligible_players": [
        1772316584
      ]
    }
  ],
  "playerMoney": {
    "initialAmount": 10000,
    "startingMoney": {
      "1772316585": 10215,
      "1828069442": 9785
    },
    "startingDelta": {
      "1772316585": 215,
      "1828069442": -215
    },
    "finalDelta": {
      "1772316585": 225,
      "1828069442": -225
    },
    "gameScores": {
      "1772316585": 10,
      "1828069442": -10
    },
    "finalMoney": {
      "1772316585": 10225,
      "1828069442": 9775
    },
    "thisGameDelta": {
      "1772316585": 10,
      "1828069442": -10
    }
  },
  "playerHands": {
    "1772316584": [
      "Jd",
      "Jc"
    ],
    "1828069441": [
      "7d",
      "3s"
    ]
  },
  "usernameMapping": {
    "default": 1772316585,
    "client_container_5031_test_client_test_moonshotai_kimi_k2_iter_3_20250903_205756_iter3": 1828069442
  },
  "playerIdToUsername": {
    "1772316585": "default",
    "1828069442": "client_container_5031_test_client_test_moonshotai_kimi_k2_iter_3_20250903_205756_iter3"
  }
}