{
  "gameId": "da14c828-41b0-4780-b905-667f03820e4b",
  "rounds": {
    "0": {
      "pot": 15,
      "bets": {
        "816385060": 10,
        "2740928550": 5
      },
      "actions": {
        "2740928550": "RAISE",
        "816385060": "RAISE"
      },
      "action_sequence": [
        {
          "player": 2740928550,
          "action": "RAISE",
          "amount": 5,
          "timestamp": 1757870842689,
          "pot_after_action": 5,
          "side_pots_after_action": [
            {
              "amount": 5,
              "eligible_players": [
                816385061,
                2740928551
              ]
            }
          ],
          "total_pot_after_action": 5,
          "total_side_pots_after_action": [
            {
              "id": 0,
              "amount": 5,
              "eligible_players": [
                816385061,
                2740928551
              ]
            }
          ]
        },
        {
          "player": 816385060,
          "action": "RAISE",
          "amount": 10,
          "timestamp": 1757870842689,
          "pot_after_action": 15,
          "side_pots_after_action": [
            {
              "amount": 10,
              "eligible_players": [
                816385061,
                2740928551
              ]
            },
            {
              "amount": 5,
              "eligible_players": [
                816385061
              ]
            }
          ],
          "total_pot_after_action": 15,
          "total_side_pots_after_action": [
            {
              "id": 0,
              "amount": 10,
              "eligible_players": [
                816385061,
                2740928551
              ]
            },
            {
              "id": 1,
              "amount": 5,
              "eligible_players": [
                816385061
              ]
            }
          ]
        }
      ],
      "actionTimes": {}
    },
    "1": {
      "pot": 100,
      "bets": {
        "816385060": 100,
        "2740928550": 0
      },
      "actions": {
        "2740928550": "FOLD",
        "816385060": "RAISE"
      },
      "action_sequence": [
        {
          "player": 2740928550,
          "action": "FOLD",
          "amount": 0,
          "timestamp": 1757870842693,
          "pot_after_action": 0,
          "side_pots_after_action": [
            {
              "amount": 0,
              "eligible_players": [
                816385061,
                2740928551
              ]
            }
          ],
          "total_pot_after_action": 15,
          "total_side_pots_after_action": [
            {
              "id": 0,
              "amount": 10,
              "eligible_players": [
                816385061,
                2740928551
              ]
            },
            {
              "id": 1,
              "amount": 5,
              "eligible_players": [
                816385061
              ]
            },
            {
              "id": 2,
              "amount": 0,
              "eligible_players": [
                816385061,
                2740928551
              ]
            }
          ]
        },
        {
          "player": 816385060,
          "action": "RAISE",
          "amount": 100,
          "timestamp": 1757870842694,
          "pot_after_action": 100,
          "side_pots_after_action": [
            {
              "amount": 100,
              "eligible_players": [
                816385061,
                2740928551
              ]
            }
          ],
          "total_pot_after_action": 115,
          "total_side_pots_after_action": [
            {
              "id": 0,
              "amount": 10,
              "eligible_players": [
                816385061,
                2740928551
              ]
            },
            {
              "id": 1,
              "amount": 5,
              "eligible_players": [
                816385061
              ]
            },
            {
              "id": 2,
              "amount": 100,
              "eligible_players": [
                816385061,
                2740928551
              ]
            }
          ]
        }
      ],
      "actionTimes": {
        "2740928550": 4,
        "816385060": 5
      }
    }
  },
  "playerNames": {
    "816385060": "player816385061",
    "2740928550": "player2740928551"
  },
  "blinds": {
    "small": 5,
    "big": 10
  },
  "finalBoard": [
    "Qd",
    "Jc",
    "Qh",
    "Ks"
  ],
  "sidePots": [
    {
      "amount": 0,
      "eligible_players": [
        816385060
      ]
    }
  ],
  "playerMoney": {
    "initialAmount": 10000,
    "startingMoney": {
      "816385061": 10040,
      "2740928551": 9960
    },
    "startingDelta": {
      "816385061": 40,
      "2740928551": -40
    },
    "finalDelta": {
      "816385061": 45,
      "2740928551": -45
    },
    "gameScores": {
      "816385061": 5,
      "2740928551": -5
    },
    "finalMoney": {
      "816385061": 10045,
      "2740928551": 9955
    },
    "thisGameDelta": {
      "816385061": 5,
      "2740928551": -5
    }
  },
  "playerHands": {
    "816385060": [
      "Jh",
      "6h"
    ],
    "2740928550": [
      "Kc",
      "9d"
    ]
  },
  "usernameMapping": {
    "default": 816385061,
    "client_container_6933_test_client_test_x_ai_grok_4_iter_2_20250914_132716_iter2": 2740928551
  },
  "playerIdToUsername": {
    "816385061": "default",
    "2740928551": "client_container_6933_test_client_test_x_ai_grok_4_iter_2_20250914_132716_iter2"
  }
}