{
  "gameId": "9ce97752-8534-41f0-8aa0-fb148ff6ccfe",
  "rounds": {
    "0": {
      "pot": 15,
      "bets": {
        "1925040018": 10,
        "54528969": 5
      },
      "actions": {
        "54528969": "RAISE",
        "1925040018": "RAISE"
      },
      "action_sequence": [
        {
          "player": 54528969,
          "action": "RAISE",
          "amount": 5,
          "timestamp": 1756711815557,
          "pot_after_action": 5,
          "side_pots_after_action": [
            {
              "amount": 5,
              "eligible_players": [
                54528970,
                1925040019
              ]
            }
          ],
          "total_pot_after_action": 5,
          "total_side_pots_after_action": [
            {
              "id": 0,
              "amount": 5,
              "eligible_players": [
                54528970,
                1925040019
              ]
            }
          ]
        },
        {
          "player": 1925040018,
          "action": "RAISE",
          "amount": 10,
          "timestamp": 1756711815557,
          "pot_after_action": 15,
          "side_pots_after_action": [
            {
              "amount": 10,
              "eligible_players": [
                54528970,
                1925040019
              ]
            },
            {
              "amount": 5,
              "eligible_players": [
                1925040019
              ]
            }
          ],
          "total_pot_after_action": 15,
          "total_side_pots_after_action": [
            {
              "id": 0,
              "amount": 10,
              "eligible_players": [
                54528970,
                1925040019
              ]
            },
            {
              "id": 1,
              "amount": 5,
              "eligible_players": [
                1925040019
              ]
            }
          ]
        }
      ],
      "actionTimes": {}
    },
    "1": {
      "pot": 100,
      "bets": {
        "1925040018": 100,
        "54528969": 0
      },
      "actions": {
        "54528969": "FOLD",
        "1925040018": "RAISE"
      },
      "action_sequence": [
        {
          "player": 54528969,
          "action": "CHECK",
          "amount": 0,
          "timestamp": 1756711815561,
          "pot_after_action": 0,
          "side_pots_after_action": [
            {
              "amount": 0,
              "eligible_players": [
                54528970,
                1925040019
              ]
            }
          ],
          "total_pot_after_action": 15,
          "total_side_pots_after_action": [
            {
              "id": 0,
              "amount": 10,
              "eligible_players": [
                54528970,
                1925040019
              ]
            },
            {
              "id": 1,
              "amount": 5,
              "eligible_players": [
                1925040019
              ]
            },
            {
              "id": 2,
              "amount": 0,
              "eligible_players": [
                54528970,
                1925040019
              ]
            }
          ]
        },
        {
          "player": 1925040018,
          "action": "RAISE",
          "amount": 100,
          "timestamp": 1756711815562,
          "pot_after_action": 100,
          "side_pots_after_action": [
            {
              "amount": 100,
              "eligible_players": [
                54528970,
                1925040019
              ]
            }
          ],
          "total_pot_after_action": 115,
          "total_side_pots_after_action": [
            {
              "id": 0,
              "amount": 10,
              "eligible_players": [
                54528970,
                1925040019
              ]
            },
            {
              "id": 1,
              "amount": 5,
              "eligible_players": [
                1925040019
              ]
            },
            {
              "id": 2,
              "amount": 100,
              "eligible_players": [
                54528970,
                1925040019
              ]
            }
          ]
        },
        {
          "player": 54528969,
          "action": "FOLD",
          "amount": 0,
          "timestamp": 1756711815603,
          "pot_after_action": 100,
          "side_pots_after_action": [
            {
              "amount": 100,
              "eligible_players": [
                54528970,
                1925040019
              ]
            }
          ],
          "total_pot_after_action": 115,
          "total_side_pots_after_action": [
            {
              "id": 0,
              "amount": 10,
              "eligible_players": [
                54528970,
                1925040019
              ]
            },
            {
              "id": 1,
              "amount": 5,
              "eligible_players": [
                1925040019
              ]
            },
            {
              "id": 2,
              "amount": 100,
              "eligible_players": [
                54528970,
                1925040019
              ]
            }
          ]
        }
      ],
      "actionTimes": {
        "54528969": 46,
        "1925040018": 5
      }
    }
  },
  "playerNames": {
    "1925040018": "player1925040019",
    "54528969": "player54528970"
  },
  "blinds": {
    "small": 5,
    "big": 10
  },
  "finalBoard": [
    "Th",
    "3h",
    "3s",
    "Qc"
  ],
  "sidePots": [
    {
      "amount": 0,
      "eligible_players": [
        1925040018
      ]
    }
  ],
  "playerMoney": {
    "initialAmount": 10000,
    "startingMoney": {
      "1925040019": 10025,
      "54528970": 9975
    },
    "startingDelta": {
      "1925040019": 25,
      "54528970": -25
    },
    "finalDelta": {
      "1925040019": 30,
      "54528970": -30
    },
    "gameScores": {
      "1925040019": 5,
      "54528970": -5
    },
    "finalMoney": {
      "1925040019": 10030,
      "54528970": 9970
    },
    "thisGameDelta": {
      "1925040019": 5,
      "54528970": -5
    }
  },
  "playerHands": {
    "1925040018": [
      "Kc",
      "7h"
    ],
    "54528969": [
      "Tc",
      "5h"
    ]
  },
  "usernameMapping": {
    "default": 1925040019,
    "client_container_5757_test_client_test_x_ai_grok_4_iter_3_20250901_003009_iter3": 54528970
  },
  "playerIdToUsername": {
    "1925040019": "default",
    "54528970": "client_container_5757_test_client_test_x_ai_grok_4_iter_3_20250901_003009_iter3"
  }
}