{
  "gameId": "9ce97752-8534-41f0-8aa0-fb148ff6ccfe",
  "rounds": {
    "0": {
      "pot": 15,
      "bets": {
        "1925040018": 5,
        "54528969": 10
      },
      "actions": {
        "1925040018": "RAISE",
        "54528969": "RAISE"
      },
      "action_sequence": [
        {
          "player": 1925040018,
          "action": "RAISE",
          "amount": 5,
          "timestamp": 1756711815730,
          "pot_after_action": 5,
          "side_pots_after_action": [
            {
              "amount": 5,
              "eligible_players": [
                54528970,
                1925040019
              ]
            }
          ],
          "total_pot_after_action": 5,
          "total_side_pots_after_action": [
            {
              "id": 0,
              "amount": 5,
              "eligible_players": [
                54528970,
                1925040019
              ]
            }
          ]
        },
        {
          "player": 54528969,
          "action": "RAISE",
          "amount": 10,
          "timestamp": 1756711815731,
          "pot_after_action": 15,
          "side_pots_after_action": [
            {
              "amount": 10,
              "eligible_players": [
                54528970,
                1925040019
              ]
            },
            {
              "amount": 5,
              "eligible_players": [
                54528970
              ]
            }
          ],
          "total_pot_after_action": 15,
          "total_side_pots_after_action": [
            {
              "id": 0,
              "amount": 10,
              "eligible_players": [
                54528970,
                1925040019
              ]
            },
            {
              "id": 1,
              "amount": 5,
              "eligible_players": [
                54528970
              ]
            }
          ]
        }
      ],
      "actionTimes": {}
    },
    "1": {
      "pot": 100,
      "bets": {
        "1925040018": 100,
        "54528969": 0
      },
      "actions": {
        "1925040018": "RAISE",
        "54528969": "FOLD"
      },
      "action_sequence": [
        {
          "player": 1925040018,
          "action": "RAISE",
          "amount": 100,
          "timestamp": 1756711815734,
          "pot_after_action": 100,
          "side_pots_after_action": [
            {
              "amount": 100,
              "eligible_players": [
                54528970,
                1925040019
              ]
            }
          ],
          "total_pot_after_action": 115,
          "total_side_pots_after_action": [
            {
              "id": 0,
              "amount": 10,
              "eligible_players": [
                54528970,
                1925040019
              ]
            },
            {
              "id": 1,
              "amount": 5,
              "eligible_players": [
                54528970
              ]
            },
            {
              "id": 2,
              "amount": 100,
              "eligible_players": [
                54528970,
                1925040019
              ]
            }
          ]
        },
        {
          "player": 54528969,
          "action": "FOLD",
          "amount": 0,
          "timestamp": 1756711815776,
          "pot_after_action": 100,
          "side_pots_after_action": [
            {
              "amount": 100,
              "eligible_players": [
                54528970,
                1925040019
              ]
            }
          ],
          "total_pot_after_action": 115,
          "total_side_pots_after_action": [
            {
              "id": 0,
              "amount": 10,
              "eligible_players": [
                54528970,
                1925040019
              ]
            },
            {
              "id": 1,
              "amount": 5,
              "eligible_players": [
                54528970
              ]
            },
            {
              "id": 2,
              "amount": 100,
              "eligible_players": [
                54528970,
                1925040019
              ]
            }
          ]
        }
      ],
      "actionTimes": {
        "1925040018": 4,
        "54528969": 46
      }
    }
  },
  "playerNames": {
    "1925040018": "player1925040019",
    "54528969": "player54528970"
  },
  "blinds": {
    "small": 5,
    "big": 10
  },
  "finalBoard": [
    "Td",
    "Qh",
    "4d",
    "Ad"
  ],
  "sidePots": [
    {
      "amount": 0,
      "eligible_players": [
        1925040018
      ]
    }
  ],
  "playerMoney": {
    "initialAmount": 10000,
    "startingMoney": {
      "1925040019": 10045,
      "54528970": 9955
    },
    "startingDelta": {
      "1925040019": 45,
      "54528970": -45
    },
    "finalDelta": {
      "1925040019": 55,
      "54528970": -55
    },
    "gameScores": {
      "1925040019": 10,
      "54528970": -10
    },
    "finalMoney": {
      "1925040019": 10055,
      "54528970": 9945
    },
    "thisGameDelta": {
      "1925040019": 10,
      "54528970": -10
    }
  },
  "playerHands": {
    "1925040018": [
      "Tc",
      "5h"
    ],
    "54528969": [
      "7d",
      "Qd"
    ]
  },
  "usernameMapping": {
    "default": 1925040019,
    "client_container_5757_test_client_test_x_ai_grok_4_iter_3_20250901_003009_iter3": 54528970
  },
  "playerIdToUsername": {
    "1925040019": "default",
    "54528970": "client_container_5757_test_client_test_x_ai_grok_4_iter_3_20250901_003009_iter3"
  }
}