{
  "gameId": "99b2515d-8fef-4f51-8ba8-3a6070e64c7e",
  "rounds": {
    "0": {
      "pot": 15,
      "bets": {
        "1091444085": 10,
        "3958301869": 5
      },
      "actions": {
        "3958301869": "RAISE",
        "1091444085": "RAISE"
      },
      "action_sequence": [
        {
          "player": 3958301869,
          "action": "RAISE",
          "amount": 5,
          "timestamp": 1757700396495,
          "pot_after_action": 5,
          "side_pots_after_action": [
            {
              "amount": 5,
              "eligible_players": [
                3958301870,
                1091444086
              ]
            }
          ],
          "total_pot_after_action": 5,
          "total_side_pots_after_action": [
            {
              "id": 0,
              "amount": 5,
              "eligible_players": [
                3958301870,
                1091444086
              ]
            }
          ]
        },
        {
          "player": 1091444085,
          "action": "RAISE",
          "amount": 10,
          "timestamp": 1757700396495,
          "pot_after_action": 15,
          "side_pots_after_action": [
            {
              "amount": 10,
              "eligible_players": [
                3958301870,
                1091444086
              ]
            },
            {
              "amount": 5,
              "eligible_players": [
                1091444086
              ]
            }
          ],
          "total_pot_after_action": 15,
          "total_side_pots_after_action": [
            {
              "id": 0,
              "amount": 10,
              "eligible_players": [
                3958301870,
                1091444086
              ]
            },
            {
              "id": 1,
              "amount": 5,
              "eligible_players": [
                1091444086
              ]
            }
          ]
        }
      ],
      "actionTimes": {}
    },
    "1": {
      "pot": 100,
      "bets": {
        "1091444085": 100,
        "3958301869": 0
      },
      "actions": {
        "3958301869": "FOLD",
        "1091444085": "RAISE"
      },
      "action_sequence": [
        {
          "player": 3958301869,
          "action": "CHECK",
          "amount": 0,
          "timestamp": 1757700396499,
          "pot_after_action": 0,
          "side_pots_after_action": [
            {
              "amount": 0,
              "eligible_players": [
                3958301870,
                1091444086
              ]
            }
          ],
          "total_pot_after_action": 15,
          "total_side_pots_after_action": [
            {
              "id": 0,
              "amount": 10,
              "eligible_players": [
                3958301870,
                1091444086
              ]
            },
            {
              "id": 1,
              "amount": 5,
              "eligible_players": [
                1091444086
              ]
            },
            {
              "id": 2,
              "amount": 0,
              "eligible_players": [
                3958301870,
                1091444086
              ]
            }
          ]
        },
        {
          "player": 1091444085,
          "action": "RAISE",
          "amount": 100,
          "timestamp": 1757700396499,
          "pot_after_action": 100,
          "side_pots_after_action": [
            {
              "amount": 100,
              "eligible_players": [
                3958301870,
                1091444086
              ]
            }
          ],
          "total_pot_after_action": 115,
          "total_side_pots_after_action": [
            {
              "id": 0,
              "amount": 10,
              "eligible_players": [
                3958301870,
                1091444086
              ]
            },
            {
              "id": 1,
              "amount": 5,
              "eligible_players": [
                1091444086
              ]
            },
            {
              "id": 2,
              "amount": 100,
              "eligible_players": [
                3958301870,
                1091444086
              ]
            }
          ]
        },
        {
          "player": 3958301869,
          "action": "FOLD",
          "amount": 0,
          "timestamp": 1757700396549,
          "pot_after_action": 100,
          "side_pots_after_action": [
            {
              "amount": 100,
              "eligible_players": [
                3958301870,
                1091444086
              ]
            }
          ],
          "total_pot_after_action": 115,
          "total_side_pots_after_action": [
            {
              "id": 0,
              "amount": 10,
              "eligible_players": [
                3958301870,
                1091444086
              ]
            },
            {
              "id": 1,
              "amount": 5,
              "eligible_players": [
                1091444086
              ]
            },
            {
              "id": 2,
              "amount": 100,
              "eligible_players": [
                3958301870,
                1091444086
              ]
            }
          ]
        }
      ],
      "actionTimes": {
        "3958301869": 54,
        "1091444085": 4
      }
    }
  },
  "playerNames": {
    "1091444085": "player1091444086",
    "3958301869": "player3958301870"
  },
  "blinds": {
    "small": 5,
    "big": 10
  },
  "finalBoard": [
    "4c",
    "3h",
    "9s",
    "Qh"
  ],
  "sidePots": [
    {
      "amount": 0,
      "eligible_players": [
        1091444085
      ]
    }
  ],
  "playerMoney": {
    "initialAmount": 10000,
    "startingMoney": {
      "1091444086": 10070,
      "3958301870": 9930
    },
    "startingDelta": {
      "1091444086": 70,
      "3958301870": -70
    },
    "finalDelta": {
      "1091444086": 75,
      "3958301870": -75
    },
    "gameScores": {
      "1091444086": 5,
      "3958301870": -5
    },
    "finalMoney": {
      "1091444086": 10075,
      "3958301870": 9925
    },
    "thisGameDelta": {
      "1091444086": 5,
      "3958301870": -5
    }
  },
  "playerHands": {
    "1091444085": [
      "Jh",
      "7s"
    ],
    "3958301869": [
      "Jd",
      "8h"
    ]
  },
  "usernameMapping": {
    "default": 1091444086,
    "client_container_6093_test_client_test_moonshotai_kimi_k2_iter_1_20250912_110629_iter1": 3958301870
  },
  "playerIdToUsername": {
    "1091444086": "default",
    "3958301870": "client_container_6093_test_client_test_moonshotai_kimi_k2_iter_1_20250912_110629_iter1"
  }
}