{
  "gameId": "99b2515d-8fef-4f51-8ba8-3a6070e64c7e",
  "rounds": {
    "0": {
      "pot": 15,
      "bets": {
        "1091444085": 5,
        "3958301869": 10
      },
      "actions": {
        "1091444085": "RAISE",
        "3958301869": "RAISE"
      },
      "action_sequence": [
        {
          "player": 1091444085,
          "action": "RAISE",
          "amount": 5,
          "timestamp": 1757700396322,
          "pot_after_action": 5,
          "side_pots_after_action": [
            {
              "amount": 5,
              "eligible_players": [
                3958301870,
                1091444086
              ]
            }
          ],
          "total_pot_after_action": 5,
          "total_side_pots_after_action": [
            {
              "id": 0,
              "amount": 5,
              "eligible_players": [
                3958301870,
                1091444086
              ]
            }
          ]
        },
        {
          "player": 3958301869,
          "action": "RAISE",
          "amount": 10,
          "timestamp": 1757700396322,
          "pot_after_action": 15,
          "side_pots_after_action": [
            {
              "amount": 10,
              "eligible_players": [
                3958301870,
                1091444086
              ]
            },
            {
              "amount": 5,
              "eligible_players": [
                3958301870
              ]
            }
          ],
          "total_pot_after_action": 15,
          "total_side_pots_after_action": [
            {
              "id": 0,
              "amount": 10,
              "eligible_players": [
                3958301870,
                1091444086
              ]
            },
            {
              "id": 1,
              "amount": 5,
              "eligible_players": [
                3958301870
              ]
            }
          ]
        }
      ],
      "actionTimes": {}
    },
    "1": {
      "pot": 100,
      "bets": {
        "1091444085": 100,
        "3958301869": 0
      },
      "actions": {
        "1091444085": "RAISE",
        "3958301869": "FOLD"
      },
      "action_sequence": [
        {
          "player": 1091444085,
          "action": "RAISE",
          "amount": 100,
          "timestamp": 1757700396324,
          "pot_after_action": 100,
          "side_pots_after_action": [
            {
              "amount": 100,
              "eligible_players": [
                3958301870,
                1091444086
              ]
            }
          ],
          "total_pot_after_action": 115,
          "total_side_pots_after_action": [
            {
              "id": 0,
              "amount": 10,
              "eligible_players": [
                3958301870,
                1091444086
              ]
            },
            {
              "id": 1,
              "amount": 5,
              "eligible_players": [
                3958301870
              ]
            },
            {
              "id": 2,
              "amount": 100,
              "eligible_players": [
                3958301870,
                1091444086
              ]
            }
          ]
        },
        {
          "player": 3958301869,
          "action": "FOLD",
          "amount": 0,
          "timestamp": 1757700396366,
          "pot_after_action": 100,
          "side_pots_after_action": [
            {
              "amount": 100,
              "eligible_players": [
                3958301870,
                1091444086
              ]
            }
          ],
          "total_pot_after_action": 115,
          "total_side_pots_after_action": [
            {
              "id": 0,
              "amount": 10,
              "eligible_players": [
                3958301870,
                1091444086
              ]
            },
            {
              "id": 1,
              "amount": 5,
              "eligible_players": [
                3958301870
              ]
            },
            {
              "id": 2,
              "amount": 100,
              "eligible_players": [
                3958301870,
                1091444086
              ]
            }
          ]
        }
      ],
      "actionTimes": {
        "1091444085": 2,
        "3958301869": 44
      }
    }
  },
  "playerNames": {
    "1091444085": "player1091444086",
    "3958301869": "player3958301870"
  },
  "blinds": {
    "small": 5,
    "big": 10
  },
  "finalBoard": [
    "6h",
    "7c",
    "Ts",
    "Kd"
  ],
  "sidePots": [
    {
      "amount": 0,
      "eligible_players": [
        1091444085
      ]
    }
  ],
  "playerMoney": {
    "initialAmount": 10000,
    "startingMoney": {
      "1091444086": 10045,
      "3958301870": 9955
    },
    "startingDelta": {
      "1091444086": 45,
      "3958301870": -45
    },
    "finalDelta": {
      "1091444086": 55,
      "3958301870": -55
    },
    "gameScores": {
      "1091444086": 10,
      "3958301870": -10
    },
    "finalMoney": {
      "1091444086": 10055,
      "3958301870": 9945
    },
    "thisGameDelta": {
      "1091444086": 10,
      "3958301870": -10
    }
  },
  "playerHands": {
    "1091444085": [
      "3s",
      "Jd"
    ],
    "3958301869": [
      "5d",
      "9s"
    ]
  },
  "usernameMapping": {
    "default": 1091444086,
    "client_container_6093_test_client_test_moonshotai_kimi_k2_iter_1_20250912_110629_iter1": 3958301870
  },
  "playerIdToUsername": {
    "1091444086": "default",
    "3958301870": "client_container_6093_test_client_test_moonshotai_kimi_k2_iter_1_20250912_110629_iter1"
  }
}