{
  "gameId": "d7beb4ed-93e1-43e6-bf6d-33ef8d720e1d",
  "rounds": {
    "0": {
      "pot": 15,
      "bets": {
        "1012276728": 10,
        "1885984205": 5
      },
      "actions": {
        "1885984205": "RAISE",
        "1012276728": "RAISE"
      },
      "action_sequence": [
        {
          "player": 1885984205,
          "action": "RAISE",
          "amount": 5,
          "timestamp": 1756688584442,
          "pot_after_action": 5,
          "side_pots_after_action": [
            {
              "amount": 5,
              "eligible_players": [
                1012276729,
                1885984206
              ]
            }
          ],
          "total_pot_after_action": 5,
          "total_side_pots_after_action": [
            {
              "id": 0,
              "amount": 5,
              "eligible_players": [
                1012276729,
                1885984206
              ]
            }
          ]
        },
        {
          "player": 1012276728,
          "action": "RAISE",
          "amount": 10,
          "timestamp": 1756688584442,
          "pot_after_action": 15,
          "side_pots_after_action": [
            {
              "amount": 10,
              "eligible_players": [
                1012276729,
                1885984206
              ]
            },
            {
              "amount": 5,
              "eligible_players": [
                1012276729
              ]
            }
          ],
          "total_pot_after_action": 15,
          "total_side_pots_after_action": [
            {
              "id": 0,
              "amount": 10,
              "eligible_players": [
                1012276729,
                1885984206
              ]
            },
            {
              "id": 1,
              "amount": 5,
              "eligible_players": [
                1012276729
              ]
            }
          ]
        }
      ],
      "actionTimes": {}
    },
    "1": {
      "pot": 100,
      "bets": {
        "1012276728": 100,
        "1885984205": 0
      },
      "actions": {
        "1885984205": "FOLD",
        "1012276728": "RAISE"
      },
      "action_sequence": [
        {
          "player": 1885984205,
          "action": "CHECK",
          "amount": 0,
          "timestamp": 1756688584447,
          "pot_after_action": 0,
          "side_pots_after_action": [
            {
              "amount": 0,
              "eligible_players": [
                1012276729,
                1885984206
              ]
            }
          ],
          "total_pot_after_action": 15,
          "total_side_pots_after_action": [
            {
              "id": 0,
              "amount": 10,
              "eligible_players": [
                1012276729,
                1885984206
              ]
            },
            {
              "id": 1,
              "amount": 5,
              "eligible_players": [
                1012276729
              ]
            },
            {
              "id": 2,
              "amount": 0,
              "eligible_players": [
                1012276729,
                1885984206
              ]
            }
          ]
        },
        {
          "player": 1012276728,
          "action": "RAISE",
          "amount": 100,
          "timestamp": 1756688584448,
          "pot_after_action": 100,
          "side_pots_after_action": [
            {
              "amount": 100,
              "eligible_players": [
                1012276729,
                1885984206
              ]
            }
          ],
          "total_pot_after_action": 115,
          "total_side_pots_after_action": [
            {
              "id": 0,
              "amount": 10,
              "eligible_players": [
                1012276729,
                1885984206
              ]
            },
            {
              "id": 1,
              "amount": 5,
              "eligible_players": [
                1012276729
              ]
            },
            {
              "id": 2,
              "amount": 100,
              "eligible_players": [
                1012276729,
                1885984206
              ]
            }
          ]
        },
        {
          "player": 1885984205,
          "action": "FOLD",
          "amount": 0,
          "timestamp": 1756688584490,
          "pot_after_action": 100,
          "side_pots_after_action": [
            {
              "amount": 100,
              "eligible_players": [
                1012276729,
                1885984206
              ]
            }
          ],
          "total_pot_after_action": 115,
          "total_side_pots_after_action": [
            {
              "id": 0,
              "amount": 10,
              "eligible_players": [
                1012276729,
                1885984206
              ]
            },
            {
              "id": 1,
              "amount": 5,
              "eligible_players": [
                1012276729
              ]
            },
            {
              "id": 2,
              "amount": 100,
              "eligible_players": [
                1012276729,
                1885984206
              ]
            }
          ]
        }
      ],
      "actionTimes": {
        "1885984205": 48,
        "1012276728": 6
      }
    }
  },
  "playerNames": {
    "1012276728": "player1012276729",
    "1885984205": "player1885984206"
  },
  "blinds": {
    "small": 5,
    "big": 10
  },
  "finalBoard": [
    "Qs",
    "Qh",
    "7s",
    "Ks"
  ],
  "sidePots": [
    {
      "amount": 0,
      "eligible_players": [
        1012276728
      ]
    }
  ],
  "playerMoney": {
    "initialAmount": 10000,
    "startingMoney": {
      "1012276729": 10025,
      "1885984206": 9975
    },
    "startingDelta": {
      "1012276729": 25,
      "1885984206": -25
    },
    "finalDelta": {
      "1012276729": 30,
      "1885984206": -30
    },
    "gameScores": {
      "1012276729": 5,
      "1885984206": -5
    },
    "finalMoney": {
      "1012276729": 10030,
      "1885984206": 9970
    },
    "thisGameDelta": {
      "1012276729": 5,
      "1885984206": -5
    }
  },
  "playerHands": {
    "1012276728": [
      "Js",
      "Ts"
    ],
    "1885984205": [
      "Td",
      "3c"
    ]
  },
  "usernameMapping": {
    "default": 1012276729,
    "client_container_6570_test_client_test_x_ai_grok_4_iter_2_20250831_180258_iter2": 1885984206
  },
  "playerIdToUsername": {
    "1012276729": "default",
    "1885984206": "client_container_6570_test_client_test_x_ai_grok_4_iter_2_20250831_180258_iter2"
  }
}