{
  "gameId": "d7beb4ed-93e1-43e6-bf6d-33ef8d720e1d",
  "rounds": {
    "0": {
      "pot": 15,
      "bets": {
        "1012276728": 5,
        "1885984205": 10
      },
      "actions": {
        "1012276728": "RAISE",
        "1885984205": "RAISE"
      },
      "action_sequence": [
        {
          "player": 1012276728,
          "action": "RAISE",
          "amount": 5,
          "timestamp": 1756688584624,
          "pot_after_action": 5,
          "side_pots_after_action": [
            {
              "amount": 5,
              "eligible_players": [
                1012276729,
                1885984206
              ]
            }
          ],
          "total_pot_after_action": 5,
          "total_side_pots_after_action": [
            {
              "id": 0,
              "amount": 5,
              "eligible_players": [
                1012276729,
                1885984206
              ]
            }
          ]
        },
        {
          "player": 1885984205,
          "action": "RAISE",
          "amount": 10,
          "timestamp": 1756688584624,
          "pot_after_action": 15,
          "side_pots_after_action": [
            {
              "amount": 10,
              "eligible_players": [
                1012276729,
                1885984206
              ]
            },
            {
              "amount": 5,
              "eligible_players": [
                1885984206
              ]
            }
          ],
          "total_pot_after_action": 15,
          "total_side_pots_after_action": [
            {
              "id": 0,
              "amount": 10,
              "eligible_players": [
                1012276729,
                1885984206
              ]
            },
            {
              "id": 1,
              "amount": 5,
              "eligible_players": [
                1885984206
              ]
            }
          ]
        }
      ],
      "actionTimes": {}
    },
    "1": {
      "pot": 100,
      "bets": {
        "1012276728": 100,
        "1885984205": 0
      },
      "actions": {
        "1012276728": "RAISE",
        "1885984205": "FOLD"
      },
      "action_sequence": [
        {
          "player": 1012276728,
          "action": "RAISE",
          "amount": 100,
          "timestamp": 1756688584627,
          "pot_after_action": 100,
          "side_pots_after_action": [
            {
              "amount": 100,
              "eligible_players": [
                1012276729,
                1885984206
              ]
            }
          ],
          "total_pot_after_action": 115,
          "total_side_pots_after_action": [
            {
              "id": 0,
              "amount": 10,
              "eligible_players": [
                1012276729,
                1885984206
              ]
            },
            {
              "id": 1,
              "amount": 5,
              "eligible_players": [
                1885984206
              ]
            },
            {
              "id": 2,
              "amount": 100,
              "eligible_players": [
                1012276729,
                1885984206
              ]
            }
          ]
        },
        {
          "player": 1885984205,
          "action": "FOLD",
          "amount": 0,
          "timestamp": 1756688584668,
          "pot_after_action": 100,
          "side_pots_after_action": [
            {
              "amount": 100,
              "eligible_players": [
                1012276729,
                1885984206
              ]
            }
          ],
          "total_pot_after_action": 115,
          "total_side_pots_after_action": [
            {
              "id": 0,
              "amount": 10,
              "eligible_players": [
                1012276729,
                1885984206
              ]
            },
            {
              "id": 1,
              "amount": 5,
              "eligible_players": [
                1885984206
              ]
            },
            {
              "id": 2,
              "amount": 100,
              "eligible_players": [
                1012276729,
                1885984206
              ]
            }
          ]
        }
      ],
      "actionTimes": {
        "1012276728": 4,
        "1885984205": 45
      }
    }
  },
  "playerNames": {
    "1012276728": "player1012276729",
    "1885984205": "player1885984206"
  },
  "blinds": {
    "small": 5,
    "big": 10
  },
  "finalBoard": [
    "3s",
    "6d",
    "5h",
    "4h"
  ],
  "sidePots": [
    {
      "amount": 0,
      "eligible_players": [
        1012276728
      ]
    }
  ],
  "playerMoney": {
    "initialAmount": 10000,
    "startingMoney": {
      "1012276729": 10045,
      "1885984206": 9955
    },
    "startingDelta": {
      "1012276729": 45,
      "1885984206": -45
    },
    "finalDelta": {
      "1012276729": 55,
      "1885984206": -55
    },
    "gameScores": {
      "1012276729": 10,
      "1885984206": -10
    },
    "finalMoney": {
      "1012276729": 10055,
      "1885984206": 9945
    },
    "thisGameDelta": {
      "1012276729": 10,
      "1885984206": -10
    }
  },
  "playerHands": {
    "1012276728": [
      "6s",
      "As"
    ],
    "1885984205": [
      "9d",
      "Jd"
    ]
  },
  "usernameMapping": {
    "default": 1012276729,
    "client_container_6570_test_client_test_x_ai_grok_4_iter_2_20250831_180258_iter2": 1885984206
  },
  "playerIdToUsername": {
    "1012276729": "default",
    "1885984206": "client_container_6570_test_client_test_x_ai_grok_4_iter_2_20250831_180258_iter2"
  }
}