{
  "gameId": "021a8f2b-2590-4bdf-8156-e667ed86dc46",
  "rounds": {
    "0": {
      "pot": 15,
      "bets": {
        "3870271195": 10,
        "2492133430": 5
      },
      "actions": {
        "2492133430": "RAISE",
        "3870271195": "RAISE"
      },
      "action_sequence": [
        {
          "player": 2492133430,
          "action": "RAISE",
          "amount": 5,
          "timestamp": 1758172043442,
          "pot_after_action": 5,
          "side_pots_after_action": [
            {
              "amount": 5,
              "eligible_players": [
                3870271196,
                2492133431
              ]
            }
          ],
          "total_pot_after_action": 5,
          "total_side_pots_after_action": [
            {
              "id": 0,
              "amount": 5,
              "eligible_players": [
                3870271196,
                2492133431
              ]
            }
          ]
        },
        {
          "player": 3870271195,
          "action": "RAISE",
          "amount": 10,
          "timestamp": 1758172043442,
          "pot_after_action": 15,
          "side_pots_after_action": [
            {
              "amount": 10,
              "eligible_players": [
                3870271196,
                2492133431
              ]
            },
            {
              "amount": 5,
              "eligible_players": [
                3870271196
              ]
            }
          ],
          "total_pot_after_action": 15,
          "total_side_pots_after_action": [
            {
              "id": 0,
              "amount": 10,
              "eligible_players": [
                3870271196,
                2492133431
              ]
            },
            {
              "id": 1,
              "amount": 5,
              "eligible_players": [
                3870271196
              ]
            }
          ]
        }
      ],
      "actionTimes": {}
    },
    "1": {
      "pot": 100,
      "bets": {
        "3870271195": 100,
        "2492133430": 0
      },
      "actions": {
        "2492133430": "FOLD",
        "3870271195": "RAISE"
      },
      "action_sequence": [
        {
          "player": 2492133430,
          "action": "FOLD",
          "amount": 0,
          "timestamp": 1758172043446,
          "pot_after_action": 0,
          "side_pots_after_action": [
            {
              "amount": 0,
              "eligible_players": [
                3870271196,
                2492133431
              ]
            }
          ],
          "total_pot_after_action": 15,
          "total_side_pots_after_action": [
            {
              "id": 0,
              "amount": 10,
              "eligible_players": [
                3870271196,
                2492133431
              ]
            },
            {
              "id": 1,
              "amount": 5,
              "eligible_players": [
                3870271196
              ]
            },
            {
              "id": 2,
              "amount": 0,
              "eligible_players": [
                3870271196,
                2492133431
              ]
            }
          ]
        },
        {
          "player": 3870271195,
          "action": "RAISE",
          "amount": 100,
          "timestamp": 1758172043485,
          "pot_after_action": 100,
          "side_pots_after_action": [
            {
              "amount": 100,
              "eligible_players": [
                3870271196,
                2492133431
              ]
            }
          ],
          "total_pot_after_action": 115,
          "total_side_pots_after_action": [
            {
              "id": 0,
              "amount": 10,
              "eligible_players": [
                3870271196,
                2492133431
              ]
            },
            {
              "id": 1,
              "amount": 5,
              "eligible_players": [
                3870271196
              ]
            },
            {
              "id": 2,
              "amount": 100,
              "eligible_players": [
                3870271196,
                2492133431
              ]
            }
          ]
        }
      ],
      "actionTimes": {
        "2492133430": 4,
        "3870271195": 43
      }
    }
  },
  "playerNames": {
    "3870271195": "player3870271196",
    "2492133430": "player2492133431"
  },
  "blinds": {
    "small": 5,
    "big": 10
  },
  "finalBoard": [
    "Qs",
    "Ad",
    "8s",
    "9s"
  ],
  "sidePots": [
    {
      "amount": 0,
      "eligible_players": [
        3870271195
      ]
    }
  ],
  "playerMoney": {
    "initialAmount": 10000,
    "startingMoney": {
      "3870271196": 10040,
      "2492133431": 9960
    },
    "startingDelta": {
      "3870271196": 40,
      "2492133431": -40
    },
    "finalDelta": {
      "3870271196": 45,
      "2492133431": -45
    },
    "gameScores": {
      "3870271196": 5,
      "2492133431": -5
    },
    "finalMoney": {
      "3870271196": 10045,
      "2492133431": 9955
    },
    "thisGameDelta": {
      "3870271196": 5,
      "2492133431": -5
    }
  },
  "playerHands": {
    "3870271195": [
      "Jc",
      "5h"
    ],
    "2492133430": [
      "5c",
      "2c"
    ]
  },
  "usernameMapping": {
    "default": 3870271196,
    "client_container_5375_test_client_test_z_ai_glm_4.5_iter_2_20250917_220717_iter2": 2492133431
  },
  "playerIdToUsername": {
    "3870271196": "default",
    "2492133431": "client_container_5375_test_client_test_z_ai_glm_4.5_iter_2_20250917_220717_iter2"
  }
}