{
  "gameId": "021a8f2b-2590-4bdf-8156-e667ed86dc46",
  "rounds": {
    "0": {
      "pot": 15,
      "bets": {
        "3870271195": 5,
        "2492133430": 10
      },
      "actions": {
        "3870271195": "RAISE",
        "2492133430": "RAISE"
      },
      "action_sequence": [
        {
          "player": 3870271195,
          "action": "RAISE",
          "amount": 5,
          "timestamp": 1758172043310,
          "pot_after_action": 5,
          "side_pots_after_action": [
            {
              "amount": 5,
              "eligible_players": [
                3870271196,
                2492133431
              ]
            }
          ],
          "total_pot_after_action": 5,
          "total_side_pots_after_action": [
            {
              "id": 0,
              "amount": 5,
              "eligible_players": [
                3870271196,
                2492133431
              ]
            }
          ]
        },
        {
          "player": 2492133430,
          "action": "RAISE",
          "amount": 10,
          "timestamp": 1758172043310,
          "pot_after_action": 15,
          "side_pots_after_action": [
            {
              "amount": 10,
              "eligible_players": [
                3870271196,
                2492133431
              ]
            },
            {
              "amount": 5,
              "eligible_players": [
                2492133431
              ]
            }
          ],
          "total_pot_after_action": 15,
          "total_side_pots_after_action": [
            {
              "id": 0,
              "amount": 10,
              "eligible_players": [
                3870271196,
                2492133431
              ]
            },
            {
              "id": 1,
              "amount": 5,
              "eligible_players": [
                2492133431
              ]
            }
          ]
        }
      ],
      "actionTimes": {}
    },
    "1": {
      "pot": 100,
      "bets": {
        "3870271195": 100,
        "2492133430": 0
      },
      "actions": {
        "3870271195": "RAISE",
        "2492133430": "FOLD"
      },
      "action_sequence": [
        {
          "player": 3870271195,
          "action": "RAISE",
          "amount": 100,
          "timestamp": 1758172043351,
          "pot_after_action": 100,
          "side_pots_after_action": [
            {
              "amount": 100,
              "eligible_players": [
                3870271196,
                2492133431
              ]
            }
          ],
          "total_pot_after_action": 115,
          "total_side_pots_after_action": [
            {
              "id": 0,
              "amount": 10,
              "eligible_players": [
                3870271196,
                2492133431
              ]
            },
            {
              "id": 1,
              "amount": 5,
              "eligible_players": [
                2492133431
              ]
            },
            {
              "id": 2,
              "amount": 100,
              "eligible_players": [
                3870271196,
                2492133431
              ]
            }
          ]
        },
        {
          "player": 2492133430,
          "action": "FOLD",
          "amount": 0,
          "timestamp": 1758172043352,
          "pot_after_action": 100,
          "side_pots_after_action": [
            {
              "amount": 100,
              "eligible_players": [
                3870271196,
                2492133431
              ]
            }
          ],
          "total_pot_after_action": 115,
          "total_side_pots_after_action": [
            {
              "id": 0,
              "amount": 10,
              "eligible_players": [
                3870271196,
                2492133431
              ]
            },
            {
              "id": 1,
              "amount": 5,
              "eligible_players": [
                2492133431
              ]
            },
            {
              "id": 2,
              "amount": 100,
              "eligible_players": [
                3870271196,
                2492133431
              ]
            }
          ]
        }
      ],
      "actionTimes": {
        "3870271195": 41,
        "2492133430": 42
      }
    }
  },
  "playerNames": {
    "3870271195": "player3870271196",
    "2492133430": "player2492133431"
  },
  "blinds": {
    "small": 5,
    "big": 10
  },
  "finalBoard": [
    "Jc",
    "6c",
    "Kd",
    "8c"
  ],
  "sidePots": [
    {
      "amount": 0,
      "eligible_players": [
        3870271195
      ]
    }
  ],
  "playerMoney": {
    "initialAmount": 10000,
    "startingMoney": {
      "3870271196": 10015,
      "2492133431": 9985
    },
    "startingDelta": {
      "3870271196": 15,
      "2492133431": -15
    },
    "finalDelta": {
      "3870271196": 25,
      "2492133431": -25
    },
    "gameScores": {
      "3870271196": 10,
      "2492133431": -10
    },
    "finalMoney": {
      "3870271196": 10025,
      "2492133431": 9975
    },
    "thisGameDelta": {
      "3870271196": 10,
      "2492133431": -10
    }
  },
  "playerHands": {
    "3870271195": [
      "6h",
      "Ks"
    ],
    "2492133430": [
      "2d",
      "9h"
    ]
  },
  "usernameMapping": {
    "default": 3870271196,
    "client_container_5375_test_client_test_z_ai_glm_4.5_iter_2_20250917_220717_iter2": 2492133431
  },
  "playerIdToUsername": {
    "3870271196": "default",
    "2492133431": "client_container_5375_test_client_test_z_ai_glm_4.5_iter_2_20250917_220717_iter2"
  }
}