{
  "gameId": "a7323976-f6dd-4cca-885b-79246425927b",
  "rounds": {
    "0": {
      "pot": 15,
      "bets": {
        "3123518578": 10,
        "617100636": 5
      },
      "actions": {
        "617100636": "RAISE",
        "3123518578": "RAISE"
      },
      "action_sequence": [
        {
          "player": 617100636,
          "action": "RAISE",
          "amount": 5,
          "timestamp": 1757697668623,
          "pot_after_action": 5,
          "side_pots_after_action": [
            {
              "amount": 5,
              "eligible_players": [
                3123518579,
                617100637
              ]
            }
          ],
          "total_pot_after_action": 5,
          "total_side_pots_after_action": [
            {
              "id": 0,
              "amount": 5,
              "eligible_players": [
                3123518579,
                617100637
              ]
            }
          ]
        },
        {
          "player": 3123518578,
          "action": "RAISE",
          "amount": 10,
          "timestamp": 1757697668623,
          "pot_after_action": 15,
          "side_pots_after_action": [
            {
              "amount": 10,
              "eligible_players": [
                3123518579,
                617100637
              ]
            },
            {
              "amount": 5,
              "eligible_players": [
                3123518579
              ]
            }
          ],
          "total_pot_after_action": 15,
          "total_side_pots_after_action": [
            {
              "id": 0,
              "amount": 10,
              "eligible_players": [
                3123518579,
                617100637
              ]
            },
            {
              "id": 1,
              "amount": 5,
              "eligible_players": [
                3123518579
              ]
            }
          ]
        }
      ],
      "actionTimes": {}
    },
    "1": {
      "pot": 100,
      "bets": {
        "3123518578": 100,
        "617100636": 0
      },
      "actions": {
        "617100636": "FOLD",
        "3123518578": "RAISE"
      },
      "action_sequence": [
        {
          "player": 617100636,
          "action": "CHECK",
          "amount": 0,
          "timestamp": 1757697668626,
          "pot_after_action": 0,
          "side_pots_after_action": [
            {
              "amount": 0,
              "eligible_players": [
                3123518579,
                617100637
              ]
            }
          ],
          "total_pot_after_action": 15,
          "total_side_pots_after_action": [
            {
              "id": 0,
              "amount": 10,
              "eligible_players": [
                3123518579,
                617100637
              ]
            },
            {
              "id": 1,
              "amount": 5,
              "eligible_players": [
                3123518579
              ]
            },
            {
              "id": 2,
              "amount": 0,
              "eligible_players": [
                3123518579,
                617100637
              ]
            }
          ]
        },
        {
          "player": 3123518578,
          "action": "RAISE",
          "amount": 100,
          "timestamp": 1757697668627,
          "pot_after_action": 100,
          "side_pots_after_action": [
            {
              "amount": 100,
              "eligible_players": [
                3123518579,
                617100637
              ]
            }
          ],
          "total_pot_after_action": 115,
          "total_side_pots_after_action": [
            {
              "id": 0,
              "amount": 10,
              "eligible_players": [
                3123518579,
                617100637
              ]
            },
            {
              "id": 1,
              "amount": 5,
              "eligible_players": [
                3123518579
              ]
            },
            {
              "id": 2,
              "amount": 100,
              "eligible_players": [
                3123518579,
                617100637
              ]
            }
          ]
        },
        {
          "player": 617100636,
          "action": "FOLD",
          "amount": 0,
          "timestamp": 1757697668668,
          "pot_after_action": 100,
          "side_pots_after_action": [
            {
              "amount": 100,
              "eligible_players": [
                3123518579,
                617100637
              ]
            }
          ],
          "total_pot_after_action": 115,
          "total_side_pots_after_action": [
            {
              "id": 0,
              "amount": 10,
              "eligible_players": [
                3123518579,
                617100637
              ]
            },
            {
              "id": 1,
              "amount": 5,
              "eligible_players": [
                3123518579
              ]
            },
            {
              "id": 2,
              "amount": 100,
              "eligible_players": [
                3123518579,
                617100637
              ]
            }
          ]
        }
      ],
      "actionTimes": {
        "617100636": 46,
        "3123518578": 5
      }
    }
  },
  "playerNames": {
    "3123518578": "player3123518579",
    "617100636": "player617100637"
  },
  "blinds": {
    "small": 5,
    "big": 10
  },
  "finalBoard": [
    "3c",
    "5h",
    "Kc",
    "4c"
  ],
  "sidePots": [
    {
      "amount": 0,
      "eligible_players": [
        3123518578
      ]
    }
  ],
  "playerMoney": {
    "initialAmount": 10000,
    "startingMoney": {
      "3123518579": 10070,
      "617100637": 9930
    },
    "startingDelta": {
      "3123518579": 70,
      "617100637": -70
    },
    "finalDelta": {
      "3123518579": 75,
      "617100637": -75
    },
    "gameScores": {
      "3123518579": 5,
      "617100637": -5
    },
    "finalMoney": {
      "3123518579": 10075,
      "617100637": 9925
    },
    "thisGameDelta": {
      "3123518579": 5,
      "617100637": -5
    }
  },
  "playerHands": {
    "3123518578": [
      "3d",
      "9s"
    ],
    "617100636": [
      "Kd",
      "Ac"
    ]
  },
  "usernameMapping": {
    "default": 3123518579,
    "client_container_6843_test_client_test_hermes_hermes_4_405b_iter_4_20250912_102102_iter4": 617100637
  },
  "playerIdToUsername": {
    "3123518579": "default",
    "617100637": "client_container_6843_test_client_test_hermes_hermes_4_405b_iter_4_20250912_102102_iter4"
  }
}