{
  "gameId": "a7323976-f6dd-4cca-885b-79246425927b",
  "rounds": {
    "0": {
      "pot": 15,
      "bets": {
        "3123518578": 5,
        "617100636": 10
      },
      "actions": {
        "3123518578": "RAISE",
        "617100636": "RAISE"
      },
      "action_sequence": [
        {
          "player": 3123518578,
          "action": "RAISE",
          "amount": 5,
          "timestamp": 1757697668214,
          "pot_after_action": 5,
          "side_pots_after_action": [
            {
              "amount": 5,
              "eligible_players": [
                3123518579,
                617100637
              ]
            }
          ],
          "total_pot_after_action": 5,
          "total_side_pots_after_action": [
            {
              "id": 0,
              "amount": 5,
              "eligible_players": [
                3123518579,
                617100637
              ]
            }
          ]
        },
        {
          "player": 617100636,
          "action": "RAISE",
          "amount": 10,
          "timestamp": 1757697668214,
          "pot_after_action": 15,
          "side_pots_after_action": [
            {
              "amount": 10,
              "eligible_players": [
                3123518579,
                617100637
              ]
            },
            {
              "amount": 5,
              "eligible_players": [
                617100637
              ]
            }
          ],
          "total_pot_after_action": 15,
          "total_side_pots_after_action": [
            {
              "id": 0,
              "amount": 10,
              "eligible_players": [
                3123518579,
                617100637
              ]
            },
            {
              "id": 1,
              "amount": 5,
              "eligible_players": [
                617100637
              ]
            }
          ]
        }
      ],
      "actionTimes": {}
    },
    "1": {
      "pot": 100,
      "bets": {
        "3123518578": 100,
        "617100636": 0
      },
      "actions": {
        "3123518578": "RAISE",
        "617100636": "FOLD"
      },
      "action_sequence": [
        {
          "player": 3123518578,
          "action": "RAISE",
          "amount": 100,
          "timestamp": 1757697668217,
          "pot_after_action": 100,
          "side_pots_after_action": [
            {
              "amount": 100,
              "eligible_players": [
                3123518579,
                617100637
              ]
            }
          ],
          "total_pot_after_action": 115,
          "total_side_pots_after_action": [
            {
              "id": 0,
              "amount": 10,
              "eligible_players": [
                3123518579,
                617100637
              ]
            },
            {
              "id": 1,
              "amount": 5,
              "eligible_players": [
                617100637
              ]
            },
            {
              "id": 2,
              "amount": 100,
              "eligible_players": [
                3123518579,
                617100637
              ]
            }
          ]
        },
        {
          "player": 617100636,
          "action": "FOLD",
          "amount": 0,
          "timestamp": 1757697668256,
          "pot_after_action": 100,
          "side_pots_after_action": [
            {
              "amount": 100,
              "eligible_players": [
                3123518579,
                617100637
              ]
            }
          ],
          "total_pot_after_action": 115,
          "total_side_pots_after_action": [
            {
              "id": 0,
              "amount": 10,
              "eligible_players": [
                3123518579,
                617100637
              ]
            },
            {
              "id": 1,
              "amount": 5,
              "eligible_players": [
                617100637
              ]
            },
            {
              "id": 2,
              "amount": 100,
              "eligible_players": [
                3123518579,
                617100637
              ]
            }
          ]
        }
      ],
      "actionTimes": {
        "3123518578": 3,
        "617100636": 42
      }
    }
  },
  "playerNames": {
    "3123518578": "player3123518579",
    "617100636": "player617100637"
  },
  "blinds": {
    "small": 5,
    "big": 10
  },
  "finalBoard": [
    "9h",
    "6s",
    "8d",
    "Jh"
  ],
  "sidePots": [
    {
      "amount": 0,
      "eligible_players": [
        3123518578
      ]
    }
  ],
  "playerMoney": {
    "initialAmount": 10000,
    "startingMoney": {
      "3123518579": 10015,
      "617100637": 9985
    },
    "startingDelta": {
      "3123518579": 15,
      "617100637": -15
    },
    "finalDelta": {
      "3123518579": 25,
      "617100637": -25
    },
    "gameScores": {
      "3123518579": 10,
      "617100637": -10
    },
    "finalMoney": {
      "3123518579": 10025,
      "617100637": 9975
    },
    "thisGameDelta": {
      "3123518579": 10,
      "617100637": -10
    }
  },
  "playerHands": {
    "3123518578": [
      "Ah",
      "2h"
    ],
    "617100636": [
      "6d",
      "Kh"
    ]
  },
  "usernameMapping": {
    "default": 3123518579,
    "client_container_6843_test_client_test_hermes_hermes_4_405b_iter_4_20250912_102102_iter4": 617100637
  },
  "playerIdToUsername": {
    "3123518579": "default",
    "617100637": "client_container_6843_test_client_test_hermes_hermes_4_405b_iter_4_20250912_102102_iter4"
  }
}