{
  "gameId": "0987e9ed-4e20-4130-94f3-3de8c527bcd6",
  "rounds": {
    "0": {
      "pot": 15,
      "bets": {
        "290820929": 10,
        "3076485748": 5
      },
      "actions": {
        "3076485748": "RAISE",
        "290820929": "RAISE"
      },
      "action_sequence": [
        {
          "player": 3076485748,
          "action": "RAISE",
          "amount": 5,
          "timestamp": 1758153877491,
          "pot_after_action": 5,
          "side_pots_after_action": [
            {
              "amount": 5,
              "eligible_players": [
                290820930,
                3076485749
              ]
            }
          ],
          "total_pot_after_action": 5,
          "total_side_pots_after_action": [
            {
              "id": 0,
              "amount": 5,
              "eligible_players": [
                290820930,
                3076485749
              ]
            }
          ]
        },
        {
          "player": 290820929,
          "action": "RAISE",
          "amount": 10,
          "timestamp": 1758153877491,
          "pot_after_action": 15,
          "side_pots_after_action": [
            {
              "amount": 10,
              "eligible_players": [
                290820930,
                3076485749
              ]
            },
            {
              "amount": 5,
              "eligible_players": [
                290820930
              ]
            }
          ],
          "total_pot_after_action": 15,
          "total_side_pots_after_action": [
            {
              "id": 0,
              "amount": 10,
              "eligible_players": [
                290820930,
                3076485749
              ]
            },
            {
              "id": 1,
              "amount": 5,
              "eligible_players": [
                290820930
              ]
            }
          ]
        }
      ],
      "actionTimes": {}
    },
    "1": {
      "pot": 100,
      "bets": {
        "290820929": 100,
        "3076485748": 0
      },
      "actions": {
        "3076485748": "FOLD",
        "290820929": "RAISE"
      },
      "action_sequence": [
        {
          "player": 3076485748,
          "action": "CHECK",
          "amount": 0,
          "timestamp": 1758153877496,
          "pot_after_action": 0,
          "side_pots_after_action": [
            {
              "amount": 0,
              "eligible_players": [
                290820930,
                3076485749
              ]
            }
          ],
          "total_pot_after_action": 15,
          "total_side_pots_after_action": [
            {
              "id": 0,
              "amount": 10,
              "eligible_players": [
                290820930,
                3076485749
              ]
            },
            {
              "id": 1,
              "amount": 5,
              "eligible_players": [
                290820930
              ]
            },
            {
              "id": 2,
              "amount": 0,
              "eligible_players": [
                290820930,
                3076485749
              ]
            }
          ]
        },
        {
          "player": 290820929,
          "action": "RAISE",
          "amount": 100,
          "timestamp": 1758153877496,
          "pot_after_action": 100,
          "side_pots_after_action": [
            {
              "amount": 100,
              "eligible_players": [
                290820930,
                3076485749
              ]
            }
          ],
          "total_pot_after_action": 115,
          "total_side_pots_after_action": [
            {
              "id": 0,
              "amount": 10,
              "eligible_players": [
                290820930,
                3076485749
              ]
            },
            {
              "id": 1,
              "amount": 5,
              "eligible_players": [
                290820930
              ]
            },
            {
              "id": 2,
              "amount": 100,
              "eligible_players": [
                290820930,
                3076485749
              ]
            }
          ]
        },
        {
          "player": 3076485748,
          "action": "FOLD",
          "amount": 0,
          "timestamp": 1758153877539,
          "pot_after_action": 100,
          "side_pots_after_action": [
            {
              "amount": 100,
              "eligible_players": [
                290820930,
                3076485749
              ]
            }
          ],
          "total_pot_after_action": 115,
          "total_side_pots_after_action": [
            {
              "id": 0,
              "amount": 10,
              "eligible_players": [
                290820930,
                3076485749
              ]
            },
            {
              "id": 1,
              "amount": 5,
              "eligible_players": [
                290820930
              ]
            },
            {
              "id": 2,
              "amount": 100,
              "eligible_players": [
                290820930,
                3076485749
              ]
            }
          ]
        }
      ],
      "actionTimes": {
        "3076485748": 48,
        "290820929": 5
      }
    }
  },
  "playerNames": {
    "290820929": "player290820930",
    "3076485748": "player3076485749"
  },
  "blinds": {
    "small": 5,
    "big": 10
  },
  "finalBoard": [
    "5d",
    "9s",
    "9d",
    "Qs"
  ],
  "sidePots": [
    {
      "amount": 0,
      "eligible_players": [
        290820929
      ]
    }
  ],
  "playerMoney": {
    "initialAmount": 10000,
    "startingMoney": {
      "290820930": 10055,
      "3076485749": 9945
    },
    "startingDelta": {
      "290820930": 55,
      "3076485749": -55
    },
    "finalDelta": {
      "290820930": 60,
      "3076485749": -60
    },
    "gameScores": {
      "290820930": 5,
      "3076485749": -5
    },
    "finalMoney": {
      "290820930": 10060,
      "3076485749": 9940
    },
    "thisGameDelta": {
      "290820930": 5,
      "3076485749": -5
    }
  },
  "playerHands": {
    "290820929": [
      "5c",
      "Js"
    ],
    "3076485748": [
      "7h",
      "Ac"
    ]
  },
  "usernameMapping": {
    "default": 290820930,
    "client_container_5427_test_client_test_openai_o3_pro_iter_5_20250917_170429_iter5": 3076485749
  },
  "playerIdToUsername": {
    "290820930": "default",
    "3076485749": "client_container_5427_test_client_test_openai_o3_pro_iter_5_20250917_170429_iter5"
  }
}