{
  "gameId": "0987e9ed-4e20-4130-94f3-3de8c527bcd6",
  "rounds": {
    "0": {
      "pot": 15,
      "bets": {
        "290820929": 5,
        "3076485748": 10
      },
      "actions": {
        "290820929": "RAISE",
        "3076485748": "RAISE"
      },
      "action_sequence": [
        {
          "player": 290820929,
          "action": "RAISE",
          "amount": 5,
          "timestamp": 1758153877315,
          "pot_after_action": 5,
          "side_pots_after_action": [
            {
              "amount": 5,
              "eligible_players": [
                290820930,
                3076485749
              ]
            }
          ],
          "total_pot_after_action": 5,
          "total_side_pots_after_action": [
            {
              "id": 0,
              "amount": 5,
              "eligible_players": [
                290820930,
                3076485749
              ]
            }
          ]
        },
        {
          "player": 3076485748,
          "action": "RAISE",
          "amount": 10,
          "timestamp": 1758153877315,
          "pot_after_action": 15,
          "side_pots_after_action": [
            {
              "amount": 10,
              "eligible_players": [
                290820930,
                3076485749
              ]
            },
            {
              "amount": 5,
              "eligible_players": [
                3076485749
              ]
            }
          ],
          "total_pot_after_action": 15,
          "total_side_pots_after_action": [
            {
              "id": 0,
              "amount": 10,
              "eligible_players": [
                290820930,
                3076485749
              ]
            },
            {
              "id": 1,
              "amount": 5,
              "eligible_players": [
                3076485749
              ]
            }
          ]
        }
      ],
      "actionTimes": {}
    },
    "1": {
      "pot": 100,
      "bets": {
        "290820929": 100,
        "3076485748": 0
      },
      "actions": {
        "290820929": "RAISE",
        "3076485748": "FOLD"
      },
      "action_sequence": [
        {
          "player": 290820929,
          "action": "RAISE",
          "amount": 100,
          "timestamp": 1758153877317,
          "pot_after_action": 100,
          "side_pots_after_action": [
            {
              "amount": 100,
              "eligible_players": [
                290820930,
                3076485749
              ]
            }
          ],
          "total_pot_after_action": 115,
          "total_side_pots_after_action": [
            {
              "id": 0,
              "amount": 10,
              "eligible_players": [
                290820930,
                3076485749
              ]
            },
            {
              "id": 1,
              "amount": 5,
              "eligible_players": [
                3076485749
              ]
            },
            {
              "id": 2,
              "amount": 100,
              "eligible_players": [
                290820930,
                3076485749
              ]
            }
          ]
        },
        {
          "player": 3076485748,
          "action": "FOLD",
          "amount": 0,
          "timestamp": 1758153877359,
          "pot_after_action": 100,
          "side_pots_after_action": [
            {
              "amount": 100,
              "eligible_players": [
                290820930,
                3076485749
              ]
            }
          ],
          "total_pot_after_action": 115,
          "total_side_pots_after_action": [
            {
              "id": 0,
              "amount": 10,
              "eligible_players": [
                290820930,
                3076485749
              ]
            },
            {
              "id": 1,
              "amount": 5,
              "eligible_players": [
                3076485749
              ]
            },
            {
              "id": 2,
              "amount": 100,
              "eligible_players": [
                290820930,
                3076485749
              ]
            }
          ]
        }
      ],
      "actionTimes": {
        "290820929": 3,
        "3076485748": 45
      }
    }
  },
  "playerNames": {
    "290820929": "player290820930",
    "3076485748": "player3076485749"
  },
  "blinds": {
    "small": 5,
    "big": 10
  },
  "finalBoard": [
    "Jd",
    "8s",
    "Ts",
    "Ah"
  ],
  "sidePots": [
    {
      "amount": 0,
      "eligible_players": [
        290820929
      ]
    }
  ],
  "playerMoney": {
    "initialAmount": 10000,
    "startingMoney": {
      "290820930": 10030,
      "3076485749": 9970
    },
    "startingDelta": {
      "290820930": 30,
      "3076485749": -30
    },
    "finalDelta": {
      "290820930": 40,
      "3076485749": -40
    },
    "gameScores": {
      "290820930": 10,
      "3076485749": -10
    },
    "finalMoney": {
      "290820930": 10040,
      "3076485749": 9960
    },
    "thisGameDelta": {
      "290820930": 10,
      "3076485749": -10
    }
  },
  "playerHands": {
    "290820929": [
      "Th",
      "Tc"
    ],
    "3076485748": [
      "2c",
      "3h"
    ]
  },
  "usernameMapping": {
    "default": 290820930,
    "client_container_5427_test_client_test_openai_o3_pro_iter_5_20250917_170429_iter5": 3076485749
  },
  "playerIdToUsername": {
    "290820930": "default",
    "3076485749": "client_container_5427_test_client_test_openai_o3_pro_iter_5_20250917_170429_iter5"
  }
}