{
  "gameId": "cad44a87-dfb5-4e2c-b53a-6153bbf3ff6e",
  "rounds": {
    "0": {
      "pot": 15,
      "bets": {
        "3188674539": 5,
        "3041494723": 10
      },
      "actions": {
        "3188674539": "RAISE",
        "3041494723": "RAISE"
      },
      "action_sequence": [
        {
          "player": 3188674539,
          "action": "RAISE",
          "amount": 5,
          "timestamp": 1756958775494,
          "pot_after_action": 5,
          "side_pots_after_action": [
            {
              "amount": 5,
              "eligible_players": [
                3041494724,
                3188674540
              ]
            }
          ],
          "total_pot_after_action": 5,
          "total_side_pots_after_action": [
            {
              "id": 0,
              "amount": 5,
              "eligible_players": [
                3041494724,
                3188674540
              ]
            }
          ]
        },
        {
          "player": 3041494723,
          "action": "RAISE",
          "amount": 10,
          "timestamp": 1756958775494,
          "pot_after_action": 15,
          "side_pots_after_action": [
            {
              "amount": 10,
              "eligible_players": [
                3041494724,
                3188674540
              ]
            },
            {
              "amount": 5,
              "eligible_players": [
                3041494724
              ]
            }
          ],
          "total_pot_after_action": 15,
          "total_side_pots_after_action": [
            {
              "id": 0,
              "amount": 10,
              "eligible_players": [
                3041494724,
                3188674540
              ]
            },
            {
              "id": 1,
              "amount": 5,
              "eligible_players": [
                3041494724
              ]
            }
          ]
        }
      ],
      "actionTimes": {}
    },
    "1": {
      "pot": 100,
      "bets": {
        "3188674539": 100,
        "3041494723": 0
      },
      "actions": {
        "3188674539": "RAISE",
        "3041494723": "FOLD"
      },
      "action_sequence": [
        {
          "player": 3188674539,
          "action": "RAISE",
          "amount": 100,
          "timestamp": 1756958775496,
          "pot_after_action": 100,
          "side_pots_after_action": [
            {
              "amount": 100,
              "eligible_players": [
                3041494724,
                3188674540
              ]
            }
          ],
          "total_pot_after_action": 115,
          "total_side_pots_after_action": [
            {
              "id": 0,
              "amount": 10,
              "eligible_players": [
                3041494724,
                3188674540
              ]
            },
            {
              "id": 1,
              "amount": 5,
              "eligible_players": [
                3041494724
              ]
            },
            {
              "id": 2,
              "amount": 100,
              "eligible_players": [
                3041494724,
                3188674540
              ]
            }
          ]
        },
        {
          "player": 3041494723,
          "action": "FOLD",
          "amount": 0,
          "timestamp": 1756958775539,
          "pot_after_action": 100,
          "side_pots_after_action": [
            {
              "amount": 100,
              "eligible_players": [
                3041494724,
                3188674540
              ]
            }
          ],
          "total_pot_after_action": 115,
          "total_side_pots_after_action": [
            {
              "id": 0,
              "amount": 10,
              "eligible_players": [
                3041494724,
                3188674540
              ]
            },
            {
              "id": 1,
              "amount": 5,
              "eligible_players": [
                3041494724
              ]
            },
            {
              "id": 2,
              "amount": 100,
              "eligible_players": [
                3041494724,
                3188674540
              ]
            }
          ]
        }
      ],
      "actionTimes": {
        "3188674539": 2,
        "3041494723": 45
      }
    }
  },
  "playerNames": {
    "3188674539": "player3188674540",
    "3041494723": "player3041494724"
  },
  "blinds": {
    "small": 5,
    "big": 10
  },
  "finalBoard": [
    "8c",
    "9d",
    "Kh",
    "6s"
  ],
  "sidePots": [
    {
      "amount": 0,
      "eligible_players": [
        3188674539
      ]
    }
  ],
  "playerMoney": {
    "initialAmount": 10000,
    "startingMoney": {
      "3188674540": 10045,
      "3041494724": 9955
    },
    "startingDelta": {
      "3188674540": 45,
      "3041494724": -45
    },
    "finalDelta": {
      "3188674540": 55,
      "3041494724": -55
    },
    "gameScores": {
      "3188674540": 10,
      "3041494724": -10
    },
    "finalMoney": {
      "3188674540": 10055,
      "3041494724": 9945
    },
    "thisGameDelta": {
      "3188674540": 10,
      "3041494724": -10
    }
  },
  "playerHands": {
    "3188674539": [
      "Ac",
      "3c"
    ],
    "3041494723": [
      "Qh",
      "2s"
    ]
  },
  "usernameMapping": {
    "default": 3188674540,
    "client_container_6334_test_client_test_openai_o3_pro_iter_1_20250903_210608_iter1": 3041494724
  },
  "playerIdToUsername": {
    "3188674540": "default",
    "3041494724": "client_container_6334_test_client_test_openai_o3_pro_iter_1_20250903_210608_iter1"
  }
}