{
  "gameId": "cad44a87-dfb5-4e2c-b53a-6153bbf3ff6e",
  "rounds": {
    "0": {
      "pot": 15,
      "bets": {
        "3188674539": 10,
        "3041494723": 5
      },
      "actions": {
        "3041494723": "RAISE",
        "3188674539": "RAISE"
      },
      "action_sequence": [
        {
          "player": 3041494723,
          "action": "RAISE",
          "amount": 5,
          "timestamp": 1756958775125,
          "pot_after_action": 5,
          "side_pots_after_action": [
            {
              "amount": 5,
              "eligible_players": [
                3041494724,
                3188674540
              ]
            }
          ],
          "total_pot_after_action": 5,
          "total_side_pots_after_action": [
            {
              "id": 0,
              "amount": 5,
              "eligible_players": [
                3041494724,
                3188674540
              ]
            }
          ]
        },
        {
          "player": 3188674539,
          "action": "RAISE",
          "amount": 10,
          "timestamp": 1756958775125,
          "pot_after_action": 15,
          "side_pots_after_action": [
            {
              "amount": 10,
              "eligible_players": [
                3041494724,
                3188674540
              ]
            },
            {
              "amount": 5,
              "eligible_players": [
                3188674540
              ]
            }
          ],
          "total_pot_after_action": 15,
          "total_side_pots_after_action": [
            {
              "id": 0,
              "amount": 10,
              "eligible_players": [
                3041494724,
                3188674540
              ]
            },
            {
              "id": 1,
              "amount": 5,
              "eligible_players": [
                3188674540
              ]
            }
          ]
        }
      ],
      "actionTimes": {}
    },
    "1": {
      "pot": 100,
      "bets": {
        "3188674539": 100,
        "3041494723": 0
      },
      "actions": {
        "3041494723": "FOLD",
        "3188674539": "RAISE"
      },
      "action_sequence": [
        {
          "player": 3041494723,
          "action": "CHECK",
          "amount": 0,
          "timestamp": 1756958775167,
          "pot_after_action": 0,
          "side_pots_after_action": [
            {
              "amount": 0,
              "eligible_players": [
                3041494724,
                3188674540
              ]
            }
          ],
          "total_pot_after_action": 15,
          "total_side_pots_after_action": [
            {
              "id": 0,
              "amount": 10,
              "eligible_players": [
                3041494724,
                3188674540
              ]
            },
            {
              "id": 1,
              "amount": 5,
              "eligible_players": [
                3188674540
              ]
            },
            {
              "id": 2,
              "amount": 0,
              "eligible_players": [
                3041494724,
                3188674540
              ]
            }
          ]
        },
        {
          "player": 3188674539,
          "action": "RAISE",
          "amount": 100,
          "timestamp": 1756958775168,
          "pot_after_action": 100,
          "side_pots_after_action": [
            {
              "amount": 100,
              "eligible_players": [
                3041494724,
                3188674540
              ]
            }
          ],
          "total_pot_after_action": 115,
          "total_side_pots_after_action": [
            {
              "id": 0,
              "amount": 10,
              "eligible_players": [
                3041494724,
                3188674540
              ]
            },
            {
              "id": 1,
              "amount": 5,
              "eligible_players": [
                3188674540
              ]
            },
            {
              "id": 2,
              "amount": 100,
              "eligible_players": [
                3041494724,
                3188674540
              ]
            }
          ]
        },
        {
          "player": 3041494723,
          "action": "FOLD",
          "amount": 0,
          "timestamp": 1756958775210,
          "pot_after_action": 100,
          "side_pots_after_action": [
            {
              "amount": 100,
              "eligible_players": [
                3041494724,
                3188674540
              ]
            }
          ],
          "total_pot_after_action": 115,
          "total_side_pots_after_action": [
            {
              "id": 0,
              "amount": 10,
              "eligible_players": [
                3041494724,
                3188674540
              ]
            },
            {
              "id": 1,
              "amount": 5,
              "eligible_players": [
                3188674540
              ]
            },
            {
              "id": 2,
              "amount": 100,
              "eligible_players": [
                3041494724,
                3188674540
              ]
            }
          ]
        }
      ],
      "actionTimes": {
        "3041494723": 85,
        "3188674539": 43
      }
    }
  },
  "playerNames": {
    "3188674539": "player3188674540",
    "3041494723": "player3041494724"
  },
  "blinds": {
    "small": 5,
    "big": 10
  },
  "finalBoard": [
    "Jh",
    "Js",
    "9d",
    "Kd"
  ],
  "sidePots": [
    {
      "amount": 0,
      "eligible_players": [
        3188674539
      ]
    }
  ],
  "playerMoney": {
    "initialAmount": 10000,
    "startingMoney": {
      "3188674540": 10010,
      "3041494724": 9990
    },
    "startingDelta": {
      "3188674540": 10,
      "3041494724": -10
    },
    "finalDelta": {
      "3188674540": 15,
      "3041494724": -15
    },
    "gameScores": {
      "3188674540": 5,
      "3041494724": -5
    },
    "finalMoney": {
      "3188674540": 10015,
      "3041494724": 9985
    },
    "thisGameDelta": {
      "3188674540": 5,
      "3041494724": -5
    }
  },
  "playerHands": {
    "3188674539": [
      "7d",
      "Ac"
    ],
    "3041494723": [
      "Jd",
      "2d"
    ]
  },
  "usernameMapping": {
    "default": 3188674540,
    "client_container_6334_test_client_test_openai_o3_pro_iter_1_20250903_210608_iter1": 3041494724
  },
  "playerIdToUsername": {
    "3188674540": "default",
    "3041494724": "client_container_6334_test_client_test_openai_o3_pro_iter_1_20250903_210608_iter1"
  }
}