{
  "gameId": "0e5e5a3f-21cf-4190-b073-b62c5921012f",
  "rounds": {
    "0": {
      "pot": 15,
      "bets": {
        "642304807": 5,
        "3491496110": 10
      },
      "actions": {
        "642304807": "RAISE",
        "3491496110": "RAISE"
      },
      "action_sequence": [
        {
          "player": 642304807,
          "action": "RAISE",
          "amount": 5,
          "timestamp": 1756820476421,
          "pot_after_action": 5,
          "side_pots_after_action": [
            {
              "amount": 5,
              "eligible_players": [
                642304808,
                3491496111
              ]
            }
          ],
          "total_pot_after_action": 5,
          "total_side_pots_after_action": [
            {
              "id": 0,
              "amount": 5,
              "eligible_players": [
                642304808,
                3491496111
              ]
            }
          ]
        },
        {
          "player": 3491496110,
          "action": "RAISE",
          "amount": 10,
          "timestamp": 1756820476421,
          "pot_after_action": 15,
          "side_pots_after_action": [
            {
              "amount": 10,
              "eligible_players": [
                642304808,
                3491496111
              ]
            },
            {
              "amount": 5,
              "eligible_players": [
                3491496111
              ]
            }
          ],
          "total_pot_after_action": 15,
          "total_side_pots_after_action": [
            {
              "id": 0,
              "amount": 10,
              "eligible_players": [
                642304808,
                3491496111
              ]
            },
            {
              "id": 1,
              "amount": 5,
              "eligible_players": [
                3491496111
              ]
            }
          ]
        }
      ],
      "actionTimes": {}
    },
    "1": {
      "pot": 100,
      "bets": {
        "642304807": 100,
        "3491496110": 0
      },
      "actions": {
        "642304807": "RAISE",
        "3491496110": "FOLD"
      },
      "action_sequence": [
        {
          "player": 642304807,
          "action": "RAISE",
          "amount": 100,
          "timestamp": 1756820476424,
          "pot_after_action": 100,
          "side_pots_after_action": [
            {
              "amount": 100,
              "eligible_players": [
                642304808,
                3491496111
              ]
            }
          ],
          "total_pot_after_action": 115,
          "total_side_pots_after_action": [
            {
              "id": 0,
              "amount": 10,
              "eligible_players": [
                642304808,
                3491496111
              ]
            },
            {
              "id": 1,
              "amount": 5,
              "eligible_players": [
                3491496111
              ]
            },
            {
              "id": 2,
              "amount": 100,
              "eligible_players": [
                642304808,
                3491496111
              ]
            }
          ]
        },
        {
          "player": 3491496110,
          "action": "FOLD",
          "amount": 0,
          "timestamp": 1756820476425,
          "pot_after_action": 100,
          "side_pots_after_action": [
            {
              "amount": 100,
              "eligible_players": [
                642304808,
                3491496111
              ]
            }
          ],
          "total_pot_after_action": 115,
          "total_side_pots_after_action": [
            {
              "id": 0,
              "amount": 10,
              "eligible_players": [
                642304808,
                3491496111
              ]
            },
            {
              "id": 1,
              "amount": 5,
              "eligible_players": [
                3491496111
              ]
            },
            {
              "id": 2,
              "amount": 100,
              "eligible_players": [
                642304808,
                3491496111
              ]
            }
          ]
        }
      ],
      "actionTimes": {
        "642304807": 3,
        "3491496110": 4
      }
    }
  },
  "playerNames": {
    "642304807": "player642304808",
    "3491496110": "player3491496111"
  },
  "blinds": {
    "small": 5,
    "big": 10
  },
  "finalBoard": [
    "Kh",
    "9c",
    "8c",
    "5s"
  ],
  "sidePots": [
    {
      "amount": 0,
      "eligible_players": [
        642304807
      ]
    }
  ],
  "playerMoney": {
    "initialAmount": 10000,
    "startingMoney": {
      "642304808": 10030,
      "3491496111": 9970
    },
    "startingDelta": {
      "642304808": 30,
      "3491496111": -30
    },
    "finalDelta": {
      "642304808": 40,
      "3491496111": -40
    },
    "gameScores": {
      "642304808": 10,
      "3491496111": -10
    },
    "finalMoney": {
      "642304808": 10040,
      "3491496111": 9960
    },
    "thisGameDelta": {
      "642304808": 10,
      "3491496111": -10
    }
  },
  "playerHands": {
    "642304807": [
      "Qc",
      "6c"
    ],
    "3491496110": [
      "Ac",
      "4c"
    ]
  },
  "usernameMapping": {
    "default": 642304808,
    "client_container_5439_test_client_test_openai_o3_pro_iter_1_20250902_064109_iter1": 3491496111
  },
  "playerIdToUsername": {
    "642304808": "default",
    "3491496111": "client_container_5439_test_client_test_openai_o3_pro_iter_1_20250902_064109_iter1"
  }
}