{
  "gameId": "0e5e5a3f-21cf-4190-b073-b62c5921012f",
  "rounds": {
    "0": {
      "pot": 15,
      "bets": {
        "642304807": 10,
        "3491496110": 5
      },
      "actions": {
        "3491496110": "RAISE",
        "642304807": "RAISE"
      },
      "action_sequence": [
        {
          "player": 3491496110,
          "action": "RAISE",
          "amount": 5,
          "timestamp": 1756820476554,
          "pot_after_action": 5,
          "side_pots_after_action": [
            {
              "amount": 5,
              "eligible_players": [
                642304808,
                3491496111
              ]
            }
          ],
          "total_pot_after_action": 5,
          "total_side_pots_after_action": [
            {
              "id": 0,
              "amount": 5,
              "eligible_players": [
                642304808,
                3491496111
              ]
            }
          ]
        },
        {
          "player": 642304807,
          "action": "RAISE",
          "amount": 10,
          "timestamp": 1756820476554,
          "pot_after_action": 15,
          "side_pots_after_action": [
            {
              "amount": 10,
              "eligible_players": [
                642304808,
                3491496111
              ]
            },
            {
              "amount": 5,
              "eligible_players": [
                642304808
              ]
            }
          ],
          "total_pot_after_action": 15,
          "total_side_pots_after_action": [
            {
              "id": 0,
              "amount": 10,
              "eligible_players": [
                642304808,
                3491496111
              ]
            },
            {
              "id": 1,
              "amount": 5,
              "eligible_players": [
                642304808
              ]
            }
          ]
        }
      ],
      "actionTimes": {}
    },
    "1": {
      "pot": 100,
      "bets": {
        "642304807": 100,
        "3491496110": 0
      },
      "actions": {
        "3491496110": "FOLD",
        "642304807": "RAISE"
      },
      "action_sequence": [
        {
          "player": 3491496110,
          "action": "CHECK",
          "amount": 0,
          "timestamp": 1756820476559,
          "pot_after_action": 0,
          "side_pots_after_action": [
            {
              "amount": 0,
              "eligible_players": [
                642304808,
                3491496111
              ]
            }
          ],
          "total_pot_after_action": 15,
          "total_side_pots_after_action": [
            {
              "id": 0,
              "amount": 10,
              "eligible_players": [
                642304808,
                3491496111
              ]
            },
            {
              "id": 1,
              "amount": 5,
              "eligible_players": [
                642304808
              ]
            },
            {
              "id": 2,
              "amount": 0,
              "eligible_players": [
                642304808,
                3491496111
              ]
            }
          ]
        },
        {
          "player": 642304807,
          "action": "RAISE",
          "amount": 100,
          "timestamp": 1756820476559,
          "pot_after_action": 100,
          "side_pots_after_action": [
            {
              "amount": 100,
              "eligible_players": [
                642304808,
                3491496111
              ]
            }
          ],
          "total_pot_after_action": 115,
          "total_side_pots_after_action": [
            {
              "id": 0,
              "amount": 10,
              "eligible_players": [
                642304808,
                3491496111
              ]
            },
            {
              "id": 1,
              "amount": 5,
              "eligible_players": [
                642304808
              ]
            },
            {
              "id": 2,
              "amount": 100,
              "eligible_players": [
                642304808,
                3491496111
              ]
            }
          ]
        },
        {
          "player": 3491496110,
          "action": "FOLD",
          "amount": 0,
          "timestamp": 1756820476601,
          "pot_after_action": 100,
          "side_pots_after_action": [
            {
              "amount": 100,
              "eligible_players": [
                642304808,
                3491496111
              ]
            }
          ],
          "total_pot_after_action": 115,
          "total_side_pots_after_action": [
            {
              "id": 0,
              "amount": 10,
              "eligible_players": [
                642304808,
                3491496111
              ]
            },
            {
              "id": 1,
              "amount": 5,
              "eligible_players": [
                642304808
              ]
            },
            {
              "id": 2,
              "amount": 100,
              "eligible_players": [
                642304808,
                3491496111
              ]
            }
          ]
        }
      ],
      "actionTimes": {
        "3491496110": 47,
        "642304807": 5
      }
    }
  },
  "playerNames": {
    "642304807": "player642304808",
    "3491496110": "player3491496111"
  },
  "blinds": {
    "small": 5,
    "big": 10
  },
  "finalBoard": [
    "2c",
    "4c",
    "4d",
    "4s"
  ],
  "sidePots": [
    {
      "amount": 0,
      "eligible_players": [
        642304807
      ]
    }
  ],
  "playerMoney": {
    "initialAmount": 10000,
    "startingMoney": {
      "642304808": 10055,
      "3491496111": 9945
    },
    "startingDelta": {
      "642304808": 55,
      "3491496111": -55
    },
    "finalDelta": {
      "642304808": 60,
      "3491496111": -60
    },
    "gameScores": {
      "642304808": 5,
      "3491496111": -5
    },
    "finalMoney": {
      "642304808": 10060,
      "3491496111": 9940
    },
    "thisGameDelta": {
      "642304808": 5,
      "3491496111": -5
    }
  },
  "playerHands": {
    "642304807": [
      "Js",
      "Kd"
    ],
    "3491496110": [
      "Qd",
      "Ac"
    ]
  },
  "usernameMapping": {
    "default": 642304808,
    "client_container_5439_test_client_test_openai_o3_pro_iter_1_20250902_064109_iter1": 3491496111
  },
  "playerIdToUsername": {
    "642304808": "default",
    "3491496111": "client_container_5439_test_client_test_openai_o3_pro_iter_1_20250902_064109_iter1"
  }
}