{
  "gameId": "fd7b5e8b-7e71-4e02-b566-0751a26ce5b7",
  "rounds": {
    "0": {
      "pot": 15,
      "bets": {
        "2246979070": 10,
        "667621174": 5
      },
      "actions": {
        "667621174": "RAISE",
        "2246979070": "RAISE"
      },
      "action_sequence": [
        {
          "player": 667621174,
          "action": "RAISE",
          "amount": 5,
          "timestamp": 1757645339716,
          "pot_after_action": 5,
          "side_pots_after_action": [
            {
              "amount": 5,
              "eligible_players": [
                667621175,
                2246979071
              ]
            }
          ],
          "total_pot_after_action": 5,
          "total_side_pots_after_action": [
            {
              "id": 0,
              "amount": 5,
              "eligible_players": [
                667621175,
                2246979071
              ]
            }
          ]
        },
        {
          "player": 2246979070,
          "action": "RAISE",
          "amount": 10,
          "timestamp": 1757645339716,
          "pot_after_action": 15,
          "side_pots_after_action": [
            {
              "amount": 10,
              "eligible_players": [
                667621175,
                2246979071
              ]
            },
            {
              "amount": 5,
              "eligible_players": [
                2246979071
              ]
            }
          ],
          "total_pot_after_action": 15,
          "total_side_pots_after_action": [
            {
              "id": 0,
              "amount": 10,
              "eligible_players": [
                667621175,
                2246979071
              ]
            },
            {
              "id": 1,
              "amount": 5,
              "eligible_players": [
                2246979071
              ]
            }
          ]
        }
      ],
      "actionTimes": {}
    },
    "1": {
      "pot": 50,
      "bets": {
        "2246979070": 25,
        "667621174": 25
      },
      "actions": {
        "667621174": "RAISE",
        "2246979070": "CALL"
      },
      "action_sequence": [
        {
          "player": 667621174,
          "action": "RAISE",
          "amount": 25,
          "timestamp": 1757645339760,
          "pot_after_action": 25,
          "side_pots_after_action": [
            {
              "amount": 25,
              "eligible_players": [
                667621175,
                2246979071
              ]
            }
          ],
          "total_pot_after_action": 40,
          "total_side_pots_after_action": [
            {
              "id": 0,
              "amount": 10,
              "eligible_players": [
                667621175,
                2246979071
              ]
            },
            {
              "id": 1,
              "amount": 5,
              "eligible_players": [
                2246979071
              ]
            },
            {
              "id": 2,
              "amount": 25,
              "eligible_players": [
                667621175,
                2246979071
              ]
            }
          ]
        },
        {
          "player": 2246979070,
          "action": "CALL",
          "amount": 25,
          "timestamp": 1757645339761,
          "pot_after_action": 50,
          "side_pots_after_action": [
            {
              "amount": 50,
              "eligible_players": [
                667621175,
                2246979071
              ]
            }
          ],
          "total_pot_after_action": 65,
          "total_side_pots_after_action": [
            {
              "id": 0,
              "amount": 10,
              "eligible_players": [
                667621175,
                2246979071
              ]
            },
            {
              "id": 1,
              "amount": 5,
              "eligible_players": [
                2246979071
              ]
            },
            {
              "id": 2,
              "amount": 50,
              "eligible_players": [
                667621175,
                2246979071
              ]
            }
          ]
        }
      ],
      "actionTimes": {
        "667621174": 44,
        "2246979070": 45
      }
    },
    "2": {
      "pot": 50,
      "bets": {
        "2246979070": 25,
        "667621174": 25
      },
      "actions": {
        "667621174": "RAISE",
        "2246979070": "CALL"
      },
      "action_sequence": [
        {
          "player": 667621174,
          "action": "RAISE",
          "amount": 25,
          "timestamp": 1757645339804,
          "pot_after_action": 25,
          "side_pots_after_action": [
            {
              "amount": 25,
              "eligible_players": [
                667621175,
                2246979071
              ]
            }
          ],
          "total_pot_after_action": 90,
          "total_side_pots_after_action": [
            {
              "id": 0,
              "amount": 10,
              "eligible_players": [
                667621175,
                2246979071
              ]
            },
            {
              "id": 1,
              "amount": 5,
              "eligible_players": [
                2246979071
              ]
            },
            {
              "id": 2,
              "amount": 50,
              "eligible_players": [
                667621175,
                2246979071
              ]
            },
            {
              "id": 3,
              "amount": 25,
              "eligible_players": [
                667621175,
                2246979071
              ]
            }
          ]
        },
        {
          "player": 2246979070,
          "action": "CALL",
          "amount": 25,
          "timestamp": 1757645339806,
          "pot_after_action": 50,
          "side_pots_after_action": [
            {
              "amount": 50,
              "eligible_players": [
                667621175,
                2246979071
              ]
            }
          ],
          "total_pot_after_action": 115,
          "total_side_pots_after_action": [
            {
              "id": 0,
              "amount": 10,
              "eligible_players": [
                667621175,
                2246979071
              ]
            },
            {
              "id": 1,
              "amount": 5,
              "eligible_players": [
                2246979071
              ]
            },
            {
              "id": 2,
              "amount": 50,
              "eligible_players": [
                667621175,
                2246979071
              ]
            },
            {
              "id": 3,
              "amount": 50,
              "eligible_players": [
                667621175,
                2246979071
              ]
            }
          ]
        }
      ],
      "actionTimes": {
        "667621174": 88,
        "2246979070": 90
      }
    },
    "3": {
      "pot": 50,
      "bets": {
        "2246979070": 25,
        "667621174": 25
      },
      "actions": {
        "667621174": "RAISE",
        "2246979070": "CALL"
      },
      "action_sequence": [
        {
          "player": 667621174,
          "action": "RAISE",
          "amount": 25,
          "timestamp": 1757645339850,
          "pot_after_action": 25,
          "side_pots_after_action": [
            {
              "amount": 25,
              "eligible_players": [
                667621175,
                2246979071
              ]
            }
          ],
          "total_pot_after_action": 140,
          "total_side_pots_after_action": [
            {
              "id": 0,
              "amount": 10,
              "eligible_players": [
                667621175,
                2246979071
              ]
            },
            {
              "id": 1,
              "amount": 5,
              "eligible_players": [
                2246979071
              ]
            },
            {
              "id": 2,
              "amount": 50,
              "eligible_players": [
                667621175,
                2246979071
              ]
            },
            {
              "id": 3,
              "amount": 50,
              "eligible_players": [
                667621175,
                2246979071
              ]
            },
            {
              "id": 4,
              "amount": 25,
              "eligible_players": [
                667621175,
                2246979071
              ]
            }
          ]
        },
        {
          "player": 2246979070,
          "action": "CALL",
          "amount": 25,
          "timestamp": 1757645339853,
          "pot_after_action": 50,
          "side_pots_after_action": [
            {
              "amount": 50,
              "eligible_players": [
                667621175,
                2246979071
              ]
            }
          ],
          "total_pot_after_action": 165,
          "total_side_pots_after_action": [
            {
              "id": 0,
              "amount": 10,
              "eligible_players": [
                667621175,
                2246979071
              ]
            },
            {
              "id": 1,
              "amount": 5,
              "eligible_players": [
                2246979071
              ]
            },
            {
              "id": 2,
              "amount": 50,
              "eligible_players": [
                667621175,
                2246979071
              ]
            },
            {
              "id": 3,
              "amount": 50,
              "eligible_players": [
                667621175,
                2246979071
              ]
            },
            {
              "id": 4,
              "amount": 50,
              "eligible_players": [
                667621175,
                2246979071
              ]
            }
          ]
        }
      ],
      "actionTimes": {
        "667621174": 134,
        "2246979070": 137
      }
    }
  },
  "playerNames": {
    "2246979070": "player2246979071",
    "667621174": "player667621175"
  },
  "blinds": {
    "small": 5,
    "big": 10
  },
  "finalBoard": [
    "7h",
    "Kd",
    "7c",
    "9s",
    "Ts"
  ],
  "sidePots": [
    {
      "amount": 50,
      "eligible_players": [
        2246979070,
        667621174
      ]
    }
  ],
  "playerMoney": {
    "initialAmount": 10000,
    "startingMoney": {
      "2246979071": 10135,
      "667621175": 9865
    },
    "startingDelta": {
      "2246979071": 135,
      "667621175": -135
    },
    "finalDelta": {
      "2246979071": 55,
      "667621175": -55
    },
    "gameScores": {
      "2246979071": -80,
      "667621175": 80
    },
    "finalMoney": {
      "2246979071": 10055,
      "667621175": 9945
    },
    "thisGameDelta": {
      "2246979071": -80,
      "667621175": 80
    }
  },
  "playerHands": {
    "2246979070": [
      "5c",
      "3d"
    ],
    "667621174": [
      "Tc",
      "7d"
    ]
  },
  "usernameMapping": {
    "default": 2246979071,
    "client_container_6112_test_client_test_z_ai_glm_4.5_iter_3_20250911_194853_iter3": 667621175
  },
  "playerIdToUsername": {
    "2246979071": "default",
    "667621175": "client_container_6112_test_client_test_z_ai_glm_4.5_iter_3_20250911_194853_iter3"
  }
}