{
  "gameId": "fd7b5e8b-7e71-4e02-b566-0751a26ce5b7",
  "rounds": {
    "0": {
      "pot": 15,
      "bets": {
        "2246979070": 10,
        "667621174": 5
      },
      "actions": {
        "667621174": "RAISE",
        "2246979070": "RAISE"
      },
      "action_sequence": [
        {
          "player": 667621174,
          "action": "RAISE",
          "amount": 5,
          "timestamp": 1757645339940,
          "pot_after_action": 5,
          "side_pots_after_action": [
            {
              "amount": 5,
              "eligible_players": [
                667621175,
                2246979071
              ]
            }
          ],
          "total_pot_after_action": 5,
          "total_side_pots_after_action": [
            {
              "id": 0,
              "amount": 5,
              "eligible_players": [
                667621175,
                2246979071
              ]
            }
          ]
        },
        {
          "player": 2246979070,
          "action": "RAISE",
          "amount": 10,
          "timestamp": 1757645339940,
          "pot_after_action": 15,
          "side_pots_after_action": [
            {
              "amount": 10,
              "eligible_players": [
                667621175,
                2246979071
              ]
            },
            {
              "amount": 5,
              "eligible_players": [
                2246979071
              ]
            }
          ],
          "total_pot_after_action": 15,
          "total_side_pots_after_action": [
            {
              "id": 0,
              "amount": 10,
              "eligible_players": [
                667621175,
                2246979071
              ]
            },
            {
              "id": 1,
              "amount": 5,
              "eligible_players": [
                2246979071
              ]
            }
          ]
        }
      ],
      "actionTimes": {}
    },
    "1": {
      "pot": 40,
      "bets": {
        "2246979070": 20,
        "667621174": 20
      },
      "actions": {
        "667621174": "RAISE",
        "2246979070": "CALL"
      },
      "action_sequence": [
        {
          "player": 667621174,
          "action": "RAISE",
          "amount": 20,
          "timestamp": 1757645339985,
          "pot_after_action": 20,
          "side_pots_after_action": [
            {
              "amount": 20,
              "eligible_players": [
                667621175,
                2246979071
              ]
            }
          ],
          "total_pot_after_action": 35,
          "total_side_pots_after_action": [
            {
              "id": 0,
              "amount": 10,
              "eligible_players": [
                667621175,
                2246979071
              ]
            },
            {
              "id": 1,
              "amount": 5,
              "eligible_players": [
                2246979071
              ]
            },
            {
              "id": 2,
              "amount": 20,
              "eligible_players": [
                667621175,
                2246979071
              ]
            }
          ]
        },
        {
          "player": 2246979070,
          "action": "CALL",
          "amount": 20,
          "timestamp": 1757645339987,
          "pot_after_action": 40,
          "side_pots_after_action": [
            {
              "amount": 40,
              "eligible_players": [
                667621175,
                2246979071
              ]
            }
          ],
          "total_pot_after_action": 55,
          "total_side_pots_after_action": [
            {
              "id": 0,
              "amount": 10,
              "eligible_players": [
                667621175,
                2246979071
              ]
            },
            {
              "id": 1,
              "amount": 5,
              "eligible_players": [
                2246979071
              ]
            },
            {
              "id": 2,
              "amount": 40,
              "eligible_players": [
                667621175,
                2246979071
              ]
            }
          ]
        }
      ],
      "actionTimes": {
        "667621174": 46,
        "2246979070": 48
      }
    },
    "2": {
      "pot": 0,
      "bets": {
        "2246979070": 0,
        "667621174": 0
      },
      "actions": {
        "667621174": "CHECK",
        "2246979070": "CHECK"
      },
      "action_sequence": [
        {
          "player": 667621174,
          "action": "CHECK",
          "amount": 0,
          "timestamp": 1757645340031,
          "pot_after_action": 0,
          "side_pots_after_action": [
            {
              "amount": 0,
              "eligible_players": [
                667621175,
                2246979071
              ]
            }
          ],
          "total_pot_after_action": 55,
          "total_side_pots_after_action": [
            {
              "id": 0,
              "amount": 10,
              "eligible_players": [
                667621175,
                2246979071
              ]
            },
            {
              "id": 1,
              "amount": 5,
              "eligible_players": [
                2246979071
              ]
            },
            {
              "id": 2,
              "amount": 40,
              "eligible_players": [
                667621175,
                2246979071
              ]
            },
            {
              "id": 3,
              "amount": 0,
              "eligible_players": [
                667621175,
                2246979071
              ]
            }
          ]
        },
        {
          "player": 2246979070,
          "action": "CHECK",
          "amount": 0,
          "timestamp": 1757645340033,
          "pot_after_action": 0,
          "side_pots_after_action": [
            {
              "amount": 0,
              "eligible_players": [
                667621175,
                2246979071
              ]
            }
          ],
          "total_pot_after_action": 55,
          "total_side_pots_after_action": [
            {
              "id": 0,
              "amount": 10,
              "eligible_players": [
                667621175,
                2246979071
              ]
            },
            {
              "id": 1,
              "amount": 5,
              "eligible_players": [
                2246979071
              ]
            },
            {
              "id": 2,
              "amount": 40,
              "eligible_players": [
                667621175,
                2246979071
              ]
            },
            {
              "id": 3,
              "amount": 0,
              "eligible_players": [
                667621175,
                2246979071
              ]
            }
          ]
        }
      ],
      "actionTimes": {
        "667621174": 92,
        "2246979070": 94
      }
    },
    "3": {
      "pot": 40,
      "bets": {
        "2246979070": 20,
        "667621174": 20
      },
      "actions": {
        "667621174": "RAISE",
        "2246979070": "CALL"
      },
      "action_sequence": [
        {
          "player": 667621174,
          "action": "RAISE",
          "amount": 20,
          "timestamp": 1757645340078,
          "pot_after_action": 20,
          "side_pots_after_action": [
            {
              "amount": 20,
              "eligible_players": [
                667621175,
                2246979071
              ]
            }
          ],
          "total_pot_after_action": 75,
          "total_side_pots_after_action": [
            {
              "id": 0,
              "amount": 10,
              "eligible_players": [
                667621175,
                2246979071
              ]
            },
            {
              "id": 1,
              "amount": 5,
              "eligible_players": [
                2246979071
              ]
            },
            {
              "id": 2,
              "amount": 40,
              "eligible_players": [
                667621175,
                2246979071
              ]
            },
            {
              "id": 3,
              "amount": 0,
              "eligible_players": [
                667621175,
                2246979071
              ]
            },
            {
              "id": 4,
              "amount": 20,
              "eligible_players": [
                667621175,
                2246979071
              ]
            }
          ]
        },
        {
          "player": 2246979070,
          "action": "CALL",
          "amount": 20,
          "timestamp": 1757645340080,
          "pot_after_action": 40,
          "side_pots_after_action": [
            {
              "amount": 40,
              "eligible_players": [
                667621175,
                2246979071
              ]
            }
          ],
          "total_pot_after_action": 95,
          "total_side_pots_after_action": [
            {
              "id": 0,
              "amount": 10,
              "eligible_players": [
                667621175,
                2246979071
              ]
            },
            {
              "id": 1,
              "amount": 5,
              "eligible_players": [
                2246979071
              ]
            },
            {
              "id": 2,
              "amount": 40,
              "eligible_players": [
                667621175,
                2246979071
              ]
            },
            {
              "id": 3,
              "amount": 0,
              "eligible_players": [
                667621175,
                2246979071
              ]
            },
            {
              "id": 4,
              "amount": 40,
              "eligible_players": [
                667621175,
                2246979071
              ]
            }
          ]
        }
      ],
      "actionTimes": {
        "667621174": 139,
        "2246979070": 141
      }
    }
  },
  "playerNames": {
    "2246979070": "player2246979071",
    "667621174": "player667621175"
  },
  "blinds": {
    "small": 5,
    "big": 10
  },
  "finalBoard": [
    "Kc",
    "9s",
    "3h",
    "6s",
    "2h"
  ],
  "sidePots": [
    {
      "amount": 40,
      "eligible_players": [
        2246979070,
        667621174
      ]
    }
  ],
  "playerMoney": {
    "initialAmount": 10000,
    "startingMoney": {
      "2246979071": 10065,
      "667621175": 9935
    },
    "startingDelta": {
      "2246979071": 65,
      "667621175": -65
    },
    "finalDelta": {
      "2246979071": 20,
      "667621175": -20
    },
    "gameScores": {
      "2246979071": -45,
      "667621175": 45
    },
    "finalMoney": {
      "2246979071": 10020,
      "667621175": 9980
    },
    "thisGameDelta": {
      "2246979071": -45,
      "667621175": 45
    }
  },
  "playerHands": {
    "2246979070": [
      "Qs",
      "As"
    ],
    "667621174": [
      "7s",
      "2c"
    ]
  },
  "usernameMapping": {
    "default": 2246979071,
    "client_container_6112_test_client_test_z_ai_glm_4.5_iter_3_20250911_194853_iter3": 667621175
  },
  "playerIdToUsername": {
    "2246979071": "default",
    "667621175": "client_container_6112_test_client_test_z_ai_glm_4.5_iter_3_20250911_194853_iter3"
  }
}