{
  "gameId": "fd7b5e8b-7e71-4e02-b566-0751a26ce5b7",
  "rounds": {
    "0": {
      "pot": 15,
      "bets": {
        "2246979070": 10,
        "667621174": 5
      },
      "actions": {
        "667621174": "RAISE",
        "2246979070": "RAISE"
      },
      "action_sequence": [
        {
          "player": 667621174,
          "action": "RAISE",
          "amount": 5,
          "timestamp": 1757645339506,
          "pot_after_action": 5,
          "side_pots_after_action": [
            {
              "amount": 5,
              "eligible_players": [
                667621175,
                2246979071
              ]
            }
          ],
          "total_pot_after_action": 5,
          "total_side_pots_after_action": [
            {
              "id": 0,
              "amount": 5,
              "eligible_players": [
                667621175,
                2246979071
              ]
            }
          ]
        },
        {
          "player": 2246979070,
          "action": "RAISE",
          "amount": 10,
          "timestamp": 1757645339506,
          "pot_after_action": 15,
          "side_pots_after_action": [
            {
              "amount": 10,
              "eligible_players": [
                667621175,
                2246979071
              ]
            },
            {
              "amount": 5,
              "eligible_players": [
                2246979071
              ]
            }
          ],
          "total_pot_after_action": 15,
          "total_side_pots_after_action": [
            {
              "id": 0,
              "amount": 10,
              "eligible_players": [
                667621175,
                2246979071
              ]
            },
            {
              "id": 1,
              "amount": 5,
              "eligible_players": [
                2246979071
              ]
            }
          ]
        }
      ],
      "actionTimes": {}
    },
    "1": {
      "pot": 200,
      "bets": {
        "2246979070": 100,
        "667621174": 100
      },
      "actions": {
        "667621174": "CALL",
        "2246979070": "RAISE"
      },
      "action_sequence": [
        {
          "player": 667621174,
          "action": "CHECK",
          "amount": 0,
          "timestamp": 1757645339510,
          "pot_after_action": 0,
          "side_pots_after_action": [
            {
              "amount": 0,
              "eligible_players": [
                667621175,
                2246979071
              ]
            }
          ],
          "total_pot_after_action": 15,
          "total_side_pots_after_action": [
            {
              "id": 0,
              "amount": 10,
              "eligible_players": [
                667621175,
                2246979071
              ]
            },
            {
              "id": 1,
              "amount": 5,
              "eligible_players": [
                2246979071
              ]
            },
            {
              "id": 2,
              "amount": 0,
              "eligible_players": [
                667621175,
                2246979071
              ]
            }
          ]
        },
        {
          "player": 2246979070,
          "action": "RAISE",
          "amount": 100,
          "timestamp": 1757645339549,
          "pot_after_action": 100,
          "side_pots_after_action": [
            {
              "amount": 100,
              "eligible_players": [
                667621175,
                2246979071
              ]
            }
          ],
          "total_pot_after_action": 115,
          "total_side_pots_after_action": [
            {
              "id": 0,
              "amount": 10,
              "eligible_players": [
                667621175,
                2246979071
              ]
            },
            {
              "id": 1,
              "amount": 5,
              "eligible_players": [
                2246979071
              ]
            },
            {
              "id": 2,
              "amount": 100,
              "eligible_players": [
                667621175,
                2246979071
              ]
            }
          ]
        },
        {
          "player": 667621174,
          "action": "CALL",
          "amount": 100,
          "timestamp": 1757645339551,
          "pot_after_action": 200,
          "side_pots_after_action": [
            {
              "amount": 200,
              "eligible_players": [
                667621175,
                2246979071
              ]
            }
          ],
          "total_pot_after_action": 215,
          "total_side_pots_after_action": [
            {
              "id": 0,
              "amount": 10,
              "eligible_players": [
                667621175,
                2246979071
              ]
            },
            {
              "id": 1,
              "amount": 5,
              "eligible_players": [
                2246979071
              ]
            },
            {
              "id": 2,
              "amount": 200,
              "eligible_players": [
                667621175,
                2246979071
              ]
            }
          ]
        }
      ],
      "actionTimes": {
        "667621174": 45,
        "2246979070": 43
      }
    },
    "2": {
      "pot": 50,
      "bets": {
        "2246979070": 25,
        "667621174": 25
      },
      "actions": {
        "667621174": "RAISE",
        "2246979070": "CALL"
      },
      "action_sequence": [
        {
          "player": 667621174,
          "action": "RAISE",
          "amount": 25,
          "timestamp": 1757645339594,
          "pot_after_action": 25,
          "side_pots_after_action": [
            {
              "amount": 25,
              "eligible_players": [
                667621175,
                2246979071
              ]
            }
          ],
          "total_pot_after_action": 240,
          "total_side_pots_after_action": [
            {
              "id": 0,
              "amount": 10,
              "eligible_players": [
                667621175,
                2246979071
              ]
            },
            {
              "id": 1,
              "amount": 5,
              "eligible_players": [
                2246979071
              ]
            },
            {
              "id": 2,
              "amount": 200,
              "eligible_players": [
                667621175,
                2246979071
              ]
            },
            {
              "id": 3,
              "amount": 25,
              "eligible_players": [
                667621175,
                2246979071
              ]
            }
          ]
        },
        {
          "player": 2246979070,
          "action": "CALL",
          "amount": 25,
          "timestamp": 1757645339594,
          "pot_after_action": 50,
          "side_pots_after_action": [
            {
              "amount": 50,
              "eligible_players": [
                667621175,
                2246979071
              ]
            }
          ],
          "total_pot_after_action": 265,
          "total_side_pots_after_action": [
            {
              "id": 0,
              "amount": 10,
              "eligible_players": [
                667621175,
                2246979071
              ]
            },
            {
              "id": 1,
              "amount": 5,
              "eligible_players": [
                2246979071
              ]
            },
            {
              "id": 2,
              "amount": 200,
              "eligible_players": [
                667621175,
                2246979071
              ]
            },
            {
              "id": 3,
              "amount": 50,
              "eligible_players": [
                667621175,
                2246979071
              ]
            }
          ]
        }
      ],
      "actionTimes": {
        "667621174": 88,
        "2246979070": 88
      }
    },
    "3": {
      "pot": 50,
      "bets": {
        "2246979070": 25,
        "667621174": 25
      },
      "actions": {
        "667621174": "RAISE",
        "2246979070": "CALL"
      },
      "action_sequence": [
        {
          "player": 667621174,
          "action": "RAISE",
          "amount": 25,
          "timestamp": 1757645339638,
          "pot_after_action": 25,
          "side_pots_after_action": [
            {
              "amount": 25,
              "eligible_players": [
                667621175,
                2246979071
              ]
            }
          ],
          "total_pot_after_action": 290,
          "total_side_pots_after_action": [
            {
              "id": 0,
              "amount": 10,
              "eligible_players": [
                667621175,
                2246979071
              ]
            },
            {
              "id": 1,
              "amount": 5,
              "eligible_players": [
                2246979071
              ]
            },
            {
              "id": 2,
              "amount": 200,
              "eligible_players": [
                667621175,
                2246979071
              ]
            },
            {
              "id": 3,
              "amount": 50,
              "eligible_players": [
                667621175,
                2246979071
              ]
            },
            {
              "id": 4,
              "amount": 25,
              "eligible_players": [
                667621175,
                2246979071
              ]
            }
          ]
        },
        {
          "player": 2246979070,
          "action": "CALL",
          "amount": 25,
          "timestamp": 1757645339639,
          "pot_after_action": 50,
          "side_pots_after_action": [
            {
              "amount": 50,
              "eligible_players": [
                667621175,
                2246979071
              ]
            }
          ],
          "total_pot_after_action": 315,
          "total_side_pots_after_action": [
            {
              "id": 0,
              "amount": 10,
              "eligible_players": [
                667621175,
                2246979071
              ]
            },
            {
              "id": 1,
              "amount": 5,
              "eligible_players": [
                2246979071
              ]
            },
            {
              "id": 2,
              "amount": 200,
              "eligible_players": [
                667621175,
                2246979071
              ]
            },
            {
              "id": 3,
              "amount": 50,
              "eligible_players": [
                667621175,
                2246979071
              ]
            },
            {
              "id": 4,
              "amount": 50,
              "eligible_players": [
                667621175,
                2246979071
              ]
            }
          ]
        }
      ],
      "actionTimes": {
        "667621174": 132,
        "2246979070": 133
      }
    }
  },
  "playerNames": {
    "2246979070": "player2246979071",
    "667621174": "player667621175"
  },
  "blinds": {
    "small": 5,
    "big": 10
  },
  "finalBoard": [
    "As",
    "9s",
    "4h",
    "9d",
    "4d"
  ],
  "sidePots": [
    {
      "amount": 50,
      "eligible_players": [
        2246979070,
        667621174
      ]
    }
  ],
  "playerMoney": {
    "initialAmount": 10000,
    "startingMoney": {
      "2246979071": 10125,
      "667621175": 9875
    },
    "startingDelta": {
      "2246979071": 125,
      "667621175": -125
    },
    "finalDelta": {
      "2246979071": 125,
      "667621175": -125
    },
    "gameScores": {
      "2246979071": 0,
      "667621175": 0
    },
    "finalMoney": {
      "2246979071": 10125,
      "667621175": 9875
    },
    "thisGameDelta": {
      "2246979071": 0,
      "667621175": 0
    }
  },
  "playerHands": {
    "2246979070": [
      "2s",
      "9c"
    ],
    "667621174": [
      "9h",
      "Jd"
    ]
  },
  "usernameMapping": {
    "default": 2246979071,
    "client_container_6112_test_client_test_z_ai_glm_4.5_iter_3_20250911_194853_iter3": 667621175
  },
  "playerIdToUsername": {
    "2246979071": "default",
    "667621175": "client_container_6112_test_client_test_z_ai_glm_4.5_iter_3_20250911_194853_iter3"
  }
}