{
  "gameId": "fd7b5e8b-7e71-4e02-b566-0751a26ce5b7",
  "rounds": {
    "0": {
      "pot": 15,
      "bets": {
        "2246979070": 5,
        "667621174": 10
      },
      "actions": {
        "2246979070": "RAISE",
        "667621174": "RAISE"
      },
      "action_sequence": [
        {
          "player": 2246979070,
          "action": "RAISE",
          "amount": 5,
          "timestamp": 1757645339364,
          "pot_after_action": 5,
          "side_pots_after_action": [
            {
              "amount": 5,
              "eligible_players": [
                667621175,
                2246979071
              ]
            }
          ],
          "total_pot_after_action": 5,
          "total_side_pots_after_action": [
            {
              "id": 0,
              "amount": 5,
              "eligible_players": [
                667621175,
                2246979071
              ]
            }
          ]
        },
        {
          "player": 667621174,
          "action": "RAISE",
          "amount": 10,
          "timestamp": 1757645339364,
          "pot_after_action": 15,
          "side_pots_after_action": [
            {
              "amount": 10,
              "eligible_players": [
                667621175,
                2246979071
              ]
            },
            {
              "amount": 5,
              "eligible_players": [
                667621175
              ]
            }
          ],
          "total_pot_after_action": 15,
          "total_side_pots_after_action": [
            {
              "id": 0,
              "amount": 10,
              "eligible_players": [
                667621175,
                2246979071
              ]
            },
            {
              "id": 1,
              "amount": 5,
              "eligible_players": [
                667621175
              ]
            }
          ]
        }
      ],
      "actionTimes": {}
    },
    "1": {
      "pot": 200,
      "bets": {
        "2246979070": 100,
        "667621174": 100
      },
      "actions": {
        "2246979070": "RAISE",
        "667621174": "CALL"
      },
      "action_sequence": [
        {
          "player": 2246979070,
          "action": "RAISE",
          "amount": 100,
          "timestamp": 1757645339368,
          "pot_after_action": 100,
          "side_pots_after_action": [
            {
              "amount": 100,
              "eligible_players": [
                667621175,
                2246979071
              ]
            }
          ],
          "total_pot_after_action": 115,
          "total_side_pots_after_action": [
            {
              "id": 0,
              "amount": 10,
              "eligible_players": [
                667621175,
                2246979071
              ]
            },
            {
              "id": 1,
              "amount": 5,
              "eligible_players": [
                667621175
              ]
            },
            {
              "id": 2,
              "amount": 100,
              "eligible_players": [
                667621175,
                2246979071
              ]
            }
          ]
        },
        {
          "player": 667621174,
          "action": "CALL",
          "amount": 100,
          "timestamp": 1757645339407,
          "pot_after_action": 200,
          "side_pots_after_action": [
            {
              "amount": 200,
              "eligible_players": [
                667621175,
                2246979071
              ]
            }
          ],
          "total_pot_after_action": 215,
          "total_side_pots_after_action": [
            {
              "id": 0,
              "amount": 10,
              "eligible_players": [
                667621175,
                2246979071
              ]
            },
            {
              "id": 1,
              "amount": 5,
              "eligible_players": [
                667621175
              ]
            },
            {
              "id": 2,
              "amount": 200,
              "eligible_players": [
                667621175,
                2246979071
              ]
            }
          ]
        }
      ],
      "actionTimes": {
        "2246979070": 4,
        "667621174": 43
      }
    },
    "2": {
      "pot": 0,
      "bets": {
        "2246979070": 0,
        "667621174": 0
      },
      "actions": {
        "2246979070": "CHECK",
        "667621174": "CHECK"
      },
      "action_sequence": [
        {
          "player": 2246979070,
          "action": "CHECK",
          "amount": 0,
          "timestamp": 1757645339449,
          "pot_after_action": 0,
          "side_pots_after_action": [
            {
              "amount": 0,
              "eligible_players": [
                667621175,
                2246979071
              ]
            }
          ],
          "total_pot_after_action": 215,
          "total_side_pots_after_action": [
            {
              "id": 0,
              "amount": 10,
              "eligible_players": [
                667621175,
                2246979071
              ]
            },
            {
              "id": 1,
              "amount": 5,
              "eligible_players": [
                667621175
              ]
            },
            {
              "id": 2,
              "amount": 200,
              "eligible_players": [
                667621175,
                2246979071
              ]
            },
            {
              "id": 3,
              "amount": 0,
              "eligible_players": [
                667621175,
                2246979071
              ]
            }
          ]
        },
        {
          "player": 667621174,
          "action": "CHECK",
          "amount": 0,
          "timestamp": 1757645339450,
          "pot_after_action": 0,
          "side_pots_after_action": [
            {
              "amount": 0,
              "eligible_players": [
                667621175,
                2246979071
              ]
            }
          ],
          "total_pot_after_action": 215,
          "total_side_pots_after_action": [
            {
              "id": 0,
              "amount": 10,
              "eligible_players": [
                667621175,
                2246979071
              ]
            },
            {
              "id": 1,
              "amount": 5,
              "eligible_players": [
                667621175
              ]
            },
            {
              "id": 2,
              "amount": 200,
              "eligible_players": [
                667621175,
                2246979071
              ]
            },
            {
              "id": 3,
              "amount": 0,
              "eligible_players": [
                667621175,
                2246979071
              ]
            }
          ]
        }
      ],
      "actionTimes": {
        "2246979070": 85,
        "667621174": 86
      }
    },
    "3": {
      "pot": 0,
      "bets": {
        "2246979070": 0,
        "667621174": 0
      },
      "actions": {
        "2246979070": "CHECK",
        "667621174": "CHECK"
      },
      "action_sequence": [
        {
          "player": 2246979070,
          "action": "CHECK",
          "amount": 0,
          "timestamp": 1757645339491,
          "pot_after_action": 0,
          "side_pots_after_action": [
            {
              "amount": 0,
              "eligible_players": [
                667621175,
                2246979071
              ]
            }
          ],
          "total_pot_after_action": 215,
          "total_side_pots_after_action": [
            {
              "id": 0,
              "amount": 10,
              "eligible_players": [
                667621175,
                2246979071
              ]
            },
            {
              "id": 1,
              "amount": 5,
              "eligible_players": [
                667621175
              ]
            },
            {
              "id": 2,
              "amount": 200,
              "eligible_players": [
                667621175,
                2246979071
              ]
            },
            {
              "id": 3,
              "amount": 0,
              "eligible_players": [
                667621175,
                2246979071
              ]
            },
            {
              "id": 4,
              "amount": 0,
              "eligible_players": [
                667621175,
                2246979071
              ]
            }
          ]
        },
        {
          "player": 667621174,
          "action": "CHECK",
          "amount": 0,
          "timestamp": 1757645339491,
          "pot_after_action": 0,
          "side_pots_after_action": [
            {
              "amount": 0,
              "eligible_players": [
                667621175,
                2246979071
              ]
            }
          ],
          "total_pot_after_action": 215,
          "total_side_pots_after_action": [
            {
              "id": 0,
              "amount": 10,
              "eligible_players": [
                667621175,
                2246979071
              ]
            },
            {
              "id": 1,
              "amount": 5,
              "eligible_players": [
                667621175
              ]
            },
            {
              "id": 2,
              "amount": 200,
              "eligible_players": [
                667621175,
                2246979071
              ]
            },
            {
              "id": 3,
              "amount": 0,
              "eligible_players": [
                667621175,
                2246979071
              ]
            },
            {
              "id": 4,
              "amount": 0,
              "eligible_players": [
                667621175,
                2246979071
              ]
            }
          ]
        }
      ],
      "actionTimes": {
        "2246979070": 127,
        "667621174": 127
      }
    }
  },
  "playerNames": {
    "2246979070": "player2246979071",
    "667621174": "player667621175"
  },
  "blinds": {
    "small": 5,
    "big": 10
  },
  "finalBoard": [
    "5s",
    "8c",
    "4s",
    "Jc",
    "As"
  ],
  "sidePots": [
    {
      "amount": 0,
      "eligible_players": [
        667621174,
        2246979070
      ]
    }
  ],
  "playerMoney": {
    "initialAmount": 10000,
    "startingMoney": {
      "2246979071": 10020,
      "667621175": 9980
    },
    "startingDelta": {
      "2246979071": 20,
      "667621175": -20
    },
    "finalDelta": {
      "2246979071": 125,
      "667621175": -125
    },
    "gameScores": {
      "2246979071": 105,
      "667621175": -105
    },
    "finalMoney": {
      "2246979071": 10125,
      "667621175": 9875
    },
    "thisGameDelta": {
      "2246979071": 105,
      "667621175": -105
    }
  },
  "playerHands": {
    "2246979070": [
      "9h",
      "5h"
    ],
    "667621174": [
      "Kc",
      "Qc"
    ]
  },
  "usernameMapping": {
    "default": 2246979071,
    "client_container_6112_test_client_test_z_ai_glm_4.5_iter_3_20250911_194853_iter3": 667621175
  },
  "playerIdToUsername": {
    "2246979071": "default",
    "667621175": "client_container_6112_test_client_test_z_ai_glm_4.5_iter_3_20250911_194853_iter3"
  }
}