{
  "gameId": "fd7b5e8b-7e71-4e02-b566-0751a26ce5b7",
  "rounds": {
    "0": {
      "pot": 15,
      "bets": {
        "2246979070": 5,
        "667621174": 10
      },
      "actions": {
        "2246979070": "RAISE",
        "667621174": "RAISE"
      },
      "action_sequence": [
        {
          "player": 2246979070,
          "action": "RAISE",
          "amount": 5,
          "timestamp": 1757645339072,
          "pot_after_action": 5,
          "side_pots_after_action": [
            {
              "amount": 5,
              "eligible_players": [
                667621175,
                2246979071
              ]
            }
          ],
          "total_pot_after_action": 5,
          "total_side_pots_after_action": [
            {
              "id": 0,
              "amount": 5,
              "eligible_players": [
                667621175,
                2246979071
              ]
            }
          ]
        },
        {
          "player": 667621174,
          "action": "RAISE",
          "amount": 10,
          "timestamp": 1757645339072,
          "pot_after_action": 15,
          "side_pots_after_action": [
            {
              "amount": 10,
              "eligible_players": [
                667621175,
                2246979071
              ]
            },
            {
              "amount": 5,
              "eligible_players": [
                667621175
              ]
            }
          ],
          "total_pot_after_action": 15,
          "total_side_pots_after_action": [
            {
              "id": 0,
              "amount": 10,
              "eligible_players": [
                667621175,
                2246979071
              ]
            },
            {
              "id": 1,
              "amount": 5,
              "eligible_players": [
                667621175
              ]
            }
          ]
        }
      ],
      "actionTimes": {}
    },
    "1": {
      "pot": 200,
      "bets": {
        "2246979070": 100,
        "667621174": 100
      },
      "actions": {
        "2246979070": "RAISE",
        "667621174": "CALL"
      },
      "action_sequence": [
        {
          "player": 2246979070,
          "action": "RAISE",
          "amount": 100,
          "timestamp": 1757645339075,
          "pot_after_action": 100,
          "side_pots_after_action": [
            {
              "amount": 100,
              "eligible_players": [
                667621175,
                2246979071
              ]
            }
          ],
          "total_pot_after_action": 115,
          "total_side_pots_after_action": [
            {
              "id": 0,
              "amount": 10,
              "eligible_players": [
                667621175,
                2246979071
              ]
            },
            {
              "id": 1,
              "amount": 5,
              "eligible_players": [
                667621175
              ]
            },
            {
              "id": 2,
              "amount": 100,
              "eligible_players": [
                667621175,
                2246979071
              ]
            }
          ]
        },
        {
          "player": 667621174,
          "action": "CALL",
          "amount": 100,
          "timestamp": 1757645339077,
          "pot_after_action": 200,
          "side_pots_after_action": [
            {
              "amount": 200,
              "eligible_players": [
                667621175,
                2246979071
              ]
            }
          ],
          "total_pot_after_action": 215,
          "total_side_pots_after_action": [
            {
              "id": 0,
              "amount": 10,
              "eligible_players": [
                667621175,
                2246979071
              ]
            },
            {
              "id": 1,
              "amount": 5,
              "eligible_players": [
                667621175
              ]
            },
            {
              "id": 2,
              "amount": 200,
              "eligible_players": [
                667621175,
                2246979071
              ]
            }
          ]
        }
      ],
      "actionTimes": {
        "2246979070": 4,
        "667621174": 6
      }
    },
    "2": {
      "pot": 0,
      "bets": {
        "2246979070": 0,
        "667621174": 0
      },
      "actions": {
        "2246979070": "CHECK",
        "667621174": "CHECK"
      },
      "action_sequence": [
        {
          "player": 2246979070,
          "action": "CHECK",
          "amount": 0,
          "timestamp": 1757645339119,
          "pot_after_action": 0,
          "side_pots_after_action": [
            {
              "amount": 0,
              "eligible_players": [
                667621175,
                2246979071
              ]
            }
          ],
          "total_pot_after_action": 215,
          "total_side_pots_after_action": [
            {
              "id": 0,
              "amount": 10,
              "eligible_players": [
                667621175,
                2246979071
              ]
            },
            {
              "id": 1,
              "amount": 5,
              "eligible_players": [
                667621175
              ]
            },
            {
              "id": 2,
              "amount": 200,
              "eligible_players": [
                667621175,
                2246979071
              ]
            },
            {
              "id": 3,
              "amount": 0,
              "eligible_players": [
                667621175,
                2246979071
              ]
            }
          ]
        },
        {
          "player": 667621174,
          "action": "CHECK",
          "amount": 0,
          "timestamp": 1757645339120,
          "pot_after_action": 0,
          "side_pots_after_action": [
            {
              "amount": 0,
              "eligible_players": [
                667621175,
                2246979071
              ]
            }
          ],
          "total_pot_after_action": 215,
          "total_side_pots_after_action": [
            {
              "id": 0,
              "amount": 10,
              "eligible_players": [
                667621175,
                2246979071
              ]
            },
            {
              "id": 1,
              "amount": 5,
              "eligible_players": [
                667621175
              ]
            },
            {
              "id": 2,
              "amount": 200,
              "eligible_players": [
                667621175,
                2246979071
              ]
            },
            {
              "id": 3,
              "amount": 0,
              "eligible_players": [
                667621175,
                2246979071
              ]
            }
          ]
        }
      ],
      "actionTimes": {
        "2246979070": 48,
        "667621174": 49
      }
    },
    "3": {
      "pot": 40,
      "bets": {
        "2246979070": 20,
        "667621174": 20
      },
      "actions": {
        "2246979070": "CALL",
        "667621174": "RAISE"
      },
      "action_sequence": [
        {
          "player": 2246979070,
          "action": "CHECK",
          "amount": 0,
          "timestamp": 1757645339162,
          "pot_after_action": 0,
          "side_pots_after_action": [
            {
              "amount": 0,
              "eligible_players": [
                667621175,
                2246979071
              ]
            }
          ],
          "total_pot_after_action": 215,
          "total_side_pots_after_action": [
            {
              "id": 0,
              "amount": 10,
              "eligible_players": [
                667621175,
                2246979071
              ]
            },
            {
              "id": 1,
              "amount": 5,
              "eligible_players": [
                667621175
              ]
            },
            {
              "id": 2,
              "amount": 200,
              "eligible_players": [
                667621175,
                2246979071
              ]
            },
            {
              "id": 3,
              "amount": 0,
              "eligible_players": [
                667621175,
                2246979071
              ]
            },
            {
              "id": 4,
              "amount": 0,
              "eligible_players": [
                667621175,
                2246979071
              ]
            }
          ]
        },
        {
          "player": 667621174,
          "action": "RAISE",
          "amount": 20,
          "timestamp": 1757645339163,
          "pot_after_action": 20,
          "side_pots_after_action": [
            {
              "amount": 20,
              "eligible_players": [
                667621175,
                2246979071
              ]
            }
          ],
          "total_pot_after_action": 235,
          "total_side_pots_after_action": [
            {
              "id": 0,
              "amount": 10,
              "eligible_players": [
                667621175,
                2246979071
              ]
            },
            {
              "id": 1,
              "amount": 5,
              "eligible_players": [
                667621175
              ]
            },
            {
              "id": 2,
              "amount": 200,
              "eligible_players": [
                667621175,
                2246979071
              ]
            },
            {
              "id": 3,
              "amount": 0,
              "eligible_players": [
                667621175,
                2246979071
              ]
            },
            {
              "id": 4,
              "amount": 20,
              "eligible_players": [
                667621175,
                2246979071
              ]
            }
          ]
        },
        {
          "player": 2246979070,
          "action": "CALL",
          "amount": 20,
          "timestamp": 1757645339203,
          "pot_after_action": 40,
          "side_pots_after_action": [
            {
              "amount": 40,
              "eligible_players": [
                667621175,
                2246979071
              ]
            }
          ],
          "total_pot_after_action": 255,
          "total_side_pots_after_action": [
            {
              "id": 0,
              "amount": 10,
              "eligible_players": [
                667621175,
                2246979071
              ]
            },
            {
              "id": 1,
              "amount": 5,
              "eligible_players": [
                667621175
              ]
            },
            {
              "id": 2,
              "amount": 200,
              "eligible_players": [
                667621175,
                2246979071
              ]
            },
            {
              "id": 3,
              "amount": 0,
              "eligible_players": [
                667621175,
                2246979071
              ]
            },
            {
              "id": 4,
              "amount": 40,
              "eligible_players": [
                667621175,
                2246979071
              ]
            }
          ]
        }
      ],
      "actionTimes": {
        "2246979070": 132,
        "667621174": 92
      }
    }
  },
  "playerNames": {
    "2246979070": "player2246979071",
    "667621174": "player667621175"
  },
  "blinds": {
    "small": 5,
    "big": 10
  },
  "finalBoard": [
    "Qc",
    "7s",
    "5c",
    "4s",
    "As"
  ],
  "sidePots": [
    {
      "amount": 40,
      "eligible_players": [
        667621174,
        2246979070
      ]
    }
  ],
  "playerMoney": {
    "initialAmount": 10000,
    "startingMoney": {
      "2246979071": 10000,
      "667621175": 10000
    },
    "startingDelta": {
      "2246979071": 0,
      "667621175": 0
    },
    "finalDelta": {
      "2246979071": -125,
      "667621175": 125
    },
    "gameScores": {
      "2246979071": -125,
      "667621175": 125
    },
    "finalMoney": {
      "2246979071": 9875,
      "667621175": 10125
    },
    "thisGameDelta": {
      "2246979071": -125,
      "667621175": 125
    }
  },
  "playerHands": {
    "2246979070": [
      "Tc",
      "8s"
    ],
    "667621174": [
      "Qs",
      "9c"
    ]
  },
  "usernameMapping": {
    "default": 2246979071,
    "client_container_6112_test_client_test_z_ai_glm_4.5_iter_3_20250911_194853_iter3": 667621175
  },
  "playerIdToUsername": {
    "2246979071": "default",
    "667621175": "client_container_6112_test_client_test_z_ai_glm_4.5_iter_3_20250911_194853_iter3"
  }
}