{
  "gameId": "f3e7c77a-de96-483a-86d0-64503b736d96",
  "rounds": {
    "0": {
      "pot": 15,
      "bets": {
        "2425157494": 5,
        "2951981401": 10
      },
      "actions": {
        "2425157494": "RAISE",
        "2951981401": "RAISE"
      },
      "action_sequence": [
        {
          "player": 2425157494,
          "action": "RAISE",
          "amount": 5,
          "timestamp": 1758173935164,
          "pot_after_action": 5,
          "side_pots_after_action": [
            {
              "amount": 5,
              "eligible_players": [
                2951981402,
                2425157495
              ]
            }
          ],
          "total_pot_after_action": 5,
          "total_side_pots_after_action": [
            {
              "id": 0,
              "amount": 5,
              "eligible_players": [
                2951981402,
                2425157495
              ]
            }
          ]
        },
        {
          "player": 2951981401,
          "action": "RAISE",
          "amount": 10,
          "timestamp": 1758173935164,
          "pot_after_action": 15,
          "side_pots_after_action": [
            {
              "amount": 10,
              "eligible_players": [
                2951981402,
                2425157495
              ]
            },
            {
              "amount": 5,
              "eligible_players": [
                2951981402
              ]
            }
          ],
          "total_pot_after_action": 15,
          "total_side_pots_after_action": [
            {
              "id": 0,
              "amount": 10,
              "eligible_players": [
                2951981402,
                2425157495
              ]
            },
            {
              "id": 1,
              "amount": 5,
              "eligible_players": [
                2951981402
              ]
            }
          ]
        }
      ],
      "actionTimes": {}
    },
    "1": {
      "pot": 100,
      "bets": {
        "2425157494": 100,
        "2951981401": 0
      },
      "actions": {
        "2425157494": "RAISE",
        "2951981401": "FOLD"
      },
      "action_sequence": [
        {
          "player": 2425157494,
          "action": "RAISE",
          "amount": 100,
          "timestamp": 1758173935168,
          "pot_after_action": 100,
          "side_pots_after_action": [
            {
              "amount": 100,
              "eligible_players": [
                2951981402,
                2425157495
              ]
            }
          ],
          "total_pot_after_action": 115,
          "total_side_pots_after_action": [
            {
              "id": 0,
              "amount": 10,
              "eligible_players": [
                2951981402,
                2425157495
              ]
            },
            {
              "id": 1,
              "amount": 5,
              "eligible_players": [
                2951981402
              ]
            },
            {
              "id": 2,
              "amount": 100,
              "eligible_players": [
                2951981402,
                2425157495
              ]
            }
          ]
        },
        {
          "player": 2951981401,
          "action": "FOLD",
          "amount": 0,
          "timestamp": 1758173935170,
          "pot_after_action": 100,
          "side_pots_after_action": [
            {
              "amount": 100,
              "eligible_players": [
                2951981402,
                2425157495
              ]
            }
          ],
          "total_pot_after_action": 115,
          "total_side_pots_after_action": [
            {
              "id": 0,
              "amount": 10,
              "eligible_players": [
                2951981402,
                2425157495
              ]
            },
            {
              "id": 1,
              "amount": 5,
              "eligible_players": [
                2951981402
              ]
            },
            {
              "id": 2,
              "amount": 100,
              "eligible_players": [
                2951981402,
                2425157495
              ]
            }
          ]
        }
      ],
      "actionTimes": {
        "2425157494": 5,
        "2951981401": 7
      }
    }
  },
  "playerNames": {
    "2425157494": "player2425157495",
    "2951981401": "player2951981402"
  },
  "blinds": {
    "small": 5,
    "big": 10
  },
  "finalBoard": [
    "Kh",
    "7s",
    "3c",
    "9c"
  ],
  "sidePots": [
    {
      "amount": 0,
      "eligible_players": [
        2425157494
      ]
    }
  ],
  "playerMoney": {
    "initialAmount": 10000,
    "startingMoney": {
      "2425157495": 10000,
      "2951981402": 10000
    },
    "startingDelta": {
      "2425157495": 0,
      "2951981402": 0
    },
    "finalDelta": {
      "2425157495": 10,
      "2951981402": -10
    },
    "gameScores": {
      "2425157495": 10,
      "2951981402": -10
    },
    "finalMoney": {
      "2425157495": 10010,
      "2951981402": 9990
    },
    "thisGameDelta": {
      "2425157495": 10,
      "2951981402": -10
    }
  },
  "playerHands": {
    "2425157494": [
      "2c",
      "2h"
    ],
    "2951981401": [
      "5h",
      "Jh"
    ]
  },
  "usernameMapping": {
    "default": 2425157495,
    "client_container_6650_test_client_test_openai_o3_pro_iter_4_20250917_223849_iter4": 2951981402
  },
  "playerIdToUsername": {
    "2425157495": "default",
    "2951981402": "client_container_6650_test_client_test_openai_o3_pro_iter_4_20250917_223849_iter4"
  }
}