{
  "gameId": "6d9b861b-b05b-495b-8dba-d351f0e977a8",
  "rounds": {
    "0": {
      "pot": 15,
      "bets": {
        "2374242513": 5,
        "866239938": 10
      },
      "actions": {
        "2374242513": "RAISE",
        "866239938": "RAISE"
      },
      "action_sequence": [
        {
          "player": 2374242513,
          "action": "RAISE",
          "amount": 5,
          "timestamp": 1756796205913,
          "pot_after_action": 5,
          "side_pots_after_action": [
            {
              "amount": 5,
              "eligible_players": [
                2374242514,
                866239939
              ]
            }
          ],
          "total_pot_after_action": 5,
          "total_side_pots_after_action": [
            {
              "id": 0,
              "amount": 5,
              "eligible_players": [
                2374242514,
                866239939
              ]
            }
          ]
        },
        {
          "player": 866239938,
          "action": "RAISE",
          "amount": 10,
          "timestamp": 1756796205913,
          "pot_after_action": 15,
          "side_pots_after_action": [
            {
              "amount": 10,
              "eligible_players": [
                2374242514,
                866239939
              ]
            },
            {
              "amount": 5,
              "eligible_players": [
                866239939
              ]
            }
          ],
          "total_pot_after_action": 15,
          "total_side_pots_after_action": [
            {
              "id": 0,
              "amount": 10,
              "eligible_players": [
                2374242514,
                866239939
              ]
            },
            {
              "id": 1,
              "amount": 5,
              "eligible_players": [
                866239939
              ]
            }
          ]
        }
      ],
      "actionTimes": {}
    },
    "1": {
      "pot": 100,
      "bets": {
        "2374242513": 100,
        "866239938": 0
      },
      "actions": {
        "2374242513": "RAISE",
        "866239938": "FOLD"
      },
      "action_sequence": [
        {
          "player": 2374242513,
          "action": "RAISE",
          "amount": 100,
          "timestamp": 1756796205955,
          "pot_after_action": 100,
          "side_pots_after_action": [
            {
              "amount": 100,
              "eligible_players": [
                2374242514,
                866239939
              ]
            }
          ],
          "total_pot_after_action": 115,
          "total_side_pots_after_action": [
            {
              "id": 0,
              "amount": 10,
              "eligible_players": [
                2374242514,
                866239939
              ]
            },
            {
              "id": 1,
              "amount": 5,
              "eligible_players": [
                866239939
              ]
            },
            {
              "id": 2,
              "amount": 100,
              "eligible_players": [
                2374242514,
                866239939
              ]
            }
          ]
        },
        {
          "player": 866239938,
          "action": "FOLD",
          "amount": 0,
          "timestamp": 1756796205956,
          "pot_after_action": 100,
          "side_pots_after_action": [
            {
              "amount": 100,
              "eligible_players": [
                2374242514,
                866239939
              ]
            }
          ],
          "total_pot_after_action": 115,
          "total_side_pots_after_action": [
            {
              "id": 0,
              "amount": 10,
              "eligible_players": [
                2374242514,
                866239939
              ]
            },
            {
              "id": 1,
              "amount": 5,
              "eligible_players": [
                866239939
              ]
            },
            {
              "id": 2,
              "amount": 100,
              "eligible_players": [
                2374242514,
                866239939
              ]
            }
          ]
        }
      ],
      "actionTimes": {
        "2374242513": 42,
        "866239938": 43
      }
    }
  },
  "playerNames": {
    "2374242513": "player2374242514",
    "866239938": "player866239939"
  },
  "blinds": {
    "small": 5,
    "big": 10
  },
  "finalBoard": [
    "Ac",
    "Ts",
    "Qs",
    "2s"
  ],
  "sidePots": [
    {
      "amount": 0,
      "eligible_players": [
        2374242513
      ]
    }
  ],
  "playerMoney": {
    "initialAmount": 10000,
    "startingMoney": {
      "2374242514": 10015,
      "866239939": 9985
    },
    "startingDelta": {
      "2374242514": 15,
      "866239939": -15
    },
    "finalDelta": {
      "2374242514": 25,
      "866239939": -25
    },
    "gameScores": {
      "2374242514": 10,
      "866239939": -10
    },
    "finalMoney": {
      "2374242514": 10025,
      "866239939": 9975
    },
    "thisGameDelta": {
      "2374242514": 10,
      "866239939": -10
    }
  },
  "playerHands": {
    "2374242513": [
      "Qd",
      "Qc"
    ],
    "866239938": [
      "Ks",
      "2c"
    ]
  },
  "usernameMapping": {
    "default": 2374242514,
    "client_container_6931_test_client_test_z_ai_glm_4.5_iter_1_20250901_235639_iter1": 866239939
  },
  "playerIdToUsername": {
    "2374242514": "default",
    "866239939": "client_container_6931_test_client_test_z_ai_glm_4.5_iter_1_20250901_235639_iter1"
  }
}