{
  "gameId": "53d8c8f0-aa0c-4ec8-82ab-cc23a42073f2",
  "rounds": {
    "0": {
      "pot": 15,
      "bets": {
        "1186799704": 10,
        "1632368817": 5
      },
      "actions": {
        "1632368817": "RAISE",
        "1186799704": "RAISE"
      },
      "action_sequence": [
        {
          "player": 1632368817,
          "action": "RAISE",
          "amount": 5,
          "timestamp": 1756712691366,
          "pot_after_action": 5,
          "side_pots_after_action": [
            {
              "amount": 5,
              "eligible_players": [
                1186799705,
                1632368818
              ]
            }
          ],
          "total_pot_after_action": 5,
          "total_side_pots_after_action": [
            {
              "id": 0,
              "amount": 5,
              "eligible_players": [
                1186799705,
                1632368818
              ]
            }
          ]
        },
        {
          "player": 1186799704,
          "action": "RAISE",
          "amount": 10,
          "timestamp": 1756712691366,
          "pot_after_action": 15,
          "side_pots_after_action": [
            {
              "amount": 10,
              "eligible_players": [
                1186799705,
                1632368818
              ]
            },
            {
              "amount": 5,
              "eligible_players": [
                1186799705
              ]
            }
          ],
          "total_pot_after_action": 15,
          "total_side_pots_after_action": [
            {
              "id": 0,
              "amount": 10,
              "eligible_players": [
                1186799705,
                1632368818
              ]
            },
            {
              "id": 1,
              "amount": 5,
              "eligible_players": [
                1186799705
              ]
            }
          ]
        }
      ],
      "actionTimes": {}
    },
    "1": {
      "pot": 200,
      "bets": {
        "1186799704": 100,
        "1632368817": 100
      },
      "actions": {
        "1632368817": "CALL",
        "1186799704": "RAISE"
      },
      "action_sequence": [
        {
          "player": 1632368817,
          "action": "CALL",
          "amount": 0,
          "timestamp": 1756712691408,
          "pot_after_action": 0,
          "side_pots_after_action": [
            {
              "amount": 0,
              "eligible_players": [
                1186799705,
                1632368818
              ]
            }
          ],
          "total_pot_after_action": 15,
          "total_side_pots_after_action": [
            {
              "id": 0,
              "amount": 10,
              "eligible_players": [
                1186799705,
                1632368818
              ]
            },
            {
              "id": 1,
              "amount": 5,
              "eligible_players": [
                1186799705
              ]
            },
            {
              "id": 2,
              "amount": 0,
              "eligible_players": [
                1186799705,
                1632368818
              ]
            }
          ]
        },
        {
          "player": 1186799704,
          "action": "RAISE",
          "amount": 100,
          "timestamp": 1756712691409,
          "pot_after_action": 100,
          "side_pots_after_action": [
            {
              "amount": 100,
              "eligible_players": [
                1186799705,
                1632368818
              ]
            }
          ],
          "total_pot_after_action": 115,
          "total_side_pots_after_action": [
            {
              "id": 0,
              "amount": 10,
              "eligible_players": [
                1186799705,
                1632368818
              ]
            },
            {
              "id": 1,
              "amount": 5,
              "eligible_players": [
                1186799705
              ]
            },
            {
              "id": 2,
              "amount": 100,
              "eligible_players": [
                1186799705,
                1632368818
              ]
            }
          ]
        },
        {
          "player": 1632368817,
          "action": "CALL",
          "amount": 100,
          "timestamp": 1756712691452,
          "pot_after_action": 200,
          "side_pots_after_action": [
            {
              "amount": 200,
              "eligible_players": [
                1186799705,
                1632368818
              ]
            }
          ],
          "total_pot_after_action": 215,
          "total_side_pots_after_action": [
            {
              "id": 0,
              "amount": 10,
              "eligible_players": [
                1186799705,
                1632368818
              ]
            },
            {
              "id": 1,
              "amount": 5,
              "eligible_players": [
                1186799705
              ]
            },
            {
              "id": 2,
              "amount": 200,
              "eligible_players": [
                1186799705,
                1632368818
              ]
            }
          ]
        }
      ],
      "actionTimes": {
        "1632368817": 87,
        "1186799704": 44
      }
    },
    "2": {
      "pot": 0,
      "bets": {
        "1186799704": 0,
        "1632368817": 0
      },
      "actions": {
        "1632368817": "CALL",
        "1186799704": "CHECK"
      },
      "action_sequence": [
        {
          "player": 1632368817,
          "action": "CALL",
          "amount": 0,
          "timestamp": 1756712691498,
          "pot_after_action": 0,
          "side_pots_after_action": [
            {
              "amount": 0,
              "eligible_players": [
                1186799705,
                1632368818
              ]
            }
          ],
          "total_pot_after_action": 215,
          "total_side_pots_after_action": [
            {
              "id": 0,
              "amount": 10,
              "eligible_players": [
                1186799705,
                1632368818
              ]
            },
            {
              "id": 1,
              "amount": 5,
              "eligible_players": [
                1186799705
              ]
            },
            {
              "id": 2,
              "amount": 200,
              "eligible_players": [
                1186799705,
                1632368818
              ]
            },
            {
              "id": 3,
              "amount": 0,
              "eligible_players": [
                1186799705,
                1632368818
              ]
            }
          ]
        },
        {
          "player": 1186799704,
          "action": "CHECK",
          "amount": 0,
          "timestamp": 1756712691499,
          "pot_after_action": 0,
          "side_pots_after_action": [
            {
              "amount": 0,
              "eligible_players": [
                1186799705,
                1632368818
              ]
            }
          ],
          "total_pot_after_action": 215,
          "total_side_pots_after_action": [
            {
              "id": 0,
              "amount": 10,
              "eligible_players": [
                1186799705,
                1632368818
              ]
            },
            {
              "id": 1,
              "amount": 5,
              "eligible_players": [
                1186799705
              ]
            },
            {
              "id": 2,
              "amount": 200,
              "eligible_players": [
                1186799705,
                1632368818
              ]
            },
            {
              "id": 3,
              "amount": 0,
              "eligible_players": [
                1186799705,
                1632368818
              ]
            }
          ]
        }
      ],
      "actionTimes": {
        "1632368817": 133,
        "1186799704": 134
      }
    },
    "3": {
      "pot": 0,
      "bets": {
        "1186799704": 0,
        "1632368817": 0
      },
      "actions": {
        "1632368817": "CALL",
        "1186799704": "CHECK"
      },
      "action_sequence": [
        {
          "player": 1632368817,
          "action": "CALL",
          "amount": 0,
          "timestamp": 1756712691544,
          "pot_after_action": 0,
          "side_pots_after_action": [
            {
              "amount": 0,
              "eligible_players": [
                1186799705,
                1632368818
              ]
            }
          ],
          "total_pot_after_action": 215,
          "total_side_pots_after_action": [
            {
              "id": 0,
              "amount": 10,
              "eligible_players": [
                1186799705,
                1632368818
              ]
            },
            {
              "id": 1,
              "amount": 5,
              "eligible_players": [
                1186799705
              ]
            },
            {
              "id": 2,
              "amount": 200,
              "eligible_players": [
                1186799705,
                1632368818
              ]
            },
            {
              "id": 3,
              "amount": 0,
              "eligible_players": [
                1186799705,
                1632368818
              ]
            },
            {
              "id": 4,
              "amount": 0,
              "eligible_players": [
                1186799705,
                1632368818
              ]
            }
          ]
        },
        {
          "player": 1186799704,
          "action": "CHECK",
          "amount": 0,
          "timestamp": 1756712691546,
          "pot_after_action": 0,
          "side_pots_after_action": [
            {
              "amount": 0,
              "eligible_players": [
                1186799705,
                1632368818
              ]
            }
          ],
          "total_pot_after_action": 215,
          "total_side_pots_after_action": [
            {
              "id": 0,
              "amount": 10,
              "eligible_players": [
                1186799705,
                1632368818
              ]
            },
            {
              "id": 1,
              "amount": 5,
              "eligible_players": [
                1186799705
              ]
            },
            {
              "id": 2,
              "amount": 200,
              "eligible_players": [
                1186799705,
                1632368818
              ]
            },
            {
              "id": 3,
              "amount": 0,
              "eligible_players": [
                1186799705,
                1632368818
              ]
            },
            {
              "id": 4,
              "amount": 0,
              "eligible_players": [
                1186799705,
                1632368818
              ]
            }
          ]
        }
      ],
      "actionTimes": {
        "1632368817": 179,
        "1186799704": 181
      }
    }
  },
  "playerNames": {
    "1186799704": "player1186799705",
    "1632368817": "player1632368818"
  },
  "blinds": {
    "small": 5,
    "big": 10
  },
  "finalBoard": [
    "6h",
    "3h",
    "8c",
    "9c",
    "Th"
  ],
  "sidePots": [
    {
      "amount": 0,
      "eligible_players": [
        1186799704,
        1632368817
      ]
    }
  ],
  "playerMoney": {
    "initialAmount": 10000,
    "startingMoney": {
      "1186799705": 9815,
      "1632368818": 10185
    },
    "startingDelta": {
      "1186799705": -185,
      "1632368818": 185
    },
    "finalDelta": {
      "1186799705": -290,
      "1632368818": 290
    },
    "gameScores": {
      "1186799705": -105,
      "1632368818": 105
    },
    "finalMoney": {
      "1186799705": 9710,
      "1632368818": 10290
    },
    "thisGameDelta": {
      "1186799705": -105,
      "1632368818": 105
    }
  },
  "playerHands": {
    "1186799704": [
      "8s",
      "Qc"
    ],
    "1632368817": [
      "8h",
      "As"
    ]
  },
  "usernameMapping": {
    "default": 1186799705,
    "client_container_6702_test_client_test_moonshotai_kimi_k2_iter_5_20250901_004444_iter5": 1632368818
  },
  "playerIdToUsername": {
    "1186799705": "default",
    "1632368818": "client_container_6702_test_client_test_moonshotai_kimi_k2_iter_5_20250901_004444_iter5"
  }
}