{
  "gameId": "53d8c8f0-aa0c-4ec8-82ab-cc23a42073f2",
  "rounds": {
    "0": {
      "pot": 15,
      "bets": {
        "1186799704": 5,
        "1632368817": 10
      },
      "actions": {
        "1186799704": "RAISE",
        "1632368817": "RAISE"
      },
      "action_sequence": [
        {
          "player": 1186799704,
          "action": "RAISE",
          "amount": 5,
          "timestamp": 1756712691018,
          "pot_after_action": 5,
          "side_pots_after_action": [
            {
              "amount": 5,
              "eligible_players": [
                1186799705,
                1632368818
              ]
            }
          ],
          "total_pot_after_action": 5,
          "total_side_pots_after_action": [
            {
              "id": 0,
              "amount": 5,
              "eligible_players": [
                1186799705,
                1632368818
              ]
            }
          ]
        },
        {
          "player": 1632368817,
          "action": "RAISE",
          "amount": 10,
          "timestamp": 1756712691018,
          "pot_after_action": 15,
          "side_pots_after_action": [
            {
              "amount": 10,
              "eligible_players": [
                1186799705,
                1632368818
              ]
            },
            {
              "amount": 5,
              "eligible_players": [
                1632368818
              ]
            }
          ],
          "total_pot_after_action": 15,
          "total_side_pots_after_action": [
            {
              "id": 0,
              "amount": 10,
              "eligible_players": [
                1186799705,
                1632368818
              ]
            },
            {
              "id": 1,
              "amount": 5,
              "eligible_players": [
                1632368818
              ]
            }
          ]
        }
      ],
      "actionTimes": {}
    },
    "1": {
      "pot": 100,
      "bets": {
        "1186799704": 100,
        "1632368817": 0
      },
      "actions": {
        "1186799704": "RAISE",
        "1632368817": "FOLD"
      },
      "action_sequence": [
        {
          "player": 1186799704,
          "action": "RAISE",
          "amount": 100,
          "timestamp": 1756712691021,
          "pot_after_action": 100,
          "side_pots_after_action": [
            {
              "amount": 100,
              "eligible_players": [
                1186799705,
                1632368818
              ]
            }
          ],
          "total_pot_after_action": 115,
          "total_side_pots_after_action": [
            {
              "id": 0,
              "amount": 10,
              "eligible_players": [
                1186799705,
                1632368818
              ]
            },
            {
              "id": 1,
              "amount": 5,
              "eligible_players": [
                1632368818
              ]
            },
            {
              "id": 2,
              "amount": 100,
              "eligible_players": [
                1186799705,
                1632368818
              ]
            }
          ]
        },
        {
          "player": 1632368817,
          "action": "FOLD",
          "amount": 0,
          "timestamp": 1756712691060,
          "pot_after_action": 100,
          "side_pots_after_action": [
            {
              "amount": 100,
              "eligible_players": [
                1186799705,
                1632368818
              ]
            }
          ],
          "total_pot_after_action": 115,
          "total_side_pots_after_action": [
            {
              "id": 0,
              "amount": 10,
              "eligible_players": [
                1186799705,
                1632368818
              ]
            },
            {
              "id": 1,
              "amount": 5,
              "eligible_players": [
                1632368818
              ]
            },
            {
              "id": 2,
              "amount": 100,
              "eligible_players": [
                1186799705,
                1632368818
              ]
            }
          ]
        }
      ],
      "actionTimes": {
        "1186799704": 3,
        "1632368817": 42
      }
    }
  },
  "playerNames": {
    "1186799704": "player1186799705",
    "1632368817": "player1632368818"
  },
  "blinds": {
    "small": 5,
    "big": 10
  },
  "finalBoard": [
    "Jh",
    "6s",
    "7s",
    "Qd"
  ],
  "sidePots": [
    {
      "amount": 0,
      "eligible_players": [
        1186799704
      ]
    }
  ],
  "playerMoney": {
    "initialAmount": 10000,
    "startingMoney": {
      "1186799705": 10015,
      "1632368818": 9985
    },
    "startingDelta": {
      "1186799705": 15,
      "1632368818": -15
    },
    "finalDelta": {
      "1186799705": 25,
      "1632368818": -25
    },
    "gameScores": {
      "1186799705": 10,
      "1632368818": -10
    },
    "finalMoney": {
      "1186799705": 10025,
      "1632368818": 9975
    },
    "thisGameDelta": {
      "1186799705": 10,
      "1632368818": -10
    }
  },
  "playerHands": {
    "1186799704": [
      "Ac",
      "3d"
    ],
    "1632368817": [
      "8s",
      "2d"
    ]
  },
  "usernameMapping": {
    "default": 1186799705,
    "client_container_6702_test_client_test_moonshotai_kimi_k2_iter_5_20250901_004444_iter5": 1632368818
  },
  "playerIdToUsername": {
    "1186799705": "default",
    "1632368818": "client_container_6702_test_client_test_moonshotai_kimi_k2_iter_5_20250901_004444_iter5"
  }
}