{
  "gameId": "53d8c8f0-aa0c-4ec8-82ab-cc23a42073f2",
  "rounds": {
    "0": {
      "pot": 15,
      "bets": {
        "1186799704": 5,
        "1632368817": 10
      },
      "actions": {
        "1186799704": "RAISE",
        "1632368817": "RAISE"
      },
      "action_sequence": [
        {
          "player": 1186799704,
          "action": "RAISE",
          "amount": 5,
          "timestamp": 1756712691221,
          "pot_after_action": 5,
          "side_pots_after_action": [
            {
              "amount": 5,
              "eligible_players": [
                1186799705,
                1632368818
              ]
            }
          ],
          "total_pot_after_action": 5,
          "total_side_pots_after_action": [
            {
              "id": 0,
              "amount": 5,
              "eligible_players": [
                1186799705,
                1632368818
              ]
            }
          ]
        },
        {
          "player": 1632368817,
          "action": "RAISE",
          "amount": 10,
          "timestamp": 1756712691221,
          "pot_after_action": 15,
          "side_pots_after_action": [
            {
              "amount": 10,
              "eligible_players": [
                1186799705,
                1632368818
              ]
            },
            {
              "amount": 5,
              "eligible_players": [
                1632368818
              ]
            }
          ],
          "total_pot_after_action": 15,
          "total_side_pots_after_action": [
            {
              "id": 0,
              "amount": 10,
              "eligible_players": [
                1186799705,
                1632368818
              ]
            },
            {
              "id": 1,
              "amount": 5,
              "eligible_players": [
                1632368818
              ]
            }
          ]
        }
      ],
      "actionTimes": {}
    },
    "1": {
      "pot": 200,
      "bets": {
        "1186799704": 100,
        "1632368817": 100
      },
      "actions": {
        "1186799704": "RAISE",
        "1632368817": "CALL"
      },
      "action_sequence": [
        {
          "player": 1186799704,
          "action": "RAISE",
          "amount": 100,
          "timestamp": 1756712691225,
          "pot_after_action": 100,
          "side_pots_after_action": [
            {
              "amount": 100,
              "eligible_players": [
                1186799705,
                1632368818
              ]
            }
          ],
          "total_pot_after_action": 115,
          "total_side_pots_after_action": [
            {
              "id": 0,
              "amount": 10,
              "eligible_players": [
                1186799705,
                1632368818
              ]
            },
            {
              "id": 1,
              "amount": 5,
              "eligible_players": [
                1632368818
              ]
            },
            {
              "id": 2,
              "amount": 100,
              "eligible_players": [
                1186799705,
                1632368818
              ]
            }
          ]
        },
        {
          "player": 1632368817,
          "action": "CALL",
          "amount": 100,
          "timestamp": 1756712691226,
          "pot_after_action": 200,
          "side_pots_after_action": [
            {
              "amount": 200,
              "eligible_players": [
                1186799705,
                1632368818
              ]
            }
          ],
          "total_pot_after_action": 215,
          "total_side_pots_after_action": [
            {
              "id": 0,
              "amount": 10,
              "eligible_players": [
                1186799705,
                1632368818
              ]
            },
            {
              "id": 1,
              "amount": 5,
              "eligible_players": [
                1632368818
              ]
            },
            {
              "id": 2,
              "amount": 200,
              "eligible_players": [
                1186799705,
                1632368818
              ]
            }
          ]
        }
      ],
      "actionTimes": {
        "1186799704": 4,
        "1632368817": 5
      }
    },
    "2": {
      "pot": 0,
      "bets": {
        "1186799704": 0,
        "1632368817": 0
      },
      "actions": {
        "1186799704": "CHECK",
        "1632368817": "CALL"
      },
      "action_sequence": [
        {
          "player": 1186799704,
          "action": "CHECK",
          "amount": 0,
          "timestamp": 1756712691267,
          "pot_after_action": 0,
          "side_pots_after_action": [
            {
              "amount": 0,
              "eligible_players": [
                1186799705,
                1632368818
              ]
            }
          ],
          "total_pot_after_action": 215,
          "total_side_pots_after_action": [
            {
              "id": 0,
              "amount": 10,
              "eligible_players": [
                1186799705,
                1632368818
              ]
            },
            {
              "id": 1,
              "amount": 5,
              "eligible_players": [
                1632368818
              ]
            },
            {
              "id": 2,
              "amount": 200,
              "eligible_players": [
                1186799705,
                1632368818
              ]
            },
            {
              "id": 3,
              "amount": 0,
              "eligible_players": [
                1186799705,
                1632368818
              ]
            }
          ]
        },
        {
          "player": 1632368817,
          "action": "CALL",
          "amount": 0,
          "timestamp": 1756712691268,
          "pot_after_action": 0,
          "side_pots_after_action": [
            {
              "amount": 0,
              "eligible_players": [
                1186799705,
                1632368818
              ]
            }
          ],
          "total_pot_after_action": 215,
          "total_side_pots_after_action": [
            {
              "id": 0,
              "amount": 10,
              "eligible_players": [
                1186799705,
                1632368818
              ]
            },
            {
              "id": 1,
              "amount": 5,
              "eligible_players": [
                1632368818
              ]
            },
            {
              "id": 2,
              "amount": 200,
              "eligible_players": [
                1186799705,
                1632368818
              ]
            },
            {
              "id": 3,
              "amount": 0,
              "eligible_players": [
                1186799705,
                1632368818
              ]
            }
          ]
        }
      ],
      "actionTimes": {
        "1186799704": 46,
        "1632368817": 47
      }
    },
    "3": {
      "pot": 9970,
      "bets": {
        "1186799704": 0,
        "1632368817": 9970
      },
      "actions": {
        "1186799704": "FOLD",
        "1632368817": "ALL IN"
      },
      "action_sequence": [
        {
          "player": 1186799704,
          "action": "CHECK",
          "amount": 0,
          "timestamp": 1756712691309,
          "pot_after_action": 0,
          "side_pots_after_action": [
            {
              "amount": 0,
              "eligible_players": [
                1186799705,
                1632368818
              ]
            }
          ],
          "total_pot_after_action": 215,
          "total_side_pots_after_action": [
            {
              "id": 0,
              "amount": 10,
              "eligible_players": [
                1186799705,
                1632368818
              ]
            },
            {
              "id": 1,
              "amount": 5,
              "eligible_players": [
                1632368818
              ]
            },
            {
              "id": 2,
              "amount": 200,
              "eligible_players": [
                1186799705,
                1632368818
              ]
            },
            {
              "id": 3,
              "amount": 0,
              "eligible_players": [
                1186799705,
                1632368818
              ]
            },
            {
              "id": 4,
              "amount": 0,
              "eligible_players": [
                1186799705,
                1632368818
              ]
            }
          ]
        },
        {
          "player": 1632368817,
          "action": "ALL IN",
          "amount": 9970,
          "timestamp": 1756712691312,
          "pot_after_action": 9970,
          "side_pots_after_action": [
            {
              "amount": 9970,
              "eligible_players": [
                1186799705,
                1632368818
              ]
            }
          ],
          "total_pot_after_action": 10185,
          "total_side_pots_after_action": [
            {
              "id": 0,
              "amount": 10,
              "eligible_players": [
                1186799705,
                1632368818
              ]
            },
            {
              "id": 1,
              "amount": 5,
              "eligible_players": [
                1632368818
              ]
            },
            {
              "id": 2,
              "amount": 200,
              "eligible_players": [
                1186799705,
                1632368818
              ]
            },
            {
              "id": 3,
              "amount": 0,
              "eligible_players": [
                1186799705,
                1632368818
              ]
            },
            {
              "id": 4,
              "amount": 9970,
              "eligible_players": [
                1186799705,
                1632368818
              ]
            }
          ]
        },
        {
          "player": 1186799704,
          "action": "FOLD",
          "amount": 0,
          "timestamp": 1756712691350,
          "pot_after_action": 9970,
          "side_pots_after_action": [
            {
              "amount": 9970,
              "eligible_players": [
                1186799705,
                1632368818
              ]
            }
          ],
          "total_pot_after_action": 10185,
          "total_side_pots_after_action": [
            {
              "id": 0,
              "amount": 10,
              "eligible_players": [
                1186799705,
                1632368818
              ]
            },
            {
              "id": 1,
              "amount": 5,
              "eligible_players": [
                1632368818
              ]
            },
            {
              "id": 2,
              "amount": 200,
              "eligible_players": [
                1186799705,
                1632368818
              ]
            },
            {
              "id": 3,
              "amount": 0,
              "eligible_players": [
                1186799705,
                1632368818
              ]
            },
            {
              "id": 4,
              "amount": 9970,
              "eligible_players": [
                1186799705,
                1632368818
              ]
            }
          ]
        }
      ],
      "actionTimes": {
        "1186799704": 129,
        "1632368817": 91
      }
    }
  },
  "playerNames": {
    "1186799704": "player1186799705",
    "1632368817": "player1632368818"
  },
  "blinds": {
    "small": 5,
    "big": 10
  },
  "finalBoard": [
    "Qh",
    "5c",
    "Qc",
    "4d",
    "Qd"
  ],
  "sidePots": [
    {
      "amount": 9970,
      "eligible_players": [
        1632368817
      ]
    }
  ],
  "playerMoney": {
    "initialAmount": 10000,
    "startingMoney": {
      "1186799705": 9920,
      "1632368818": 10080
    },
    "startingDelta": {
      "1186799705": -80,
      "1632368818": 80
    },
    "finalDelta": {
      "1186799705": -185,
      "1632368818": 185
    },
    "gameScores": {
      "1186799705": -105,
      "1632368818": 105
    },
    "finalMoney": {
      "1186799705": 9815,
      "1632368818": 10185
    },
    "thisGameDelta": {
      "1186799705": -105,
      "1632368818": 105
    }
  },
  "playerHands": {
    "1186799704": [
      "7d",
      "Js"
    ],
    "1632368817": [
      "4c",
      "Ad"
    ]
  },
  "usernameMapping": {
    "default": 1186799705,
    "client_container_6702_test_client_test_moonshotai_kimi_k2_iter_5_20250901_004444_iter5": 1632368818
  },
  "playerIdToUsername": {
    "1186799705": "default",
    "1632368818": "client_container_6702_test_client_test_moonshotai_kimi_k2_iter_5_20250901_004444_iter5"
  }
}