{
  "gameId": "53d8c8f0-aa0c-4ec8-82ab-cc23a42073f2",
  "rounds": {
    "0": {
      "pot": 15,
      "bets": {
        "1186799704": 10,
        "1632368817": 5
      },
      "actions": {
        "1632368817": "RAISE",
        "1186799704": "RAISE"
      },
      "action_sequence": [
        {
          "player": 1632368817,
          "action": "RAISE",
          "amount": 5,
          "timestamp": 1756712691626,
          "pot_after_action": 5,
          "side_pots_after_action": [
            {
              "amount": 5,
              "eligible_players": [
                1186799705,
                1632368818
              ]
            }
          ],
          "total_pot_after_action": 5,
          "total_side_pots_after_action": [
            {
              "id": 0,
              "amount": 5,
              "eligible_players": [
                1186799705,
                1632368818
              ]
            }
          ]
        },
        {
          "player": 1186799704,
          "action": "RAISE",
          "amount": 10,
          "timestamp": 1756712691626,
          "pot_after_action": 15,
          "side_pots_after_action": [
            {
              "amount": 10,
              "eligible_players": [
                1186799705,
                1632368818
              ]
            },
            {
              "amount": 5,
              "eligible_players": [
                1186799705
              ]
            }
          ],
          "total_pot_after_action": 15,
          "total_side_pots_after_action": [
            {
              "id": 0,
              "amount": 10,
              "eligible_players": [
                1186799705,
                1632368818
              ]
            },
            {
              "id": 1,
              "amount": 5,
              "eligible_players": [
                1186799705
              ]
            }
          ]
        }
      ],
      "actionTimes": {}
    },
    "1": {
      "pot": 10275,
      "bets": {
        "1186799704": 0,
        "1632368817": 10275
      },
      "actions": {
        "1632368817": "ALL IN",
        "1186799704": "FOLD"
      },
      "action_sequence": [
        {
          "player": 1632368817,
          "action": "ALL IN",
          "amount": 10275,
          "timestamp": 1756712691633,
          "pot_after_action": 10275,
          "side_pots_after_action": [
            {
              "amount": 10275,
              "eligible_players": [
                1186799705,
                1632368818
              ]
            }
          ],
          "total_pot_after_action": 10290,
          "total_side_pots_after_action": [
            {
              "id": 0,
              "amount": 10,
              "eligible_players": [
                1186799705,
                1632368818
              ]
            },
            {
              "id": 1,
              "amount": 5,
              "eligible_players": [
                1186799705
              ]
            },
            {
              "id": 2,
              "amount": 10275,
              "eligible_players": [
                1186799705,
                1632368818
              ]
            }
          ]
        },
        {
          "player": 1186799704,
          "action": "FOLD",
          "amount": 0,
          "timestamp": 1756712691634,
          "pot_after_action": 10275,
          "side_pots_after_action": [
            {
              "amount": 10275,
              "eligible_players": [
                1186799705,
                1632368818
              ]
            }
          ],
          "total_pot_after_action": 10290,
          "total_side_pots_after_action": [
            {
              "id": 0,
              "amount": 10,
              "eligible_players": [
                1186799705,
                1632368818
              ]
            },
            {
              "id": 1,
              "amount": 5,
              "eligible_players": [
                1186799705
              ]
            },
            {
              "id": 2,
              "amount": 10275,
              "eligible_players": [
                1186799705,
                1632368818
              ]
            }
          ]
        }
      ],
      "actionTimes": {
        "1632368817": 8,
        "1186799704": 9
      }
    }
  },
  "playerNames": {
    "1186799704": "player1186799705",
    "1632368817": "player1632368818"
  },
  "blinds": {
    "small": 5,
    "big": 10
  },
  "finalBoard": [
    "7s",
    "Ah",
    "8h",
    "Jh"
  ],
  "sidePots": [
    {
      "amount": 0,
      "eligible_players": [
        1632368817
      ]
    }
  ],
  "playerMoney": {
    "initialAmount": 10000,
    "startingMoney": {
      "1186799705": 9720,
      "1632368818": 10280
    },
    "startingDelta": {
      "1186799705": -280,
      "1632368818": 280
    },
    "finalDelta": {
      "1186799705": -290,
      "1632368818": 290
    },
    "gameScores": {
      "1186799705": -10,
      "1632368818": 10
    },
    "finalMoney": {
      "1186799705": 9710,
      "1632368818": 10290
    },
    "thisGameDelta": {
      "1186799705": -10,
      "1632368818": 10
    }
  },
  "playerHands": {
    "1186799704": [
      "6h",
      "6d"
    ],
    "1632368817": [
      "7h",
      "Ad"
    ]
  },
  "usernameMapping": {
    "default": 1186799705,
    "client_container_6702_test_client_test_moonshotai_kimi_k2_iter_5_20250901_004444_iter5": 1632368818
  },
  "playerIdToUsername": {
    "1186799705": "default",
    "1632368818": "client_container_6702_test_client_test_moonshotai_kimi_k2_iter_5_20250901_004444_iter5"
  }
}