{
  "gameId": "53d8c8f0-aa0c-4ec8-82ab-cc23a42073f2",
  "rounds": {
    "0": {
      "pot": 15,
      "bets": {
        "1186799704": 10,
        "1632368817": 5
      },
      "actions": {
        "1632368817": "RAISE",
        "1186799704": "RAISE"
      },
      "action_sequence": [
        {
          "player": 1632368817,
          "action": "RAISE",
          "amount": 5,
          "timestamp": 1756712691706,
          "pot_after_action": 5,
          "side_pots_after_action": [
            {
              "amount": 5,
              "eligible_players": [
                1186799705,
                1632368818
              ]
            }
          ],
          "total_pot_after_action": 5,
          "total_side_pots_after_action": [
            {
              "id": 0,
              "amount": 5,
              "eligible_players": [
                1186799705,
                1632368818
              ]
            }
          ]
        },
        {
          "player": 1186799704,
          "action": "RAISE",
          "amount": 10,
          "timestamp": 1756712691706,
          "pot_after_action": 15,
          "side_pots_after_action": [
            {
              "amount": 10,
              "eligible_players": [
                1186799705,
                1632368818
              ]
            },
            {
              "amount": 5,
              "eligible_players": [
                1186799705
              ]
            }
          ],
          "total_pot_after_action": 15,
          "total_side_pots_after_action": [
            {
              "id": 0,
              "amount": 10,
              "eligible_players": [
                1186799705,
                1632368818
              ]
            },
            {
              "id": 1,
              "amount": 5,
              "eligible_players": [
                1186799705
              ]
            }
          ]
        }
      ],
      "actionTimes": {}
    },
    "1": {
      "pot": 200,
      "bets": {
        "1186799704": 100,
        "1632368817": 100
      },
      "actions": {
        "1632368817": "CALL",
        "1186799704": "RAISE"
      },
      "action_sequence": [
        {
          "player": 1632368817,
          "action": "CALL",
          "amount": 0,
          "timestamp": 1756712691713,
          "pot_after_action": 0,
          "side_pots_after_action": [
            {
              "amount": 0,
              "eligible_players": [
                1186799705,
                1632368818
              ]
            }
          ],
          "total_pot_after_action": 15,
          "total_side_pots_after_action": [
            {
              "id": 0,
              "amount": 10,
              "eligible_players": [
                1186799705,
                1632368818
              ]
            },
            {
              "id": 1,
              "amount": 5,
              "eligible_players": [
                1186799705
              ]
            },
            {
              "id": 2,
              "amount": 0,
              "eligible_players": [
                1186799705,
                1632368818
              ]
            }
          ]
        },
        {
          "player": 1186799704,
          "action": "RAISE",
          "amount": 100,
          "timestamp": 1756712691713,
          "pot_after_action": 100,
          "side_pots_after_action": [
            {
              "amount": 100,
              "eligible_players": [
                1186799705,
                1632368818
              ]
            }
          ],
          "total_pot_after_action": 115,
          "total_side_pots_after_action": [
            {
              "id": 0,
              "amount": 10,
              "eligible_players": [
                1186799705,
                1632368818
              ]
            },
            {
              "id": 1,
              "amount": 5,
              "eligible_players": [
                1186799705
              ]
            },
            {
              "id": 2,
              "amount": 100,
              "eligible_players": [
                1186799705,
                1632368818
              ]
            }
          ]
        },
        {
          "player": 1632368817,
          "action": "CALL",
          "amount": 100,
          "timestamp": 1756712691756,
          "pot_after_action": 200,
          "side_pots_after_action": [
            {
              "amount": 200,
              "eligible_players": [
                1186799705,
                1632368818
              ]
            }
          ],
          "total_pot_after_action": 215,
          "total_side_pots_after_action": [
            {
              "id": 0,
              "amount": 10,
              "eligible_players": [
                1186799705,
                1632368818
              ]
            },
            {
              "id": 1,
              "amount": 5,
              "eligible_players": [
                1186799705
              ]
            },
            {
              "id": 2,
              "amount": 200,
              "eligible_players": [
                1186799705,
                1632368818
              ]
            }
          ]
        }
      ],
      "actionTimes": {
        "1632368817": 50,
        "1186799704": 7
      }
    },
    "2": {
      "pot": 0,
      "bets": {
        "1186799704": 0,
        "1632368817": 0
      },
      "actions": {
        "1632368817": "CALL",
        "1186799704": "CHECK"
      },
      "action_sequence": [
        {
          "player": 1632368817,
          "action": "CALL",
          "amount": 0,
          "timestamp": 1756712691801,
          "pot_after_action": 0,
          "side_pots_after_action": [
            {
              "amount": 0,
              "eligible_players": [
                1186799705,
                1632368818
              ]
            }
          ],
          "total_pot_after_action": 215,
          "total_side_pots_after_action": [
            {
              "id": 0,
              "amount": 10,
              "eligible_players": [
                1186799705,
                1632368818
              ]
            },
            {
              "id": 1,
              "amount": 5,
              "eligible_players": [
                1186799705
              ]
            },
            {
              "id": 2,
              "amount": 200,
              "eligible_players": [
                1186799705,
                1632368818
              ]
            },
            {
              "id": 3,
              "amount": 0,
              "eligible_players": [
                1186799705,
                1632368818
              ]
            }
          ]
        },
        {
          "player": 1186799704,
          "action": "CHECK",
          "amount": 0,
          "timestamp": 1756712691804,
          "pot_after_action": 0,
          "side_pots_after_action": [
            {
              "amount": 0,
              "eligible_players": [
                1186799705,
                1632368818
              ]
            }
          ],
          "total_pot_after_action": 215,
          "total_side_pots_after_action": [
            {
              "id": 0,
              "amount": 10,
              "eligible_players": [
                1186799705,
                1632368818
              ]
            },
            {
              "id": 1,
              "amount": 5,
              "eligible_players": [
                1186799705
              ]
            },
            {
              "id": 2,
              "amount": 200,
              "eligible_players": [
                1186799705,
                1632368818
              ]
            },
            {
              "id": 3,
              "amount": 0,
              "eligible_players": [
                1186799705,
                1632368818
              ]
            }
          ]
        }
      ],
      "actionTimes": {
        "1632368817": 95,
        "1186799704": 98
      }
    },
    "3": {
      "pot": 0,
      "bets": {
        "1186799704": 0,
        "1632368817": 0
      },
      "actions": {
        "1632368817": "CALL",
        "1186799704": "CHECK"
      },
      "action_sequence": [
        {
          "player": 1632368817,
          "action": "CALL",
          "amount": 0,
          "timestamp": 1756712691849,
          "pot_after_action": 0,
          "side_pots_after_action": [
            {
              "amount": 0,
              "eligible_players": [
                1186799705,
                1632368818
              ]
            }
          ],
          "total_pot_after_action": 215,
          "total_side_pots_after_action": [
            {
              "id": 0,
              "amount": 10,
              "eligible_players": [
                1186799705,
                1632368818
              ]
            },
            {
              "id": 1,
              "amount": 5,
              "eligible_players": [
                1186799705
              ]
            },
            {
              "id": 2,
              "amount": 200,
              "eligible_players": [
                1186799705,
                1632368818
              ]
            },
            {
              "id": 3,
              "amount": 0,
              "eligible_players": [
                1186799705,
                1632368818
              ]
            },
            {
              "id": 4,
              "amount": 0,
              "eligible_players": [
                1186799705,
                1632368818
              ]
            }
          ]
        },
        {
          "player": 1186799704,
          "action": "CHECK",
          "amount": 0,
          "timestamp": 1756712691850,
          "pot_after_action": 0,
          "side_pots_after_action": [
            {
              "amount": 0,
              "eligible_players": [
                1186799705,
                1632368818
              ]
            }
          ],
          "total_pot_after_action": 215,
          "total_side_pots_after_action": [
            {
              "id": 0,
              "amount": 10,
              "eligible_players": [
                1186799705,
                1632368818
              ]
            },
            {
              "id": 1,
              "amount": 5,
              "eligible_players": [
                1186799705
              ]
            },
            {
              "id": 2,
              "amount": 200,
              "eligible_players": [
                1186799705,
                1632368818
              ]
            },
            {
              "id": 3,
              "amount": 0,
              "eligible_players": [
                1186799705,
                1632368818
              ]
            },
            {
              "id": 4,
              "amount": 0,
              "eligible_players": [
                1186799705,
                1632368818
              ]
            }
          ]
        }
      ],
      "actionTimes": {
        "1632368817": 143,
        "1186799704": 144
      }
    }
  },
  "playerNames": {
    "1186799704": "player1186799705",
    "1632368817": "player1632368818"
  },
  "blinds": {
    "small": 5,
    "big": 10
  },
  "finalBoard": [
    "Qs",
    "Ah",
    "7h",
    "Jc",
    "Ks"
  ],
  "sidePots": [
    {
      "amount": 0,
      "eligible_players": [
        1186799704,
        1632368817
      ]
    }
  ],
  "playerMoney": {
    "initialAmount": 10000,
    "startingMoney": {
      "1186799705": 9720,
      "1632368818": 10280
    },
    "startingDelta": {
      "1186799705": -280,
      "1632368818": 280
    },
    "finalDelta": {
      "1186799705": -385,
      "1632368818": 385
    },
    "gameScores": {
      "1186799705": -105,
      "1632368818": 105
    },
    "finalMoney": {
      "1186799705": 9615,
      "1632368818": 10385
    },
    "thisGameDelta": {
      "1186799705": -105,
      "1632368818": 105
    }
  },
  "playerHands": {
    "1186799704": [
      "4h",
      "5d"
    ],
    "1632368817": [
      "2c",
      "2d"
    ]
  },
  "usernameMapping": {
    "default": 1186799705,
    "client_container_6702_test_client_test_moonshotai_kimi_k2_iter_5_20250901_004444_iter5": 1632368818
  },
  "playerIdToUsername": {
    "1186799705": "default",
    "1632368818": "client_container_6702_test_client_test_moonshotai_kimi_k2_iter_5_20250901_004444_iter5"
  }
}