{
  "gameId": "f3225b16-7ebb-433e-a975-ffe8dfab2545",
  "rounds": {
    "0": {
      "pot": 15,
      "bets": {
        "1489309881": 5,
        "683683027": 10
      },
      "actions": {
        "1489309881": "RAISE",
        "683683027": "RAISE"
      },
      "action_sequence": [
        {
          "player": 1489309881,
          "action": "RAISE",
          "amount": 5,
          "timestamp": 1757871518487,
          "pot_after_action": 5,
          "side_pots_after_action": [
            {
              "amount": 5,
              "eligible_players": [
                1489309882,
                683683028
              ]
            }
          ],
          "total_pot_after_action": 5,
          "total_side_pots_after_action": [
            {
              "id": 0,
              "amount": 5,
              "eligible_players": [
                1489309882,
                683683028
              ]
            }
          ]
        },
        {
          "player": 683683027,
          "action": "RAISE",
          "amount": 10,
          "timestamp": 1757871518487,
          "pot_after_action": 15,
          "side_pots_after_action": [
            {
              "amount": 10,
              "eligible_players": [
                1489309882,
                683683028
              ]
            },
            {
              "amount": 5,
              "eligible_players": [
                683683028
              ]
            }
          ],
          "total_pot_after_action": 15,
          "total_side_pots_after_action": [
            {
              "id": 0,
              "amount": 10,
              "eligible_players": [
                1489309882,
                683683028
              ]
            },
            {
              "id": 1,
              "amount": 5,
              "eligible_players": [
                683683028
              ]
            }
          ]
        }
      ],
      "actionTimes": {}
    },
    "1": {
      "pot": 100,
      "bets": {
        "1489309881": 100,
        "683683027": 0
      },
      "actions": {
        "1489309881": "RAISE",
        "683683027": "FOLD"
      },
      "action_sequence": [
        {
          "player": 1489309881,
          "action": "RAISE",
          "amount": 100,
          "timestamp": 1757871518491,
          "pot_after_action": 100,
          "side_pots_after_action": [
            {
              "amount": 100,
              "eligible_players": [
                1489309882,
                683683028
              ]
            }
          ],
          "total_pot_after_action": 115,
          "total_side_pots_after_action": [
            {
              "id": 0,
              "amount": 10,
              "eligible_players": [
                1489309882,
                683683028
              ]
            },
            {
              "id": 1,
              "amount": 5,
              "eligible_players": [
                683683028
              ]
            },
            {
              "id": 2,
              "amount": 100,
              "eligible_players": [
                1489309882,
                683683028
              ]
            }
          ]
        },
        {
          "player": 683683027,
          "action": "FOLD",
          "amount": 0,
          "timestamp": 1757871518493,
          "pot_after_action": 100,
          "side_pots_after_action": [
            {
              "amount": 100,
              "eligible_players": [
                1489309882,
                683683028
              ]
            }
          ],
          "total_pot_after_action": 115,
          "total_side_pots_after_action": [
            {
              "id": 0,
              "amount": 10,
              "eligible_players": [
                1489309882,
                683683028
              ]
            },
            {
              "id": 1,
              "amount": 5,
              "eligible_players": [
                683683028
              ]
            },
            {
              "id": 2,
              "amount": 100,
              "eligible_players": [
                1489309882,
                683683028
              ]
            }
          ]
        }
      ],
      "actionTimes": {
        "1489309881": 5,
        "683683027": 7
      }
    }
  },
  "playerNames": {
    "1489309881": "player1489309882",
    "683683027": "player683683028"
  },
  "blinds": {
    "small": 5,
    "big": 10
  },
  "finalBoard": [
    "Td",
    "Kh",
    "Ac",
    "7c"
  ],
  "sidePots": [
    {
      "amount": 0,
      "eligible_players": [
        1489309881
      ]
    }
  ],
  "playerMoney": {
    "initialAmount": 10000,
    "startingMoney": {
      "1489309882": 10000,
      "683683028": 10000
    },
    "startingDelta": {
      "1489309882": 0,
      "683683028": 0
    },
    "finalDelta": {
      "1489309882": 10,
      "683683028": -10
    },
    "gameScores": {
      "1489309882": 10,
      "683683028": -10
    },
    "finalMoney": {
      "1489309882": 10010,
      "683683028": 9990
    },
    "thisGameDelta": {
      "1489309882": 10,
      "683683028": -10
    }
  },
  "playerHands": {
    "1489309881": [
      "Ts",
      "3c"
    ],
    "683683027": [
      "7s",
      "9c"
    ]
  },
  "usernameMapping": {
    "default": 1489309882,
    "client_container_5468_test_client_test_moonshotai_kimi_k2_iter_1_20250914_133832_iter1": 683683028
  },
  "playerIdToUsername": {
    "1489309882": "default",
    "683683028": "client_container_5468_test_client_test_moonshotai_kimi_k2_iter_1_20250914_133832_iter1"
  }
}