{
  "gameId": "f3225b16-7ebb-433e-a975-ffe8dfab2545",
  "rounds": {
    "0": {
      "pot": 15,
      "bets": {
        "1489309881": 10,
        "683683027": 5
      },
      "actions": {
        "683683027": "RAISE",
        "1489309881": "RAISE"
      },
      "action_sequence": [
        {
          "player": 683683027,
          "action": "RAISE",
          "amount": 5,
          "timestamp": 1757871518506,
          "pot_after_action": 5,
          "side_pots_after_action": [
            {
              "amount": 5,
              "eligible_players": [
                1489309882,
                683683028
              ]
            }
          ],
          "total_pot_after_action": 5,
          "total_side_pots_after_action": [
            {
              "id": 0,
              "amount": 5,
              "eligible_players": [
                1489309882,
                683683028
              ]
            }
          ]
        },
        {
          "player": 1489309881,
          "action": "RAISE",
          "amount": 10,
          "timestamp": 1757871518506,
          "pot_after_action": 15,
          "side_pots_after_action": [
            {
              "amount": 10,
              "eligible_players": [
                1489309882,
                683683028
              ]
            },
            {
              "amount": 5,
              "eligible_players": [
                1489309882
              ]
            }
          ],
          "total_pot_after_action": 15,
          "total_side_pots_after_action": [
            {
              "id": 0,
              "amount": 10,
              "eligible_players": [
                1489309882,
                683683028
              ]
            },
            {
              "id": 1,
              "amount": 5,
              "eligible_players": [
                1489309882
              ]
            }
          ]
        }
      ],
      "actionTimes": {}
    },
    "1": {
      "pot": 200,
      "bets": {
        "1489309881": 100,
        "683683027": 100
      },
      "actions": {
        "683683027": "CALL",
        "1489309881": "RAISE"
      },
      "action_sequence": [
        {
          "player": 683683027,
          "action": "CHECK",
          "amount": 0,
          "timestamp": 1757871518548,
          "pot_after_action": 0,
          "side_pots_after_action": [
            {
              "amount": 0,
              "eligible_players": [
                1489309882,
                683683028
              ]
            }
          ],
          "total_pot_after_action": 15,
          "total_side_pots_after_action": [
            {
              "id": 0,
              "amount": 10,
              "eligible_players": [
                1489309882,
                683683028
              ]
            },
            {
              "id": 1,
              "amount": 5,
              "eligible_players": [
                1489309882
              ]
            },
            {
              "id": 2,
              "amount": 0,
              "eligible_players": [
                1489309882,
                683683028
              ]
            }
          ]
        },
        {
          "player": 1489309881,
          "action": "RAISE",
          "amount": 100,
          "timestamp": 1757871518548,
          "pot_after_action": 100,
          "side_pots_after_action": [
            {
              "amount": 100,
              "eligible_players": [
                1489309882,
                683683028
              ]
            }
          ],
          "total_pot_after_action": 115,
          "total_side_pots_after_action": [
            {
              "id": 0,
              "amount": 10,
              "eligible_players": [
                1489309882,
                683683028
              ]
            },
            {
              "id": 1,
              "amount": 5,
              "eligible_players": [
                1489309882
              ]
            },
            {
              "id": 2,
              "amount": 100,
              "eligible_players": [
                1489309882,
                683683028
              ]
            }
          ]
        },
        {
          "player": 683683027,
          "action": "CALL",
          "amount": 100,
          "timestamp": 1757871518591,
          "pot_after_action": 200,
          "side_pots_after_action": [
            {
              "amount": 200,
              "eligible_players": [
                1489309882,
                683683028
              ]
            }
          ],
          "total_pot_after_action": 215,
          "total_side_pots_after_action": [
            {
              "id": 0,
              "amount": 10,
              "eligible_players": [
                1489309882,
                683683028
              ]
            },
            {
              "id": 1,
              "amount": 5,
              "eligible_players": [
                1489309882
              ]
            },
            {
              "id": 2,
              "amount": 200,
              "eligible_players": [
                1489309882,
                683683028
              ]
            }
          ]
        }
      ],
      "actionTimes": {
        "683683027": 85,
        "1489309881": 42
      }
    },
    "2": {
      "pot": 0,
      "bets": {
        "1489309881": 0,
        "683683027": 0
      },
      "actions": {
        "683683027": "CHECK",
        "1489309881": "CHECK"
      },
      "action_sequence": [
        {
          "player": 683683027,
          "action": "CHECK",
          "amount": 0,
          "timestamp": 1757871518634,
          "pot_after_action": 0,
          "side_pots_after_action": [
            {
              "amount": 0,
              "eligible_players": [
                1489309882,
                683683028
              ]
            }
          ],
          "total_pot_after_action": 215,
          "total_side_pots_after_action": [
            {
              "id": 0,
              "amount": 10,
              "eligible_players": [
                1489309882,
                683683028
              ]
            },
            {
              "id": 1,
              "amount": 5,
              "eligible_players": [
                1489309882
              ]
            },
            {
              "id": 2,
              "amount": 200,
              "eligible_players": [
                1489309882,
                683683028
              ]
            },
            {
              "id": 3,
              "amount": 0,
              "eligible_players": [
                1489309882,
                683683028
              ]
            }
          ]
        },
        {
          "player": 1489309881,
          "action": "CHECK",
          "amount": 0,
          "timestamp": 1757871518635,
          "pot_after_action": 0,
          "side_pots_after_action": [
            {
              "amount": 0,
              "eligible_players": [
                1489309882,
                683683028
              ]
            }
          ],
          "total_pot_after_action": 215,
          "total_side_pots_after_action": [
            {
              "id": 0,
              "amount": 10,
              "eligible_players": [
                1489309882,
                683683028
              ]
            },
            {
              "id": 1,
              "amount": 5,
              "eligible_players": [
                1489309882
              ]
            },
            {
              "id": 2,
              "amount": 200,
              "eligible_players": [
                1489309882,
                683683028
              ]
            },
            {
              "id": 3,
              "amount": 0,
              "eligible_players": [
                1489309882,
                683683028
              ]
            }
          ]
        }
      ],
      "actionTimes": {
        "683683027": 128,
        "1489309881": 129
      }
    },
    "3": {
      "pot": 0,
      "bets": {
        "1489309881": 0,
        "683683027": 0
      },
      "actions": {
        "683683027": "CHECK",
        "1489309881": "CHECK"
      },
      "action_sequence": [
        {
          "player": 683683027,
          "action": "CHECK",
          "amount": 0,
          "timestamp": 1757871518636,
          "pot_after_action": 0,
          "side_pots_after_action": [
            {
              "amount": 0,
              "eligible_players": [
                1489309882,
                683683028
              ]
            }
          ],
          "total_pot_after_action": 215,
          "total_side_pots_after_action": [
            {
              "id": 0,
              "amount": 10,
              "eligible_players": [
                1489309882,
                683683028
              ]
            },
            {
              "id": 1,
              "amount": 5,
              "eligible_players": [
                1489309882
              ]
            },
            {
              "id": 2,
              "amount": 200,
              "eligible_players": [
                1489309882,
                683683028
              ]
            },
            {
              "id": 3,
              "amount": 0,
              "eligible_players": [
                1489309882,
                683683028
              ]
            },
            {
              "id": 4,
              "amount": 0,
              "eligible_players": [
                1489309882,
                683683028
              ]
            }
          ]
        },
        {
          "player": 1489309881,
          "action": "CHECK",
          "amount": 0,
          "timestamp": 1757871518678,
          "pot_after_action": 0,
          "side_pots_after_action": [
            {
              "amount": 0,
              "eligible_players": [
                1489309882,
                683683028
              ]
            }
          ],
          "total_pot_after_action": 215,
          "total_side_pots_after_action": [
            {
              "id": 0,
              "amount": 10,
              "eligible_players": [
                1489309882,
                683683028
              ]
            },
            {
              "id": 1,
              "amount": 5,
              "eligible_players": [
                1489309882
              ]
            },
            {
              "id": 2,
              "amount": 200,
              "eligible_players": [
                1489309882,
                683683028
              ]
            },
            {
              "id": 3,
              "amount": 0,
              "eligible_players": [
                1489309882,
                683683028
              ]
            },
            {
              "id": 4,
              "amount": 0,
              "eligible_players": [
                1489309882,
                683683028
              ]
            }
          ]
        }
      ],
      "actionTimes": {
        "683683027": 130,
        "1489309881": 172
      }
    }
  },
  "playerNames": {
    "1489309881": "player1489309882",
    "683683027": "player683683028"
  },
  "blinds": {
    "small": 5,
    "big": 10
  },
  "finalBoard": [
    "Kh",
    "4d",
    "Jh",
    "Qd",
    "6c"
  ],
  "sidePots": [
    {
      "amount": 0,
      "eligible_players": [
        1489309881,
        683683027
      ]
    }
  ],
  "playerMoney": {
    "initialAmount": 10000,
    "startingMoney": {
      "1489309882": 10010,
      "683683028": 9990
    },
    "startingDelta": {
      "1489309882": 10,
      "683683028": -10
    },
    "finalDelta": {
      "1489309882": 115,
      "683683028": -115
    },
    "gameScores": {
      "1489309882": 105,
      "683683028": -105
    },
    "finalMoney": {
      "1489309882": 10115,
      "683683028": 9885
    },
    "thisGameDelta": {
      "1489309882": 105,
      "683683028": -105
    }
  },
  "playerHands": {
    "1489309881": [
      "8h",
      "Qs"
    ],
    "683683027": [
      "9c",
      "4s"
    ]
  },
  "usernameMapping": {
    "default": 1489309882,
    "client_container_5468_test_client_test_moonshotai_kimi_k2_iter_1_20250914_133832_iter1": 683683028
  },
  "playerIdToUsername": {
    "1489309882": "default",
    "683683028": "client_container_5468_test_client_test_moonshotai_kimi_k2_iter_1_20250914_133832_iter1"
  }
}