{
  "gameId": "892a07e8-bf96-440c-be6c-6f52e35d90b6",
  "rounds": {
    "0": {
      "pot": 15,
      "bets": {
        "786849304": 5,
        "1781754836": 10
      },
      "actions": {
        "786849304": "RAISE",
        "1781754836": "RAISE"
      },
      "action_sequence": [
        {
          "player": 786849304,
          "action": "RAISE",
          "amount": 5,
          "timestamp": 1757870520051,
          "pot_after_action": 5,
          "side_pots_after_action": [
            {
              "amount": 5,
              "eligible_players": [
                786849305,
                1781754837
              ]
            }
          ],
          "total_pot_after_action": 5,
          "total_side_pots_after_action": [
            {
              "id": 0,
              "amount": 5,
              "eligible_players": [
                786849305,
                1781754837
              ]
            }
          ]
        },
        {
          "player": 1781754836,
          "action": "RAISE",
          "amount": 10,
          "timestamp": 1757870520051,
          "pot_after_action": 15,
          "side_pots_after_action": [
            {
              "amount": 10,
              "eligible_players": [
                786849305,
                1781754837
              ]
            },
            {
              "amount": 5,
              "eligible_players": [
                1781754837
              ]
            }
          ],
          "total_pot_after_action": 15,
          "total_side_pots_after_action": [
            {
              "id": 0,
              "amount": 10,
              "eligible_players": [
                786849305,
                1781754837
              ]
            },
            {
              "id": 1,
              "amount": 5,
              "eligible_players": [
                1781754837
              ]
            }
          ]
        }
      ],
      "actionTimes": {}
    },
    "1": {
      "pot": 100,
      "bets": {
        "786849304": 100,
        "1781754836": 0
      },
      "actions": {
        "786849304": "RAISE",
        "1781754836": "FOLD"
      },
      "action_sequence": [
        {
          "player": 786849304,
          "action": "RAISE",
          "amount": 100,
          "timestamp": 1757870520054,
          "pot_after_action": 100,
          "side_pots_after_action": [
            {
              "amount": 100,
              "eligible_players": [
                786849305,
                1781754837
              ]
            }
          ],
          "total_pot_after_action": 115,
          "total_side_pots_after_action": [
            {
              "id": 0,
              "amount": 10,
              "eligible_players": [
                786849305,
                1781754837
              ]
            },
            {
              "id": 1,
              "amount": 5,
              "eligible_players": [
                1781754837
              ]
            },
            {
              "id": 2,
              "amount": 100,
              "eligible_players": [
                786849305,
                1781754837
              ]
            }
          ]
        },
        {
          "player": 1781754836,
          "action": "FOLD",
          "amount": 0,
          "timestamp": 1757870520094,
          "pot_after_action": 100,
          "side_pots_after_action": [
            {
              "amount": 100,
              "eligible_players": [
                786849305,
                1781754837
              ]
            }
          ],
          "total_pot_after_action": 115,
          "total_side_pots_after_action": [
            {
              "id": 0,
              "amount": 10,
              "eligible_players": [
                786849305,
                1781754837
              ]
            },
            {
              "id": 1,
              "amount": 5,
              "eligible_players": [
                1781754837
              ]
            },
            {
              "id": 2,
              "amount": 100,
              "eligible_players": [
                786849305,
                1781754837
              ]
            }
          ]
        }
      ],
      "actionTimes": {
        "786849304": 3,
        "1781754836": 43
      }
    }
  },
  "playerNames": {
    "786849304": "player786849305",
    "1781754836": "player1781754837"
  },
  "blinds": {
    "small": 5,
    "big": 10
  },
  "finalBoard": [
    "6c",
    "Th",
    "Jh",
    "5d"
  ],
  "sidePots": [
    {
      "amount": 0,
      "eligible_players": [
        786849304
      ]
    }
  ],
  "playerMoney": {
    "initialAmount": 10000,
    "startingMoney": {
      "786849305": 10015,
      "1781754837": 9985
    },
    "startingDelta": {
      "786849305": 15,
      "1781754837": -15
    },
    "finalDelta": {
      "786849305": 25,
      "1781754837": -25
    },
    "gameScores": {
      "786849305": 10,
      "1781754837": -10
    },
    "finalMoney": {
      "786849305": 10025,
      "1781754837": 9975
    },
    "thisGameDelta": {
      "786849305": 10,
      "1781754837": -10
    }
  },
  "playerHands": {
    "786849304": [
      "8s",
      "8c"
    ],
    "1781754836": [
      "Kh",
      "Qs"
    ]
  },
  "usernameMapping": {
    "default": 786849305,
    "client_container_6933_test_client_test_x_ai_grok_4_iter_1_20250914_132153_iter1": 1781754837
  },
  "playerIdToUsername": {
    "786849305": "default",
    "1781754837": "client_container_6933_test_client_test_x_ai_grok_4_iter_1_20250914_132153_iter1"
  }
}