{
  "gameId": "892a07e8-bf96-440c-be6c-6f52e35d90b6",
  "rounds": {
    "0": {
      "pot": 15,
      "bets": {
        "786849304": 10,
        "1781754836": 5
      },
      "actions": {
        "1781754836": "RAISE",
        "786849304": "RAISE"
      },
      "action_sequence": [
        {
          "player": 1781754836,
          "action": "RAISE",
          "amount": 5,
          "timestamp": 1757870520340,
          "pot_after_action": 5,
          "side_pots_after_action": [
            {
              "amount": 5,
              "eligible_players": [
                786849305,
                1781754837
              ]
            }
          ],
          "total_pot_after_action": 5,
          "total_side_pots_after_action": [
            {
              "id": 0,
              "amount": 5,
              "eligible_players": [
                786849305,
                1781754837
              ]
            }
          ]
        },
        {
          "player": 786849304,
          "action": "RAISE",
          "amount": 10,
          "timestamp": 1757870520340,
          "pot_after_action": 15,
          "side_pots_after_action": [
            {
              "amount": 10,
              "eligible_players": [
                786849305,
                1781754837
              ]
            },
            {
              "amount": 5,
              "eligible_players": [
                786849305
              ]
            }
          ],
          "total_pot_after_action": 15,
          "total_side_pots_after_action": [
            {
              "id": 0,
              "amount": 10,
              "eligible_players": [
                786849305,
                1781754837
              ]
            },
            {
              "id": 1,
              "amount": 5,
              "eligible_players": [
                786849305
              ]
            }
          ]
        }
      ],
      "actionTimes": {}
    },
    "1": {
      "pot": 100,
      "bets": {
        "786849304": 100,
        "1781754836": 0
      },
      "actions": {
        "1781754836": "FOLD",
        "786849304": "RAISE"
      },
      "action_sequence": [
        {
          "player": 1781754836,
          "action": "CHECK",
          "amount": 0,
          "timestamp": 1757870520344,
          "pot_after_action": 0,
          "side_pots_after_action": [
            {
              "amount": 0,
              "eligible_players": [
                786849305,
                1781754837
              ]
            }
          ],
          "total_pot_after_action": 15,
          "total_side_pots_after_action": [
            {
              "id": 0,
              "amount": 10,
              "eligible_players": [
                786849305,
                1781754837
              ]
            },
            {
              "id": 1,
              "amount": 5,
              "eligible_players": [
                786849305
              ]
            },
            {
              "id": 2,
              "amount": 0,
              "eligible_players": [
                786849305,
                1781754837
              ]
            }
          ]
        },
        {
          "player": 786849304,
          "action": "RAISE",
          "amount": 100,
          "timestamp": 1757870520344,
          "pot_after_action": 100,
          "side_pots_after_action": [
            {
              "amount": 100,
              "eligible_players": [
                786849305,
                1781754837
              ]
            }
          ],
          "total_pot_after_action": 115,
          "total_side_pots_after_action": [
            {
              "id": 0,
              "amount": 10,
              "eligible_players": [
                786849305,
                1781754837
              ]
            },
            {
              "id": 1,
              "amount": 5,
              "eligible_players": [
                786849305
              ]
            },
            {
              "id": 2,
              "amount": 100,
              "eligible_players": [
                786849305,
                1781754837
              ]
            }
          ]
        },
        {
          "player": 1781754836,
          "action": "FOLD",
          "amount": 0,
          "timestamp": 1757870520384,
          "pot_after_action": 100,
          "side_pots_after_action": [
            {
              "amount": 100,
              "eligible_players": [
                786849305,
                1781754837
              ]
            }
          ],
          "total_pot_after_action": 115,
          "total_side_pots_after_action": [
            {
              "id": 0,
              "amount": 10,
              "eligible_players": [
                786849305,
                1781754837
              ]
            },
            {
              "id": 1,
              "amount": 5,
              "eligible_players": [
                786849305
              ]
            },
            {
              "id": 2,
              "amount": 100,
              "eligible_players": [
                786849305,
                1781754837
              ]
            }
          ]
        }
      ],
      "actionTimes": {
        "1781754836": 44,
        "786849304": 4
      }
    }
  },
  "playerNames": {
    "786849304": "player786849305",
    "1781754836": "player1781754837"
  },
  "blinds": {
    "small": 5,
    "big": 10
  },
  "finalBoard": [
    "7h",
    "6c",
    "Qd",
    "Qc"
  ],
  "sidePots": [
    {
      "amount": 0,
      "eligible_players": [
        786849304
      ]
    }
  ],
  "playerMoney": {
    "initialAmount": 10000,
    "startingMoney": {
      "786849305": 10055,
      "1781754837": 9945
    },
    "startingDelta": {
      "786849305": 55,
      "1781754837": -55
    },
    "finalDelta": {
      "786849305": 60,
      "1781754837": -60
    },
    "gameScores": {
      "786849305": 5,
      "1781754837": -5
    },
    "finalMoney": {
      "786849305": 10060,
      "1781754837": 9940
    },
    "thisGameDelta": {
      "786849305": 5,
      "1781754837": -5
    }
  },
  "playerHands": {
    "786849304": [
      "4h",
      "Qs"
    ],
    "1781754836": [
      "9c",
      "9d"
    ]
  },
  "usernameMapping": {
    "default": 786849305,
    "client_container_6933_test_client_test_x_ai_grok_4_iter_1_20250914_132153_iter1": 1781754837
  },
  "playerIdToUsername": {
    "786849305": "default",
    "1781754837": "client_container_6933_test_client_test_x_ai_grok_4_iter_1_20250914_132153_iter1"
  }
}