{
  "gameId": "da7248af-6114-4535-ae07-d8b5876168a3",
  "rounds": {
    "0": {
      "pot": 15,
      "bets": {
        "245109623": 5,
        "1329024078": 10
      },
      "actions": {
        "245109623": "RAISE",
        "1329024078": "RAISE"
      },
      "action_sequence": [
        {
          "player": 245109623,
          "action": "RAISE",
          "amount": 5,
          "timestamp": 1756958942072,
          "pot_after_action": 5,
          "side_pots_after_action": [
            {
              "amount": 5,
              "eligible_players": [
                245109624,
                1329024079
              ]
            }
          ],
          "total_pot_after_action": 5,
          "total_side_pots_after_action": [
            {
              "id": 0,
              "amount": 5,
              "eligible_players": [
                245109624,
                1329024079
              ]
            }
          ]
        },
        {
          "player": 1329024078,
          "action": "RAISE",
          "amount": 10,
          "timestamp": 1756958942072,
          "pot_after_action": 15,
          "side_pots_after_action": [
            {
              "amount": 10,
              "eligible_players": [
                245109624,
                1329024079
              ]
            },
            {
              "amount": 5,
              "eligible_players": [
                1329024079
              ]
            }
          ],
          "total_pot_after_action": 15,
          "total_side_pots_after_action": [
            {
              "id": 0,
              "amount": 10,
              "eligible_players": [
                245109624,
                1329024079
              ]
            },
            {
              "id": 1,
              "amount": 5,
              "eligible_players": [
                1329024079
              ]
            }
          ]
        }
      ],
      "actionTimes": {}
    },
    "1": {
      "pot": 100,
      "bets": {
        "245109623": 100,
        "1329024078": 0
      },
      "actions": {
        "245109623": "RAISE",
        "1329024078": "FOLD"
      },
      "action_sequence": [
        {
          "player": 245109623,
          "action": "RAISE",
          "amount": 100,
          "timestamp": 1756958942075,
          "pot_after_action": 100,
          "side_pots_after_action": [
            {
              "amount": 100,
              "eligible_players": [
                245109624,
                1329024079
              ]
            }
          ],
          "total_pot_after_action": 115,
          "total_side_pots_after_action": [
            {
              "id": 0,
              "amount": 10,
              "eligible_players": [
                245109624,
                1329024079
              ]
            },
            {
              "id": 1,
              "amount": 5,
              "eligible_players": [
                1329024079
              ]
            },
            {
              "id": 2,
              "amount": 100,
              "eligible_players": [
                245109624,
                1329024079
              ]
            }
          ]
        },
        {
          "player": 1329024078,
          "action": "FOLD",
          "amount": 0,
          "timestamp": 1756958942117,
          "pot_after_action": 100,
          "side_pots_after_action": [
            {
              "amount": 100,
              "eligible_players": [
                245109624,
                1329024079
              ]
            }
          ],
          "total_pot_after_action": 115,
          "total_side_pots_after_action": [
            {
              "id": 0,
              "amount": 10,
              "eligible_players": [
                245109624,
                1329024079
              ]
            },
            {
              "id": 1,
              "amount": 5,
              "eligible_players": [
                1329024079
              ]
            },
            {
              "id": 2,
              "amount": 100,
              "eligible_players": [
                245109624,
                1329024079
              ]
            }
          ]
        }
      ],
      "actionTimes": {
        "245109623": 3,
        "1329024078": 45
      }
    }
  },
  "playerNames": {
    "245109623": "player245109624",
    "1329024078": "player1329024079"
  },
  "blinds": {
    "small": 5,
    "big": 10
  },
  "finalBoard": [
    "Ks",
    "2s",
    "3h",
    "Jh"
  ],
  "sidePots": [
    {
      "amount": 0,
      "eligible_players": [
        245109623
      ]
    }
  ],
  "playerMoney": {
    "initialAmount": 10000,
    "startingMoney": {
      "245109624": 10030,
      "1329024079": 9970
    },
    "startingDelta": {
      "245109624": 30,
      "1329024079": -30
    },
    "finalDelta": {
      "245109624": 40,
      "1329024079": -40
    },
    "gameScores": {
      "245109624": 10,
      "1329024079": -10
    },
    "finalMoney": {
      "245109624": 10040,
      "1329024079": 9960
    },
    "thisGameDelta": {
      "245109624": 10,
      "1329024079": -10
    }
  },
  "playerHands": {
    "245109623": [
      "Qh",
      "Jc"
    ],
    "1329024078": [
      "3c",
      "6d"
    ]
  },
  "usernameMapping": {
    "default": 245109624,
    "client_container_6334_test_client_test_openai_o3_pro_iter_2_20250903_210855_iter2": 1329024079
  },
  "playerIdToUsername": {
    "245109624": "default",
    "1329024079": "client_container_6334_test_client_test_openai_o3_pro_iter_2_20250903_210855_iter2"
  }
}