{
  "gameId": "53e940e2-4d5d-4e2f-be7d-933ab1c5fe92",
  "rounds": {
    "0": {
      "pot": 15,
      "bets": {
        "1693360216": 5,
        "272233705": 10
      },
      "actions": {
        "1693360216": "RAISE",
        "272233705": "RAISE"
      },
      "action_sequence": [
        {
          "player": 1693360216,
          "action": "RAISE",
          "amount": 5,
          "timestamp": 1758146463116,
          "pot_after_action": 5,
          "side_pots_after_action": [
            {
              "amount": 5,
              "eligible_players": [
                1693360217,
                272233706
              ]
            }
          ],
          "total_pot_after_action": 5,
          "total_side_pots_after_action": [
            {
              "id": 0,
              "amount": 5,
              "eligible_players": [
                1693360217,
                272233706
              ]
            }
          ]
        },
        {
          "player": 272233705,
          "action": "RAISE",
          "amount": 10,
          "timestamp": 1758146463116,
          "pot_after_action": 15,
          "side_pots_after_action": [
            {
              "amount": 10,
              "eligible_players": [
                1693360217,
                272233706
              ]
            },
            {
              "amount": 5,
              "eligible_players": [
                272233706
              ]
            }
          ],
          "total_pot_after_action": 15,
          "total_side_pots_after_action": [
            {
              "id": 0,
              "amount": 10,
              "eligible_players": [
                1693360217,
                272233706
              ]
            },
            {
              "id": 1,
              "amount": 5,
              "eligible_players": [
                272233706
              ]
            }
          ]
        }
      ],
      "actionTimes": {}
    },
    "1": {
      "pot": 100,
      "bets": {
        "1693360216": 100,
        "272233705": 0
      },
      "actions": {
        "1693360216": "RAISE",
        "272233705": "FOLD"
      },
      "action_sequence": [
        {
          "player": 1693360216,
          "action": "RAISE",
          "amount": 100,
          "timestamp": 1758146463118,
          "pot_after_action": 100,
          "side_pots_after_action": [
            {
              "amount": 100,
              "eligible_players": [
                1693360217,
                272233706
              ]
            }
          ],
          "total_pot_after_action": 115,
          "total_side_pots_after_action": [
            {
              "id": 0,
              "amount": 10,
              "eligible_players": [
                1693360217,
                272233706
              ]
            },
            {
              "id": 1,
              "amount": 5,
              "eligible_players": [
                272233706
              ]
            },
            {
              "id": 2,
              "amount": 100,
              "eligible_players": [
                1693360217,
                272233706
              ]
            }
          ]
        },
        {
          "player": 272233705,
          "action": "FOLD",
          "amount": 0,
          "timestamp": 1758146463158,
          "pot_after_action": 100,
          "side_pots_after_action": [
            {
              "amount": 100,
              "eligible_players": [
                1693360217,
                272233706
              ]
            }
          ],
          "total_pot_after_action": 115,
          "total_side_pots_after_action": [
            {
              "id": 0,
              "amount": 10,
              "eligible_players": [
                1693360217,
                272233706
              ]
            },
            {
              "id": 1,
              "amount": 5,
              "eligible_players": [
                272233706
              ]
            },
            {
              "id": 2,
              "amount": 100,
              "eligible_players": [
                1693360217,
                272233706
              ]
            }
          ]
        }
      ],
      "actionTimes": {
        "1693360216": 2,
        "272233705": 42
      }
    }
  },
  "playerNames": {
    "1693360216": "player1693360217",
    "272233705": "player272233706"
  },
  "blinds": {
    "small": 5,
    "big": 10
  },
  "finalBoard": [
    "Qc",
    "2d",
    "7h",
    "As"
  ],
  "sidePots": [
    {
      "amount": 0,
      "eligible_players": [
        1693360216
      ]
    }
  ],
  "playerMoney": {
    "initialAmount": 10000,
    "startingMoney": {
      "1693360217": 10015,
      "272233706": 9985
    },
    "startingDelta": {
      "1693360217": 15,
      "272233706": -15
    },
    "finalDelta": {
      "1693360217": 25,
      "272233706": -25
    },
    "gameScores": {
      "1693360217": 10,
      "272233706": -10
    },
    "finalMoney": {
      "1693360217": 10025,
      "272233706": 9975
    },
    "thisGameDelta": {
      "1693360217": 10,
      "272233706": -10
    }
  },
  "playerHands": {
    "1693360216": [
      "Td",
      "Kc"
    ],
    "272233705": [
      "2c",
      "2s"
    ]
  },
  "usernameMapping": {
    "default": 1693360217,
    "client_container_5352_test_client_test_deepseek_deepseek_r1_0528_iter_3_20250917_150056_iter3": 272233706
  },
  "playerIdToUsername": {
    "1693360217": "default",
    "272233706": "client_container_5352_test_client_test_deepseek_deepseek_r1_0528_iter_3_20250917_150056_iter3"
  }
}