{
  "gameId": "53e940e2-4d5d-4e2f-be7d-933ab1c5fe92",
  "rounds": {
    "0": {
      "pot": 15,
      "bets": {
        "1693360216": 10,
        "272233705": 5
      },
      "actions": {
        "272233705": "RAISE",
        "1693360216": "RAISE"
      },
      "action_sequence": [
        {
          "player": 272233705,
          "action": "RAISE",
          "amount": 5,
          "timestamp": 1758146463482,
          "pot_after_action": 5,
          "side_pots_after_action": [
            {
              "amount": 5,
              "eligible_players": [
                1693360217,
                272233706
              ]
            }
          ],
          "total_pot_after_action": 5,
          "total_side_pots_after_action": [
            {
              "id": 0,
              "amount": 5,
              "eligible_players": [
                1693360217,
                272233706
              ]
            }
          ]
        },
        {
          "player": 1693360216,
          "action": "RAISE",
          "amount": 10,
          "timestamp": 1758146463482,
          "pot_after_action": 15,
          "side_pots_after_action": [
            {
              "amount": 10,
              "eligible_players": [
                1693360217,
                272233706
              ]
            },
            {
              "amount": 5,
              "eligible_players": [
                1693360217
              ]
            }
          ],
          "total_pot_after_action": 15,
          "total_side_pots_after_action": [
            {
              "id": 0,
              "amount": 10,
              "eligible_players": [
                1693360217,
                272233706
              ]
            },
            {
              "id": 1,
              "amount": 5,
              "eligible_players": [
                1693360217
              ]
            }
          ]
        }
      ],
      "actionTimes": {}
    },
    "1": {
      "pot": 100,
      "bets": {
        "1693360216": 100,
        "272233705": 0
      },
      "actions": {
        "272233705": "FOLD",
        "1693360216": "RAISE"
      },
      "action_sequence": [
        {
          "player": 272233705,
          "action": "CHECK",
          "amount": 0,
          "timestamp": 1758146463488,
          "pot_after_action": 0,
          "side_pots_after_action": [
            {
              "amount": 0,
              "eligible_players": [
                1693360217,
                272233706
              ]
            }
          ],
          "total_pot_after_action": 15,
          "total_side_pots_after_action": [
            {
              "id": 0,
              "amount": 10,
              "eligible_players": [
                1693360217,
                272233706
              ]
            },
            {
              "id": 1,
              "amount": 5,
              "eligible_players": [
                1693360217
              ]
            },
            {
              "id": 2,
              "amount": 0,
              "eligible_players": [
                1693360217,
                272233706
              ]
            }
          ]
        },
        {
          "player": 1693360216,
          "action": "RAISE",
          "amount": 100,
          "timestamp": 1758146463489,
          "pot_after_action": 100,
          "side_pots_after_action": [
            {
              "amount": 100,
              "eligible_players": [
                1693360217,
                272233706
              ]
            }
          ],
          "total_pot_after_action": 115,
          "total_side_pots_after_action": [
            {
              "id": 0,
              "amount": 10,
              "eligible_players": [
                1693360217,
                272233706
              ]
            },
            {
              "id": 1,
              "amount": 5,
              "eligible_players": [
                1693360217
              ]
            },
            {
              "id": 2,
              "amount": 100,
              "eligible_players": [
                1693360217,
                272233706
              ]
            }
          ]
        },
        {
          "player": 272233705,
          "action": "FOLD",
          "amount": 0,
          "timestamp": 1758146463531,
          "pot_after_action": 100,
          "side_pots_after_action": [
            {
              "amount": 100,
              "eligible_players": [
                1693360217,
                272233706
              ]
            }
          ],
          "total_pot_after_action": 115,
          "total_side_pots_after_action": [
            {
              "id": 0,
              "amount": 10,
              "eligible_players": [
                1693360217,
                272233706
              ]
            },
            {
              "id": 1,
              "amount": 5,
              "eligible_players": [
                1693360217
              ]
            },
            {
              "id": 2,
              "amount": 100,
              "eligible_players": [
                1693360217,
                272233706
              ]
            }
          ]
        }
      ],
      "actionTimes": {
        "272233705": 49,
        "1693360216": 7
      }
    }
  },
  "playerNames": {
    "1693360216": "player1693360217",
    "272233705": "player272233706"
  },
  "blinds": {
    "small": 5,
    "big": 10
  },
  "finalBoard": [
    "8c",
    "Tc",
    "6c",
    "3s"
  ],
  "sidePots": [
    {
      "amount": 0,
      "eligible_players": [
        1693360216
      ]
    }
  ],
  "playerMoney": {
    "initialAmount": 10000,
    "startingMoney": {
      "1693360217": 10070,
      "272233706": 9930
    },
    "startingDelta": {
      "1693360217": 70,
      "272233706": -70
    },
    "finalDelta": {
      "1693360217": 75,
      "272233706": -75
    },
    "gameScores": {
      "1693360217": 5,
      "272233706": -5
    },
    "finalMoney": {
      "1693360217": 10075,
      "272233706": 9925
    },
    "thisGameDelta": {
      "1693360217": 5,
      "272233706": -5
    }
  },
  "playerHands": {
    "1693360216": [
      "6h",
      "Kh"
    ],
    "272233705": [
      "Qs",
      "8d"
    ]
  },
  "usernameMapping": {
    "default": 1693360217,
    "client_container_5352_test_client_test_deepseek_deepseek_r1_0528_iter_3_20250917_150056_iter3": 272233706
  },
  "playerIdToUsername": {
    "1693360217": "default",
    "272233706": "client_container_5352_test_client_test_deepseek_deepseek_r1_0528_iter_3_20250917_150056_iter3"
  }
}