{
  "gameId": "a96eb184-bb2f-4771-809e-d2b1462ddd79",
  "rounds": {
    "0": {
      "pot": 15,
      "bets": {
        "3412590265": 5,
        "1824689725": 10
      },
      "actions": {
        "3412590265": "RAISE",
        "1824689725": "RAISE"
      },
      "action_sequence": [
        {
          "player": 3412590265,
          "action": "RAISE",
          "amount": 5,
          "timestamp": 1757693861232,
          "pot_after_action": 5,
          "side_pots_after_action": [
            {
              "amount": 5,
              "eligible_players": [
                3412590266,
                1824689726
              ]
            }
          ],
          "total_pot_after_action": 5,
          "total_side_pots_after_action": [
            {
              "id": 0,
              "amount": 5,
              "eligible_players": [
                3412590266,
                1824689726
              ]
            }
          ]
        },
        {
          "player": 1824689725,
          "action": "RAISE",
          "amount": 10,
          "timestamp": 1757693861232,
          "pot_after_action": 15,
          "side_pots_after_action": [
            {
              "amount": 10,
              "eligible_players": [
                3412590266,
                1824689726
              ]
            },
            {
              "amount": 5,
              "eligible_players": [
                1824689726
              ]
            }
          ],
          "total_pot_after_action": 15,
          "total_side_pots_after_action": [
            {
              "id": 0,
              "amount": 10,
              "eligible_players": [
                3412590266,
                1824689726
              ]
            },
            {
              "id": 1,
              "amount": 5,
              "eligible_players": [
                1824689726
              ]
            }
          ]
        }
      ],
      "actionTimes": {}
    },
    "1": {
      "pot": 100,
      "bets": {
        "3412590265": 100,
        "1824689725": 0
      },
      "actions": {
        "3412590265": "RAISE",
        "1824689725": "FOLD"
      },
      "action_sequence": [
        {
          "player": 3412590265,
          "action": "RAISE",
          "amount": 100,
          "timestamp": 1757693861274,
          "pot_after_action": 100,
          "side_pots_after_action": [
            {
              "amount": 100,
              "eligible_players": [
                3412590266,
                1824689726
              ]
            }
          ],
          "total_pot_after_action": 115,
          "total_side_pots_after_action": [
            {
              "id": 0,
              "amount": 10,
              "eligible_players": [
                3412590266,
                1824689726
              ]
            },
            {
              "id": 1,
              "amount": 5,
              "eligible_players": [
                1824689726
              ]
            },
            {
              "id": 2,
              "amount": 100,
              "eligible_players": [
                3412590266,
                1824689726
              ]
            }
          ]
        },
        {
          "player": 1824689725,
          "action": "FOLD",
          "amount": 0,
          "timestamp": 1757693861275,
          "pot_after_action": 100,
          "side_pots_after_action": [
            {
              "amount": 100,
              "eligible_players": [
                3412590266,
                1824689726
              ]
            }
          ],
          "total_pot_after_action": 115,
          "total_side_pots_after_action": [
            {
              "id": 0,
              "amount": 10,
              "eligible_players": [
                3412590266,
                1824689726
              ]
            },
            {
              "id": 1,
              "amount": 5,
              "eligible_players": [
                1824689726
              ]
            },
            {
              "id": 2,
              "amount": 100,
              "eligible_players": [
                3412590266,
                1824689726
              ]
            }
          ]
        }
      ],
      "actionTimes": {
        "3412590265": 42,
        "1824689725": 43
      }
    }
  },
  "playerNames": {
    "3412590265": "player3412590266",
    "1824689725": "player1824689726"
  },
  "blinds": {
    "small": 5,
    "big": 10
  },
  "finalBoard": [
    "5d",
    "4h",
    "Ah",
    "Qh"
  ],
  "sidePots": [
    {
      "amount": 0,
      "eligible_players": [
        3412590265
      ]
    }
  ],
  "playerMoney": {
    "initialAmount": 10000,
    "startingMoney": {
      "3412590266": 10015,
      "1824689726": 9985
    },
    "startingDelta": {
      "3412590266": 15,
      "1824689726": -15
    },
    "finalDelta": {
      "3412590266": 25,
      "1824689726": -25
    },
    "gameScores": {
      "3412590266": 10,
      "1824689726": -10
    },
    "finalMoney": {
      "3412590266": 10025,
      "1824689726": 9975
    },
    "thisGameDelta": {
      "3412590266": 10,
      "1824689726": -10
    }
  },
  "playerHands": {
    "3412590265": [
      "6h",
      "3d"
    ],
    "1824689725": [
      "4c",
      "Jh"
    ]
  },
  "usernameMapping": {
    "default": 3412590266,
    "client_container_5334_test_client_test_moonshotai_kimi_k2_iter_5_20250912_091734_iter5": 1824689726
  },
  "playerIdToUsername": {
    "3412590266": "default",
    "1824689726": "client_container_5334_test_client_test_moonshotai_kimi_k2_iter_5_20250912_091734_iter5"
  }
}