{
  "gameId": "5ca7fd6a-d6b4-430b-a0a2-d409ae137f06",
  "rounds": {
    "0": {
      "pot": 15,
      "bets": {
        "3273133976": 10,
        "860034543": 5
      },
      "actions": {
        "860034543": "RAISE",
        "3273133976": "RAISE"
      },
      "action_sequence": [
        {
          "player": 860034543,
          "action": "RAISE",
          "amount": 5,
          "timestamp": 1757645029772,
          "pot_after_action": 5,
          "side_pots_after_action": [
            {
              "amount": 5,
              "eligible_players": [
                860034544,
                3273133977
              ]
            }
          ],
          "total_pot_after_action": 5,
          "total_side_pots_after_action": [
            {
              "id": 0,
              "amount": 5,
              "eligible_players": [
                860034544,
                3273133977
              ]
            }
          ]
        },
        {
          "player": 3273133976,
          "action": "RAISE",
          "amount": 10,
          "timestamp": 1757645029772,
          "pot_after_action": 15,
          "side_pots_after_action": [
            {
              "amount": 10,
              "eligible_players": [
                860034544,
                3273133977
              ]
            },
            {
              "amount": 5,
              "eligible_players": [
                3273133977
              ]
            }
          ],
          "total_pot_after_action": 15,
          "total_side_pots_after_action": [
            {
              "id": 0,
              "amount": 10,
              "eligible_players": [
                860034544,
                3273133977
              ]
            },
            {
              "id": 1,
              "amount": 5,
              "eligible_players": [
                3273133977
              ]
            }
          ]
        }
      ],
      "actionTimes": {}
    },
    "1": {
      "pot": 60,
      "bets": {
        "3273133976": 30,
        "860034543": 30
      },
      "actions": {
        "860034543": "RAISE",
        "3273133976": "CALL"
      },
      "action_sequence": [
        {
          "player": 860034543,
          "action": "RAISE",
          "amount": 30,
          "timestamp": 1757645029778,
          "pot_after_action": 30,
          "side_pots_after_action": [
            {
              "amount": 30,
              "eligible_players": [
                860034544,
                3273133977
              ]
            }
          ],
          "total_pot_after_action": 45,
          "total_side_pots_after_action": [
            {
              "id": 0,
              "amount": 10,
              "eligible_players": [
                860034544,
                3273133977
              ]
            },
            {
              "id": 1,
              "amount": 5,
              "eligible_players": [
                3273133977
              ]
            },
            {
              "id": 2,
              "amount": 30,
              "eligible_players": [
                860034544,
                3273133977
              ]
            }
          ]
        },
        {
          "player": 3273133976,
          "action": "CALL",
          "amount": 30,
          "timestamp": 1757645029820,
          "pot_after_action": 60,
          "side_pots_after_action": [
            {
              "amount": 60,
              "eligible_players": [
                860034544,
                3273133977
              ]
            }
          ],
          "total_pot_after_action": 75,
          "total_side_pots_after_action": [
            {
              "id": 0,
              "amount": 10,
              "eligible_players": [
                860034544,
                3273133977
              ]
            },
            {
              "id": 1,
              "amount": 5,
              "eligible_players": [
                3273133977
              ]
            },
            {
              "id": 2,
              "amount": 60,
              "eligible_players": [
                860034544,
                3273133977
              ]
            }
          ]
        }
      ],
      "actionTimes": {
        "860034543": 7,
        "3273133976": 49
      }
    },
    "2": {
      "pot": 60,
      "bets": {
        "3273133976": 30,
        "860034543": 30
      },
      "actions": {
        "860034543": "RAISE",
        "3273133976": "CALL"
      },
      "action_sequence": [
        {
          "player": 860034543,
          "action": "RAISE",
          "amount": 30,
          "timestamp": 1757645029825,
          "pot_after_action": 30,
          "side_pots_after_action": [
            {
              "amount": 30,
              "eligible_players": [
                860034544,
                3273133977
              ]
            }
          ],
          "total_pot_after_action": 105,
          "total_side_pots_after_action": [
            {
              "id": 0,
              "amount": 10,
              "eligible_players": [
                860034544,
                3273133977
              ]
            },
            {
              "id": 1,
              "amount": 5,
              "eligible_players": [
                3273133977
              ]
            },
            {
              "id": 2,
              "amount": 60,
              "eligible_players": [
                860034544,
                3273133977
              ]
            },
            {
              "id": 3,
              "amount": 30,
              "eligible_players": [
                860034544,
                3273133977
              ]
            }
          ]
        },
        {
          "player": 3273133976,
          "action": "CALL",
          "amount": 30,
          "timestamp": 1757645029868,
          "pot_after_action": 60,
          "side_pots_after_action": [
            {
              "amount": 60,
              "eligible_players": [
                860034544,
                3273133977
              ]
            }
          ],
          "total_pot_after_action": 135,
          "total_side_pots_after_action": [
            {
              "id": 0,
              "amount": 10,
              "eligible_players": [
                860034544,
                3273133977
              ]
            },
            {
              "id": 1,
              "amount": 5,
              "eligible_players": [
                3273133977
              ]
            },
            {
              "id": 2,
              "amount": 60,
              "eligible_players": [
                860034544,
                3273133977
              ]
            },
            {
              "id": 3,
              "amount": 60,
              "eligible_players": [
                860034544,
                3273133977
              ]
            }
          ]
        }
      ],
      "actionTimes": {
        "860034543": 54,
        "3273133976": 97
      }
    },
    "3": {
      "pot": 60,
      "bets": {
        "3273133976": 30,
        "860034543": 30
      },
      "actions": {
        "860034543": "RAISE",
        "3273133976": "CALL"
      },
      "action_sequence": [
        {
          "player": 860034543,
          "action": "RAISE",
          "amount": 30,
          "timestamp": 1757645029873,
          "pot_after_action": 30,
          "side_pots_after_action": [
            {
              "amount": 30,
              "eligible_players": [
                860034544,
                3273133977
              ]
            }
          ],
          "total_pot_after_action": 165,
          "total_side_pots_after_action": [
            {
              "id": 0,
              "amount": 10,
              "eligible_players": [
                860034544,
                3273133977
              ]
            },
            {
              "id": 1,
              "amount": 5,
              "eligible_players": [
                3273133977
              ]
            },
            {
              "id": 2,
              "amount": 60,
              "eligible_players": [
                860034544,
                3273133977
              ]
            },
            {
              "id": 3,
              "amount": 60,
              "eligible_players": [
                860034544,
                3273133977
              ]
            },
            {
              "id": 4,
              "amount": 30,
              "eligible_players": [
                860034544,
                3273133977
              ]
            }
          ]
        },
        {
          "player": 3273133976,
          "action": "CALL",
          "amount": 30,
          "timestamp": 1757645029916,
          "pot_after_action": 60,
          "side_pots_after_action": [
            {
              "amount": 60,
              "eligible_players": [
                860034544,
                3273133977
              ]
            }
          ],
          "total_pot_after_action": 195,
          "total_side_pots_after_action": [
            {
              "id": 0,
              "amount": 10,
              "eligible_players": [
                860034544,
                3273133977
              ]
            },
            {
              "id": 1,
              "amount": 5,
              "eligible_players": [
                3273133977
              ]
            },
            {
              "id": 2,
              "amount": 60,
              "eligible_players": [
                860034544,
                3273133977
              ]
            },
            {
              "id": 3,
              "amount": 60,
              "eligible_players": [
                860034544,
                3273133977
              ]
            },
            {
              "id": 4,
              "amount": 60,
              "eligible_players": [
                860034544,
                3273133977
              ]
            }
          ]
        }
      ],
      "actionTimes": {
        "860034543": 102,
        "3273133976": 145
      }
    }
  },
  "playerNames": {
    "3273133976": "player3273133977",
    "860034543": "player860034544"
  },
  "blinds": {
    "small": 5,
    "big": 10
  },
  "finalBoard": [
    "Jh",
    "Qc",
    "Td",
    "4s",
    "3c"
  ],
  "sidePots": [
    {
      "amount": 60,
      "eligible_players": [
        860034543,
        3273133976
      ]
    }
  ],
  "playerMoney": {
    "initialAmount": 10000,
    "startingMoney": {
      "3273133977": 9975,
      "860034544": 10025
    },
    "startingDelta": {
      "3273133977": -25,
      "860034544": 25
    },
    "finalDelta": {
      "3273133977": 70,
      "860034544": -70
    },
    "gameScores": {
      "3273133977": 95,
      "860034544": -95
    },
    "finalMoney": {
      "3273133977": 10070,
      "860034544": 9930
    },
    "thisGameDelta": {
      "3273133977": 95,
      "860034544": -95
    }
  },
  "playerHands": {
    "3273133976": [
      "3h",
      "5c"
    ],
    "860034543": [
      "6c",
      "9s"
    ]
  },
  "usernameMapping": {
    "default": 3273133977,
    "client_container_5062_test_client_test_x_ai_grok_4_iter_3_20250911_194342_iter3": 860034544
  },
  "playerIdToUsername": {
    "3273133977": "default",
    "860034544": "client_container_5062_test_client_test_x_ai_grok_4_iter_3_20250911_194342_iter3"
  }
}