{
  "gameId": "5ca7fd6a-d6b4-430b-a0a2-d409ae137f06",
  "rounds": {
    "0": {
      "pot": 15,
      "bets": {
        "3273133976": 5,
        "860034543": 10
      },
      "actions": {
        "3273133976": "RAISE",
        "860034543": "RAISE"
      },
      "action_sequence": [
        {
          "player": 3273133976,
          "action": "RAISE",
          "amount": 5,
          "timestamp": 1757645030214,
          "pot_after_action": 5,
          "side_pots_after_action": [
            {
              "amount": 5,
              "eligible_players": [
                860034544,
                3273133977
              ]
            }
          ],
          "total_pot_after_action": 5,
          "total_side_pots_after_action": [
            {
              "id": 0,
              "amount": 5,
              "eligible_players": [
                860034544,
                3273133977
              ]
            }
          ]
        },
        {
          "player": 860034543,
          "action": "RAISE",
          "amount": 10,
          "timestamp": 1757645030214,
          "pot_after_action": 15,
          "side_pots_after_action": [
            {
              "amount": 10,
              "eligible_players": [
                860034544,
                3273133977
              ]
            },
            {
              "amount": 5,
              "eligible_players": [
                860034544
              ]
            }
          ],
          "total_pot_after_action": 15,
          "total_side_pots_after_action": [
            {
              "id": 0,
              "amount": 10,
              "eligible_players": [
                860034544,
                3273133977
              ]
            },
            {
              "id": 1,
              "amount": 5,
              "eligible_players": [
                860034544
              ]
            }
          ]
        }
      ],
      "actionTimes": {}
    },
    "1": {
      "pot": 200,
      "bets": {
        "3273133976": 100,
        "860034543": 100
      },
      "actions": {
        "3273133976": "RAISE",
        "860034543": "CALL"
      },
      "action_sequence": [
        {
          "player": 3273133976,
          "action": "RAISE",
          "amount": 100,
          "timestamp": 1757645030259,
          "pot_after_action": 100,
          "side_pots_after_action": [
            {
              "amount": 100,
              "eligible_players": [
                860034544,
                3273133977
              ]
            }
          ],
          "total_pot_after_action": 115,
          "total_side_pots_after_action": [
            {
              "id": 0,
              "amount": 10,
              "eligible_players": [
                860034544,
                3273133977
              ]
            },
            {
              "id": 1,
              "amount": 5,
              "eligible_players": [
                860034544
              ]
            },
            {
              "id": 2,
              "amount": 100,
              "eligible_players": [
                860034544,
                3273133977
              ]
            }
          ]
        },
        {
          "player": 860034543,
          "action": "CALL",
          "amount": 100,
          "timestamp": 1757645030265,
          "pot_after_action": 200,
          "side_pots_after_action": [
            {
              "amount": 200,
              "eligible_players": [
                860034544,
                3273133977
              ]
            }
          ],
          "total_pot_after_action": 215,
          "total_side_pots_after_action": [
            {
              "id": 0,
              "amount": 10,
              "eligible_players": [
                860034544,
                3273133977
              ]
            },
            {
              "id": 1,
              "amount": 5,
              "eligible_players": [
                860034544
              ]
            },
            {
              "id": 2,
              "amount": 200,
              "eligible_players": [
                860034544,
                3273133977
              ]
            }
          ]
        }
      ],
      "actionTimes": {
        "3273133976": 46,
        "860034543": 52
      }
    },
    "2": {
      "pot": 60,
      "bets": {
        "3273133976": 30,
        "860034543": 30
      },
      "actions": {
        "3273133976": "CALL",
        "860034543": "RAISE"
      },
      "action_sequence": [
        {
          "player": 3273133976,
          "action": "CHECK",
          "amount": 0,
          "timestamp": 1757645030309,
          "pot_after_action": 0,
          "side_pots_after_action": [
            {
              "amount": 0,
              "eligible_players": [
                860034544,
                3273133977
              ]
            }
          ],
          "total_pot_after_action": 215,
          "total_side_pots_after_action": [
            {
              "id": 0,
              "amount": 10,
              "eligible_players": [
                860034544,
                3273133977
              ]
            },
            {
              "id": 1,
              "amount": 5,
              "eligible_players": [
                860034544
              ]
            },
            {
              "id": 2,
              "amount": 200,
              "eligible_players": [
                860034544,
                3273133977
              ]
            },
            {
              "id": 3,
              "amount": 0,
              "eligible_players": [
                860034544,
                3273133977
              ]
            }
          ]
        },
        {
          "player": 860034543,
          "action": "RAISE",
          "amount": 30,
          "timestamp": 1757645030312,
          "pot_after_action": 30,
          "side_pots_after_action": [
            {
              "amount": 30,
              "eligible_players": [
                860034544,
                3273133977
              ]
            }
          ],
          "total_pot_after_action": 245,
          "total_side_pots_after_action": [
            {
              "id": 0,
              "amount": 10,
              "eligible_players": [
                860034544,
                3273133977
              ]
            },
            {
              "id": 1,
              "amount": 5,
              "eligible_players": [
                860034544
              ]
            },
            {
              "id": 2,
              "amount": 200,
              "eligible_players": [
                860034544,
                3273133977
              ]
            },
            {
              "id": 3,
              "amount": 30,
              "eligible_players": [
                860034544,
                3273133977
              ]
            }
          ]
        },
        {
          "player": 3273133976,
          "action": "CALL",
          "amount": 30,
          "timestamp": 1757645030353,
          "pot_after_action": 60,
          "side_pots_after_action": [
            {
              "amount": 60,
              "eligible_players": [
                860034544,
                3273133977
              ]
            }
          ],
          "total_pot_after_action": 275,
          "total_side_pots_after_action": [
            {
              "id": 0,
              "amount": 10,
              "eligible_players": [
                860034544,
                3273133977
              ]
            },
            {
              "id": 1,
              "amount": 5,
              "eligible_players": [
                860034544
              ]
            },
            {
              "id": 2,
              "amount": 200,
              "eligible_players": [
                860034544,
                3273133977
              ]
            },
            {
              "id": 3,
              "amount": 60,
              "eligible_players": [
                860034544,
                3273133977
              ]
            }
          ]
        }
      ],
      "actionTimes": {
        "3273133976": 140,
        "860034543": 99
      }
    },
    "3": {
      "pot": 60,
      "bets": {
        "3273133976": 30,
        "860034543": 30
      },
      "actions": {
        "3273133976": "CALL",
        "860034543": "RAISE"
      },
      "action_sequence": [
        {
          "player": 3273133976,
          "action": "CHECK",
          "amount": 0,
          "timestamp": 1757645030399,
          "pot_after_action": 0,
          "side_pots_after_action": [
            {
              "amount": 0,
              "eligible_players": [
                860034544,
                3273133977
              ]
            }
          ],
          "total_pot_after_action": 275,
          "total_side_pots_after_action": [
            {
              "id": 0,
              "amount": 10,
              "eligible_players": [
                860034544,
                3273133977
              ]
            },
            {
              "id": 1,
              "amount": 5,
              "eligible_players": [
                860034544
              ]
            },
            {
              "id": 2,
              "amount": 200,
              "eligible_players": [
                860034544,
                3273133977
              ]
            },
            {
              "id": 3,
              "amount": 60,
              "eligible_players": [
                860034544,
                3273133977
              ]
            },
            {
              "id": 4,
              "amount": 0,
              "eligible_players": [
                860034544,
                3273133977
              ]
            }
          ]
        },
        {
          "player": 860034543,
          "action": "RAISE",
          "amount": 30,
          "timestamp": 1757645030402,
          "pot_after_action": 30,
          "side_pots_after_action": [
            {
              "amount": 30,
              "eligible_players": [
                860034544,
                3273133977
              ]
            }
          ],
          "total_pot_after_action": 305,
          "total_side_pots_after_action": [
            {
              "id": 0,
              "amount": 10,
              "eligible_players": [
                860034544,
                3273133977
              ]
            },
            {
              "id": 1,
              "amount": 5,
              "eligible_players": [
                860034544
              ]
            },
            {
              "id": 2,
              "amount": 200,
              "eligible_players": [
                860034544,
                3273133977
              ]
            },
            {
              "id": 3,
              "amount": 60,
              "eligible_players": [
                860034544,
                3273133977
              ]
            },
            {
              "id": 4,
              "amount": 30,
              "eligible_players": [
                860034544,
                3273133977
              ]
            }
          ]
        },
        {
          "player": 3273133976,
          "action": "CALL",
          "amount": 30,
          "timestamp": 1757645030445,
          "pot_after_action": 60,
          "side_pots_after_action": [
            {
              "amount": 60,
              "eligible_players": [
                860034544,
                3273133977
              ]
            }
          ],
          "total_pot_after_action": 335,
          "total_side_pots_after_action": [
            {
              "id": 0,
              "amount": 10,
              "eligible_players": [
                860034544,
                3273133977
              ]
            },
            {
              "id": 1,
              "amount": 5,
              "eligible_players": [
                860034544
              ]
            },
            {
              "id": 2,
              "amount": 200,
              "eligible_players": [
                860034544,
                3273133977
              ]
            },
            {
              "id": 3,
              "amount": 60,
              "eligible_players": [
                860034544,
                3273133977
              ]
            },
            {
              "id": 4,
              "amount": 60,
              "eligible_players": [
                860034544,
                3273133977
              ]
            }
          ]
        }
      ],
      "actionTimes": {
        "3273133976": 232,
        "860034543": 189
      }
    }
  },
  "playerNames": {
    "3273133976": "player3273133977",
    "860034543": "player860034544"
  },
  "blinds": {
    "small": 5,
    "big": 10
  },
  "finalBoard": [
    "9h",
    "8d",
    "7d",
    "5d",
    "7s"
  ],
  "sidePots": [
    {
      "amount": 60,
      "eligible_players": [
        860034543,
        3273133976
      ]
    }
  ],
  "playerMoney": {
    "initialAmount": 10000,
    "startingMoney": {
      "3273133977": 9910,
      "860034544": 10090
    },
    "startingDelta": {
      "3273133977": -90,
      "860034544": 90
    },
    "finalDelta": {
      "3273133977": -255,
      "860034544": 255
    },
    "gameScores": {
      "3273133977": -165,
      "860034544": 165
    },
    "finalMoney": {
      "3273133977": 9745,
      "860034544": 10255
    },
    "thisGameDelta": {
      "3273133977": -165,
      "860034544": 165
    }
  },
  "playerHands": {
    "3273133976": [
      "2s",
      "5h"
    ],
    "860034543": [
      "Jc",
      "6s"
    ]
  },
  "usernameMapping": {
    "default": 3273133977,
    "client_container_5062_test_client_test_x_ai_grok_4_iter_3_20250911_194342_iter3": 860034544
  },
  "playerIdToUsername": {
    "3273133977": "default",
    "860034544": "client_container_5062_test_client_test_x_ai_grok_4_iter_3_20250911_194342_iter3"
  }
}