{
  "gameId": "5ca7fd6a-d6b4-430b-a0a2-d409ae137f06",
  "rounds": {
    "0": {
      "pot": 15,
      "bets": {
        "3273133976": 5,
        "860034543": 10
      },
      "actions": {
        "3273133976": "RAISE",
        "860034543": "RAISE"
      },
      "action_sequence": [
        {
          "player": 3273133976,
          "action": "RAISE",
          "amount": 5,
          "timestamp": 1757645029937,
          "pot_after_action": 5,
          "side_pots_after_action": [
            {
              "amount": 5,
              "eligible_players": [
                860034544,
                3273133977
              ]
            }
          ],
          "total_pot_after_action": 5,
          "total_side_pots_after_action": [
            {
              "id": 0,
              "amount": 5,
              "eligible_players": [
                860034544,
                3273133977
              ]
            }
          ]
        },
        {
          "player": 860034543,
          "action": "RAISE",
          "amount": 10,
          "timestamp": 1757645029937,
          "pot_after_action": 15,
          "side_pots_after_action": [
            {
              "amount": 10,
              "eligible_players": [
                860034544,
                3273133977
              ]
            },
            {
              "amount": 5,
              "eligible_players": [
                860034544
              ]
            }
          ],
          "total_pot_after_action": 15,
          "total_side_pots_after_action": [
            {
              "id": 0,
              "amount": 10,
              "eligible_players": [
                860034544,
                3273133977
              ]
            },
            {
              "id": 1,
              "amount": 5,
              "eligible_players": [
                860034544
              ]
            }
          ]
        }
      ],
      "actionTimes": {}
    },
    "1": {
      "pot": 200,
      "bets": {
        "3273133976": 100,
        "860034543": 100
      },
      "actions": {
        "3273133976": "RAISE",
        "860034543": "CALL"
      },
      "action_sequence": [
        {
          "player": 3273133976,
          "action": "RAISE",
          "amount": 100,
          "timestamp": 1757645029945,
          "pot_after_action": 100,
          "side_pots_after_action": [
            {
              "amount": 100,
              "eligible_players": [
                860034544,
                3273133977
              ]
            }
          ],
          "total_pot_after_action": 115,
          "total_side_pots_after_action": [
            {
              "id": 0,
              "amount": 10,
              "eligible_players": [
                860034544,
                3273133977
              ]
            },
            {
              "id": 1,
              "amount": 5,
              "eligible_players": [
                860034544
              ]
            },
            {
              "id": 2,
              "amount": 100,
              "eligible_players": [
                860034544,
                3273133977
              ]
            }
          ]
        },
        {
          "player": 860034543,
          "action": "CALL",
          "amount": 100,
          "timestamp": 1757645029947,
          "pot_after_action": 200,
          "side_pots_after_action": [
            {
              "amount": 200,
              "eligible_players": [
                860034544,
                3273133977
              ]
            }
          ],
          "total_pot_after_action": 215,
          "total_side_pots_after_action": [
            {
              "id": 0,
              "amount": 10,
              "eligible_players": [
                860034544,
                3273133977
              ]
            },
            {
              "id": 1,
              "amount": 5,
              "eligible_players": [
                860034544
              ]
            },
            {
              "id": 2,
              "amount": 200,
              "eligible_players": [
                860034544,
                3273133977
              ]
            }
          ]
        }
      ],
      "actionTimes": {
        "3273133976": 9,
        "860034543": 11
      }
    },
    "2": {
      "pot": 60,
      "bets": {
        "3273133976": 30,
        "860034543": 30
      },
      "actions": {
        "3273133976": "CALL",
        "860034543": "RAISE"
      },
      "action_sequence": [
        {
          "player": 3273133976,
          "action": "CHECK",
          "amount": 0,
          "timestamp": 1757645029990,
          "pot_after_action": 0,
          "side_pots_after_action": [
            {
              "amount": 0,
              "eligible_players": [
                860034544,
                3273133977
              ]
            }
          ],
          "total_pot_after_action": 215,
          "total_side_pots_after_action": [
            {
              "id": 0,
              "amount": 10,
              "eligible_players": [
                860034544,
                3273133977
              ]
            },
            {
              "id": 1,
              "amount": 5,
              "eligible_players": [
                860034544
              ]
            },
            {
              "id": 2,
              "amount": 200,
              "eligible_players": [
                860034544,
                3273133977
              ]
            },
            {
              "id": 3,
              "amount": 0,
              "eligible_players": [
                860034544,
                3273133977
              ]
            }
          ]
        },
        {
          "player": 860034543,
          "action": "RAISE",
          "amount": 30,
          "timestamp": 1757645029992,
          "pot_after_action": 30,
          "side_pots_after_action": [
            {
              "amount": 30,
              "eligible_players": [
                860034544,
                3273133977
              ]
            }
          ],
          "total_pot_after_action": 245,
          "total_side_pots_after_action": [
            {
              "id": 0,
              "amount": 10,
              "eligible_players": [
                860034544,
                3273133977
              ]
            },
            {
              "id": 1,
              "amount": 5,
              "eligible_players": [
                860034544
              ]
            },
            {
              "id": 2,
              "amount": 200,
              "eligible_players": [
                860034544,
                3273133977
              ]
            },
            {
              "id": 3,
              "amount": 30,
              "eligible_players": [
                860034544,
                3273133977
              ]
            }
          ]
        },
        {
          "player": 3273133976,
          "action": "CALL",
          "amount": 30,
          "timestamp": 1757645030034,
          "pot_after_action": 60,
          "side_pots_after_action": [
            {
              "amount": 60,
              "eligible_players": [
                860034544,
                3273133977
              ]
            }
          ],
          "total_pot_after_action": 275,
          "total_side_pots_after_action": [
            {
              "id": 0,
              "amount": 10,
              "eligible_players": [
                860034544,
                3273133977
              ]
            },
            {
              "id": 1,
              "amount": 5,
              "eligible_players": [
                860034544
              ]
            },
            {
              "id": 2,
              "amount": 200,
              "eligible_players": [
                860034544,
                3273133977
              ]
            },
            {
              "id": 3,
              "amount": 60,
              "eligible_players": [
                860034544,
                3273133977
              ]
            }
          ]
        }
      ],
      "actionTimes": {
        "3273133976": 98,
        "860034543": 56
      }
    },
    "3": {
      "pot": 60,
      "bets": {
        "3273133976": 30,
        "860034543": 30
      },
      "actions": {
        "3273133976": "CALL",
        "860034543": "RAISE"
      },
      "action_sequence": [
        {
          "player": 3273133976,
          "action": "CHECK",
          "amount": 0,
          "timestamp": 1757645030078,
          "pot_after_action": 0,
          "side_pots_after_action": [
            {
              "amount": 0,
              "eligible_players": [
                860034544,
                3273133977
              ]
            }
          ],
          "total_pot_after_action": 275,
          "total_side_pots_after_action": [
            {
              "id": 0,
              "amount": 10,
              "eligible_players": [
                860034544,
                3273133977
              ]
            },
            {
              "id": 1,
              "amount": 5,
              "eligible_players": [
                860034544
              ]
            },
            {
              "id": 2,
              "amount": 200,
              "eligible_players": [
                860034544,
                3273133977
              ]
            },
            {
              "id": 3,
              "amount": 60,
              "eligible_players": [
                860034544,
                3273133977
              ]
            },
            {
              "id": 4,
              "amount": 0,
              "eligible_players": [
                860034544,
                3273133977
              ]
            }
          ]
        },
        {
          "player": 860034543,
          "action": "RAISE",
          "amount": 30,
          "timestamp": 1757645030081,
          "pot_after_action": 30,
          "side_pots_after_action": [
            {
              "amount": 30,
              "eligible_players": [
                860034544,
                3273133977
              ]
            }
          ],
          "total_pot_after_action": 305,
          "total_side_pots_after_action": [
            {
              "id": 0,
              "amount": 10,
              "eligible_players": [
                860034544,
                3273133977
              ]
            },
            {
              "id": 1,
              "amount": 5,
              "eligible_players": [
                860034544
              ]
            },
            {
              "id": 2,
              "amount": 200,
              "eligible_players": [
                860034544,
                3273133977
              ]
            },
            {
              "id": 3,
              "amount": 60,
              "eligible_players": [
                860034544,
                3273133977
              ]
            },
            {
              "id": 4,
              "amount": 30,
              "eligible_players": [
                860034544,
                3273133977
              ]
            }
          ]
        },
        {
          "player": 3273133976,
          "action": "CALL",
          "amount": 30,
          "timestamp": 1757645030123,
          "pot_after_action": 60,
          "side_pots_after_action": [
            {
              "amount": 60,
              "eligible_players": [
                860034544,
                3273133977
              ]
            }
          ],
          "total_pot_after_action": 335,
          "total_side_pots_after_action": [
            {
              "id": 0,
              "amount": 10,
              "eligible_players": [
                860034544,
                3273133977
              ]
            },
            {
              "id": 1,
              "amount": 5,
              "eligible_players": [
                860034544
              ]
            },
            {
              "id": 2,
              "amount": 200,
              "eligible_players": [
                860034544,
                3273133977
              ]
            },
            {
              "id": 3,
              "amount": 60,
              "eligible_players": [
                860034544,
                3273133977
              ]
            },
            {
              "id": 4,
              "amount": 60,
              "eligible_players": [
                860034544,
                3273133977
              ]
            }
          ]
        }
      ],
      "actionTimes": {
        "3273133976": 187,
        "860034543": 145
      }
    }
  },
  "playerNames": {
    "3273133976": "player3273133977",
    "860034543": "player860034544"
  },
  "blinds": {
    "small": 5,
    "big": 10
  },
  "finalBoard": [
    "Kh",
    "Ac",
    "Kc",
    "3d",
    "9h"
  ],
  "sidePots": [
    {
      "amount": 60,
      "eligible_players": [
        860034543,
        3273133976
      ]
    }
  ],
  "playerMoney": {
    "initialAmount": 10000,
    "startingMoney": {
      "3273133977": 10070,
      "860034544": 9930
    },
    "startingDelta": {
      "3273133977": 70,
      "860034544": -70
    },
    "finalDelta": {
      "3273133977": -95,
      "860034544": 95
    },
    "gameScores": {
      "3273133977": -165,
      "860034544": 165
    },
    "finalMoney": {
      "3273133977": 9905,
      "860034544": 10095
    },
    "thisGameDelta": {
      "3273133977": -165,
      "860034544": 165
    }
  },
  "playerHands": {
    "3273133976": [
      "9s",
      "6h"
    ],
    "860034543": [
      "3s",
      "Kd"
    ]
  },
  "usernameMapping": {
    "default": 3273133977,
    "client_container_5062_test_client_test_x_ai_grok_4_iter_3_20250911_194342_iter3": 860034544
  },
  "playerIdToUsername": {
    "3273133977": "default",
    "860034544": "client_container_5062_test_client_test_x_ai_grok_4_iter_3_20250911_194342_iter3"
  }
}