{
  "gameId": "5ca7fd6a-d6b4-430b-a0a2-d409ae137f06",
  "rounds": {
    "0": {
      "pot": 15,
      "bets": {
        "3273133976": 10,
        "860034543": 5
      },
      "actions": {
        "860034543": "RAISE",
        "3273133976": "RAISE"
      },
      "action_sequence": [
        {
          "player": 860034543,
          "action": "RAISE",
          "amount": 5,
          "timestamp": 1757645030144,
          "pot_after_action": 5,
          "side_pots_after_action": [
            {
              "amount": 5,
              "eligible_players": [
                860034544,
                3273133977
              ]
            }
          ],
          "total_pot_after_action": 5,
          "total_side_pots_after_action": [
            {
              "id": 0,
              "amount": 5,
              "eligible_players": [
                860034544,
                3273133977
              ]
            }
          ]
        },
        {
          "player": 3273133976,
          "action": "RAISE",
          "amount": 10,
          "timestamp": 1757645030144,
          "pot_after_action": 15,
          "side_pots_after_action": [
            {
              "amount": 10,
              "eligible_players": [
                860034544,
                3273133977
              ]
            },
            {
              "amount": 5,
              "eligible_players": [
                3273133977
              ]
            }
          ],
          "total_pot_after_action": 15,
          "total_side_pots_after_action": [
            {
              "id": 0,
              "amount": 10,
              "eligible_players": [
                860034544,
                3273133977
              ]
            },
            {
              "id": 1,
              "amount": 5,
              "eligible_players": [
                3273133977
              ]
            }
          ]
        }
      ],
      "actionTimes": {}
    },
    "1": {
      "pot": 100,
      "bets": {
        "3273133976": 100,
        "860034543": 0
      },
      "actions": {
        "860034543": "FOLD",
        "3273133976": "RAISE"
      },
      "action_sequence": [
        {
          "player": 860034543,
          "action": "CHECK",
          "amount": 0,
          "timestamp": 1757645030151,
          "pot_after_action": 0,
          "side_pots_after_action": [
            {
              "amount": 0,
              "eligible_players": [
                860034544,
                3273133977
              ]
            }
          ],
          "total_pot_after_action": 15,
          "total_side_pots_after_action": [
            {
              "id": 0,
              "amount": 10,
              "eligible_players": [
                860034544,
                3273133977
              ]
            },
            {
              "id": 1,
              "amount": 5,
              "eligible_players": [
                3273133977
              ]
            },
            {
              "id": 2,
              "amount": 0,
              "eligible_players": [
                860034544,
                3273133977
              ]
            }
          ]
        },
        {
          "player": 3273133976,
          "action": "RAISE",
          "amount": 100,
          "timestamp": 1757645030193,
          "pot_after_action": 100,
          "side_pots_after_action": [
            {
              "amount": 100,
              "eligible_players": [
                860034544,
                3273133977
              ]
            }
          ],
          "total_pot_after_action": 115,
          "total_side_pots_after_action": [
            {
              "id": 0,
              "amount": 10,
              "eligible_players": [
                860034544,
                3273133977
              ]
            },
            {
              "id": 1,
              "amount": 5,
              "eligible_players": [
                3273133977
              ]
            },
            {
              "id": 2,
              "amount": 100,
              "eligible_players": [
                860034544,
                3273133977
              ]
            }
          ]
        },
        {
          "player": 860034543,
          "action": "FOLD",
          "amount": 0,
          "timestamp": 1757645030195,
          "pot_after_action": 100,
          "side_pots_after_action": [
            {
              "amount": 100,
              "eligible_players": [
                860034544,
                3273133977
              ]
            }
          ],
          "total_pot_after_action": 115,
          "total_side_pots_after_action": [
            {
              "id": 0,
              "amount": 10,
              "eligible_players": [
                860034544,
                3273133977
              ]
            },
            {
              "id": 1,
              "amount": 5,
              "eligible_players": [
                3273133977
              ]
            },
            {
              "id": 2,
              "amount": 100,
              "eligible_players": [
                860034544,
                3273133977
              ]
            }
          ]
        }
      ],
      "actionTimes": {
        "860034543": 52,
        "3273133976": 50
      }
    }
  },
  "playerNames": {
    "3273133976": "player3273133977",
    "860034543": "player860034544"
  },
  "blinds": {
    "small": 5,
    "big": 10
  },
  "finalBoard": [
    "5s",
    "9h",
    "6c",
    "Qh"
  ],
  "sidePots": [
    {
      "amount": 0,
      "eligible_players": [
        3273133976
      ]
    }
  ],
  "playerMoney": {
    "initialAmount": 10000,
    "startingMoney": {
      "3273133977": 9905,
      "860034544": 10095
    },
    "startingDelta": {
      "3273133977": -95,
      "860034544": 95
    },
    "finalDelta": {
      "3273133977": -90,
      "860034544": 90
    },
    "gameScores": {
      "3273133977": 5,
      "860034544": -5
    },
    "finalMoney": {
      "3273133977": 9910,
      "860034544": 10090
    },
    "thisGameDelta": {
      "3273133977": 5,
      "860034544": -5
    }
  },
  "playerHands": {
    "3273133976": [
      "7d",
      "9c"
    ],
    "860034543": [
      "7s",
      "2h"
    ]
  },
  "usernameMapping": {
    "default": 3273133977,
    "client_container_5062_test_client_test_x_ai_grok_4_iter_3_20250911_194342_iter3": 860034544
  },
  "playerIdToUsername": {
    "3273133977": "default",
    "860034544": "client_container_5062_test_client_test_x_ai_grok_4_iter_3_20250911_194342_iter3"
  }
}