{
  "gameId": "316ba6f8-e9ad-40d7-b282-7e64de4609b2",
  "rounds": {
    "0": {
      "pot": 15,
      "bets": {
        "824918345": 10,
        "3397311587": 5
      },
      "actions": {
        "3397311587": "RAISE",
        "824918345": "RAISE"
      },
      "action_sequence": [
        {
          "player": 3397311587,
          "action": "RAISE",
          "amount": 5,
          "timestamp": 1756862717860,
          "pot_after_action": 5,
          "side_pots_after_action": [
            {
              "amount": 5,
              "eligible_players": [
                824918346,
                3397311588
              ]
            }
          ],
          "total_pot_after_action": 5,
          "total_side_pots_after_action": [
            {
              "id": 0,
              "amount": 5,
              "eligible_players": [
                824918346,
                3397311588
              ]
            }
          ]
        },
        {
          "player": 824918345,
          "action": "RAISE",
          "amount": 10,
          "timestamp": 1756862717860,
          "pot_after_action": 15,
          "side_pots_after_action": [
            {
              "amount": 10,
              "eligible_players": [
                824918346,
                3397311588
              ]
            },
            {
              "amount": 5,
              "eligible_players": [
                824918346
              ]
            }
          ],
          "total_pot_after_action": 15,
          "total_side_pots_after_action": [
            {
              "id": 0,
              "amount": 10,
              "eligible_players": [
                824918346,
                3397311588
              ]
            },
            {
              "id": 1,
              "amount": 5,
              "eligible_players": [
                824918346
              ]
            }
          ]
        }
      ],
      "actionTimes": {}
    },
    "1": {
      "pot": 200,
      "bets": {
        "824918345": 100,
        "3397311587": 100
      },
      "actions": {
        "3397311587": "CALL",
        "824918345": "RAISE"
      },
      "action_sequence": [
        {
          "player": 3397311587,
          "action": "CHECK",
          "amount": 0,
          "timestamp": 1756862717905,
          "pot_after_action": 0,
          "side_pots_after_action": [
            {
              "amount": 0,
              "eligible_players": [
                824918346,
                3397311588
              ]
            }
          ],
          "total_pot_after_action": 15,
          "total_side_pots_after_action": [
            {
              "id": 0,
              "amount": 10,
              "eligible_players": [
                824918346,
                3397311588
              ]
            },
            {
              "id": 1,
              "amount": 5,
              "eligible_players": [
                824918346
              ]
            },
            {
              "id": 2,
              "amount": 0,
              "eligible_players": [
                824918346,
                3397311588
              ]
            }
          ]
        },
        {
          "player": 824918345,
          "action": "RAISE",
          "amount": 100,
          "timestamp": 1756862717906,
          "pot_after_action": 100,
          "side_pots_after_action": [
            {
              "amount": 100,
              "eligible_players": [
                824918346,
                3397311588
              ]
            }
          ],
          "total_pot_after_action": 115,
          "total_side_pots_after_action": [
            {
              "id": 0,
              "amount": 10,
              "eligible_players": [
                824918346,
                3397311588
              ]
            },
            {
              "id": 1,
              "amount": 5,
              "eligible_players": [
                824918346
              ]
            },
            {
              "id": 2,
              "amount": 100,
              "eligible_players": [
                824918346,
                3397311588
              ]
            }
          ]
        },
        {
          "player": 3397311587,
          "action": "CALL",
          "amount": 100,
          "timestamp": 1756862717950,
          "pot_after_action": 200,
          "side_pots_after_action": [
            {
              "amount": 200,
              "eligible_players": [
                824918346,
                3397311588
              ]
            }
          ],
          "total_pot_after_action": 215,
          "total_side_pots_after_action": [
            {
              "id": 0,
              "amount": 10,
              "eligible_players": [
                824918346,
                3397311588
              ]
            },
            {
              "id": 1,
              "amount": 5,
              "eligible_players": [
                824918346
              ]
            },
            {
              "id": 2,
              "amount": 200,
              "eligible_players": [
                824918346,
                3397311588
              ]
            }
          ]
        }
      ],
      "actionTimes": {
        "3397311587": 90,
        "824918345": 46
      }
    },
    "2": {
      "pot": 0,
      "bets": {
        "824918345": 0,
        "3397311587": 0
      },
      "actions": {
        "3397311587": "CHECK",
        "824918345": "CHECK"
      },
      "action_sequence": [
        {
          "player": 3397311587,
          "action": "CHECK",
          "amount": 0,
          "timestamp": 1756862717997,
          "pot_after_action": 0,
          "side_pots_after_action": [
            {
              "amount": 0,
              "eligible_players": [
                824918346,
                3397311588
              ]
            }
          ],
          "total_pot_after_action": 215,
          "total_side_pots_after_action": [
            {
              "id": 0,
              "amount": 10,
              "eligible_players": [
                824918346,
                3397311588
              ]
            },
            {
              "id": 1,
              "amount": 5,
              "eligible_players": [
                824918346
              ]
            },
            {
              "id": 2,
              "amount": 200,
              "eligible_players": [
                824918346,
                3397311588
              ]
            },
            {
              "id": 3,
              "amount": 0,
              "eligible_players": [
                824918346,
                3397311588
              ]
            }
          ]
        },
        {
          "player": 824918345,
          "action": "CHECK",
          "amount": 0,
          "timestamp": 1756862717999,
          "pot_after_action": 0,
          "side_pots_after_action": [
            {
              "amount": 0,
              "eligible_players": [
                824918346,
                3397311588
              ]
            }
          ],
          "total_pot_after_action": 215,
          "total_side_pots_after_action": [
            {
              "id": 0,
              "amount": 10,
              "eligible_players": [
                824918346,
                3397311588
              ]
            },
            {
              "id": 1,
              "amount": 5,
              "eligible_players": [
                824918346
              ]
            },
            {
              "id": 2,
              "amount": 200,
              "eligible_players": [
                824918346,
                3397311588
              ]
            },
            {
              "id": 3,
              "amount": 0,
              "eligible_players": [
                824918346,
                3397311588
              ]
            }
          ]
        }
      ],
      "actionTimes": {
        "3397311587": 137,
        "824918345": 139
      }
    },
    "3": {
      "pot": 0,
      "bets": {
        "824918345": 0,
        "3397311587": 0
      },
      "actions": {
        "3397311587": "CHECK",
        "824918345": "CHECK"
      },
      "action_sequence": [
        {
          "player": 3397311587,
          "action": "CHECK",
          "amount": 0,
          "timestamp": 1756862718042,
          "pot_after_action": 0,
          "side_pots_after_action": [
            {
              "amount": 0,
              "eligible_players": [
                824918346,
                3397311588
              ]
            }
          ],
          "total_pot_after_action": 215,
          "total_side_pots_after_action": [
            {
              "id": 0,
              "amount": 10,
              "eligible_players": [
                824918346,
                3397311588
              ]
            },
            {
              "id": 1,
              "amount": 5,
              "eligible_players": [
                824918346
              ]
            },
            {
              "id": 2,
              "amount": 200,
              "eligible_players": [
                824918346,
                3397311588
              ]
            },
            {
              "id": 3,
              "amount": 0,
              "eligible_players": [
                824918346,
                3397311588
              ]
            },
            {
              "id": 4,
              "amount": 0,
              "eligible_players": [
                824918346,
                3397311588
              ]
            }
          ]
        },
        {
          "player": 824918345,
          "action": "CHECK",
          "amount": 0,
          "timestamp": 1756862718043,
          "pot_after_action": 0,
          "side_pots_after_action": [
            {
              "amount": 0,
              "eligible_players": [
                824918346,
                3397311588
              ]
            }
          ],
          "total_pot_after_action": 215,
          "total_side_pots_after_action": [
            {
              "id": 0,
              "amount": 10,
              "eligible_players": [
                824918346,
                3397311588
              ]
            },
            {
              "id": 1,
              "amount": 5,
              "eligible_players": [
                824918346
              ]
            },
            {
              "id": 2,
              "amount": 200,
              "eligible_players": [
                824918346,
                3397311588
              ]
            },
            {
              "id": 3,
              "amount": 0,
              "eligible_players": [
                824918346,
                3397311588
              ]
            },
            {
              "id": 4,
              "amount": 0,
              "eligible_players": [
                824918346,
                3397311588
              ]
            }
          ]
        }
      ],
      "actionTimes": {
        "3397311587": 182,
        "824918345": 183
      }
    }
  },
  "playerNames": {
    "824918345": "player824918346",
    "3397311587": "player3397311588"
  },
  "blinds": {
    "small": 5,
    "big": 10
  },
  "finalBoard": [
    "7s",
    "Ah",
    "6d",
    "2s",
    "2c"
  ],
  "sidePots": [
    {
      "amount": 0,
      "eligible_players": [
        824918345,
        3397311587
      ]
    }
  ],
  "playerMoney": {
    "initialAmount": 10000,
    "startingMoney": {
      "824918346": 10010,
      "3397311588": 9990
    },
    "startingDelta": {
      "824918346": 10,
      "3397311588": -10
    },
    "finalDelta": {
      "824918346": 115,
      "3397311588": -115
    },
    "gameScores": {
      "824918346": 105,
      "3397311588": -105
    },
    "finalMoney": {
      "824918346": 10115,
      "3397311588": 9885
    },
    "thisGameDelta": {
      "824918346": 105,
      "3397311588": -105
    }
  },
  "playerHands": {
    "824918345": [
      "8c",
      "Ac"
    ],
    "3397311587": [
      "3c",
      "6s"
    ]
  },
  "usernameMapping": {
    "default": 824918346,
    "client_container_5127_test_client_test_deepseek_deepseek_r1_0528_iter_4_20250902_182511_iter4": 3397311588
  },
  "playerIdToUsername": {
    "824918346": "default",
    "3397311588": "client_container_5127_test_client_test_deepseek_deepseek_r1_0528_iter_4_20250902_182511_iter4"
  }
}