{
  "gameId": "316ba6f8-e9ad-40d7-b282-7e64de4609b2",
  "rounds": {
    "0": {
      "pot": 15,
      "bets": {
        "824918345": 5,
        "3397311587": 10
      },
      "actions": {
        "824918345": "RAISE",
        "3397311587": "RAISE"
      },
      "action_sequence": [
        {
          "player": 824918345,
          "action": "RAISE",
          "amount": 5,
          "timestamp": 1756862717823,
          "pot_after_action": 5,
          "side_pots_after_action": [
            {
              "amount": 5,
              "eligible_players": [
                824918346,
                3397311588
              ]
            }
          ],
          "total_pot_after_action": 5,
          "total_side_pots_after_action": [
            {
              "id": 0,
              "amount": 5,
              "eligible_players": [
                824918346,
                3397311588
              ]
            }
          ]
        },
        {
          "player": 3397311587,
          "action": "RAISE",
          "amount": 10,
          "timestamp": 1756862717824,
          "pot_after_action": 15,
          "side_pots_after_action": [
            {
              "amount": 10,
              "eligible_players": [
                824918346,
                3397311588
              ]
            },
            {
              "amount": 5,
              "eligible_players": [
                3397311588
              ]
            }
          ],
          "total_pot_after_action": 15,
          "total_side_pots_after_action": [
            {
              "id": 0,
              "amount": 10,
              "eligible_players": [
                824918346,
                3397311588
              ]
            },
            {
              "id": 1,
              "amount": 5,
              "eligible_players": [
                3397311588
              ]
            }
          ]
        }
      ],
      "actionTimes": {}
    },
    "1": {
      "pot": 100,
      "bets": {
        "824918345": 100,
        "3397311587": 0
      },
      "actions": {
        "824918345": "RAISE",
        "3397311587": "FOLD"
      },
      "action_sequence": [
        {
          "player": 824918345,
          "action": "RAISE",
          "amount": 100,
          "timestamp": 1756862717838,
          "pot_after_action": 100,
          "side_pots_after_action": [
            {
              "amount": 100,
              "eligible_players": [
                824918346,
                3397311588
              ]
            }
          ],
          "total_pot_after_action": 115,
          "total_side_pots_after_action": [
            {
              "id": 0,
              "amount": 10,
              "eligible_players": [
                824918346,
                3397311588
              ]
            },
            {
              "id": 1,
              "amount": 5,
              "eligible_players": [
                3397311588
              ]
            },
            {
              "id": 2,
              "amount": 100,
              "eligible_players": [
                824918346,
                3397311588
              ]
            }
          ]
        },
        {
          "player": 3397311587,
          "action": "FOLD",
          "amount": 0,
          "timestamp": 1756862717842,
          "pot_after_action": 100,
          "side_pots_after_action": [
            {
              "amount": 100,
              "eligible_players": [
                824918346,
                3397311588
              ]
            }
          ],
          "total_pot_after_action": 115,
          "total_side_pots_after_action": [
            {
              "id": 0,
              "amount": 10,
              "eligible_players": [
                824918346,
                3397311588
              ]
            },
            {
              "id": 1,
              "amount": 5,
              "eligible_players": [
                3397311588
              ]
            },
            {
              "id": 2,
              "amount": 100,
              "eligible_players": [
                824918346,
                3397311588
              ]
            }
          ]
        }
      ],
      "actionTimes": {
        "824918345": 19,
        "3397311587": 23
      }
    }
  },
  "playerNames": {
    "824918345": "player824918346",
    "3397311587": "player3397311588"
  },
  "blinds": {
    "small": 5,
    "big": 10
  },
  "finalBoard": [
    "3d",
    "Jc",
    "6d",
    "Kd"
  ],
  "sidePots": [
    {
      "amount": 0,
      "eligible_players": [
        824918345
      ]
    }
  ],
  "playerMoney": {
    "initialAmount": 10000,
    "startingMoney": {
      "824918346": 10000,
      "3397311588": 10000
    },
    "startingDelta": {
      "824918346": 0,
      "3397311588": 0
    },
    "finalDelta": {
      "824918346": 10,
      "3397311588": -10
    },
    "gameScores": {
      "824918346": 10,
      "3397311588": -10
    },
    "finalMoney": {
      "824918346": 10010,
      "3397311588": 9990
    },
    "thisGameDelta": {
      "824918346": 10,
      "3397311588": -10
    }
  },
  "playerHands": {
    "824918345": [
      "6s",
      "2h"
    ],
    "3397311587": [
      "Ah",
      "9s"
    ]
  },
  "usernameMapping": {
    "default": 824918346,
    "client_container_5127_test_client_test_deepseek_deepseek_r1_0528_iter_4_20250902_182511_iter4": 3397311588
  },
  "playerIdToUsername": {
    "824918346": "default",
    "3397311588": "client_container_5127_test_client_test_deepseek_deepseek_r1_0528_iter_4_20250902_182511_iter4"
  }
}