{
  "gameId": "316ba6f8-e9ad-40d7-b282-7e64de4609b2",
  "rounds": {
    "0": {
      "pot": 15,
      "bets": {
        "824918345": 10,
        "3397311587": 5
      },
      "actions": {
        "3397311587": "RAISE",
        "824918345": "RAISE"
      },
      "action_sequence": [
        {
          "player": 3397311587,
          "action": "RAISE",
          "amount": 5,
          "timestamp": 1756862718435,
          "pot_after_action": 5,
          "side_pots_after_action": [
            {
              "amount": 5,
              "eligible_players": [
                824918346,
                3397311588
              ]
            }
          ],
          "total_pot_after_action": 5,
          "total_side_pots_after_action": [
            {
              "id": 0,
              "amount": 5,
              "eligible_players": [
                824918346,
                3397311588
              ]
            }
          ]
        },
        {
          "player": 824918345,
          "action": "RAISE",
          "amount": 10,
          "timestamp": 1756862718435,
          "pot_after_action": 15,
          "side_pots_after_action": [
            {
              "amount": 10,
              "eligible_players": [
                824918346,
                3397311588
              ]
            },
            {
              "amount": 5,
              "eligible_players": [
                824918346
              ]
            }
          ],
          "total_pot_after_action": 15,
          "total_side_pots_after_action": [
            {
              "id": 0,
              "amount": 10,
              "eligible_players": [
                824918346,
                3397311588
              ]
            },
            {
              "id": 1,
              "amount": 5,
              "eligible_players": [
                824918346
              ]
            }
          ]
        }
      ],
      "actionTimes": {}
    },
    "1": {
      "pot": 100,
      "bets": {
        "824918345": 100,
        "3397311587": 0
      },
      "actions": {
        "3397311587": "FOLD",
        "824918345": "RAISE"
      },
      "action_sequence": [
        {
          "player": 3397311587,
          "action": "CHECK",
          "amount": 0,
          "timestamp": 1756862718439,
          "pot_after_action": 0,
          "side_pots_after_action": [
            {
              "amount": 0,
              "eligible_players": [
                824918346,
                3397311588
              ]
            }
          ],
          "total_pot_after_action": 15,
          "total_side_pots_after_action": [
            {
              "id": 0,
              "amount": 10,
              "eligible_players": [
                824918346,
                3397311588
              ]
            },
            {
              "id": 1,
              "amount": 5,
              "eligible_players": [
                824918346
              ]
            },
            {
              "id": 2,
              "amount": 0,
              "eligible_players": [
                824918346,
                3397311588
              ]
            }
          ]
        },
        {
          "player": 824918345,
          "action": "RAISE",
          "amount": 100,
          "timestamp": 1756862718440,
          "pot_after_action": 100,
          "side_pots_after_action": [
            {
              "amount": 100,
              "eligible_players": [
                824918346,
                3397311588
              ]
            }
          ],
          "total_pot_after_action": 115,
          "total_side_pots_after_action": [
            {
              "id": 0,
              "amount": 10,
              "eligible_players": [
                824918346,
                3397311588
              ]
            },
            {
              "id": 1,
              "amount": 5,
              "eligible_players": [
                824918346
              ]
            },
            {
              "id": 2,
              "amount": 100,
              "eligible_players": [
                824918346,
                3397311588
              ]
            }
          ]
        },
        {
          "player": 3397311587,
          "action": "FOLD",
          "amount": 0,
          "timestamp": 1756862718481,
          "pot_after_action": 100,
          "side_pots_after_action": [
            {
              "amount": 100,
              "eligible_players": [
                824918346,
                3397311588
              ]
            }
          ],
          "total_pot_after_action": 115,
          "total_side_pots_after_action": [
            {
              "id": 0,
              "amount": 10,
              "eligible_players": [
                824918346,
                3397311588
              ]
            },
            {
              "id": 1,
              "amount": 5,
              "eligible_players": [
                824918346
              ]
            },
            {
              "id": 2,
              "amount": 100,
              "eligible_players": [
                824918346,
                3397311588
              ]
            }
          ]
        }
      ],
      "actionTimes": {
        "3397311587": 46,
        "824918345": 5
      }
    }
  },
  "playerNames": {
    "824918345": "player824918346",
    "3397311587": "player3397311588"
  },
  "blinds": {
    "small": 5,
    "big": 10
  },
  "finalBoard": [
    "Kc",
    "9s",
    "4d",
    "8c"
  ],
  "sidePots": [
    {
      "amount": 0,
      "eligible_players": [
        824918345
      ]
    }
  ],
  "playerMoney": {
    "initialAmount": 10000,
    "startingMoney": {
      "824918346": 10045,
      "3397311588": 9955
    },
    "startingDelta": {
      "824918346": 45,
      "3397311588": -45
    },
    "finalDelta": {
      "824918346": 50,
      "3397311588": -50
    },
    "gameScores": {
      "824918346": 5,
      "3397311588": -5
    },
    "finalMoney": {
      "824918346": 10050,
      "3397311588": 9950
    },
    "thisGameDelta": {
      "824918346": 5,
      "3397311588": -5
    }
  },
  "playerHands": {
    "824918345": [
      "9h",
      "Kh"
    ],
    "3397311587": [
      "7c",
      "Ac"
    ]
  },
  "usernameMapping": {
    "default": 824918346,
    "client_container_5127_test_client_test_deepseek_deepseek_r1_0528_iter_4_20250902_182511_iter4": 3397311588
  },
  "playerIdToUsername": {
    "824918346": "default",
    "3397311588": "client_container_5127_test_client_test_deepseek_deepseek_r1_0528_iter_4_20250902_182511_iter4"
  }
}