{
  "gameId": "b19803b7-f19f-46c8-a394-60fccdc9fec7",
  "rounds": {
    "0": {
      "pot": 15,
      "bets": {
        "1379926618": 10,
        "2543441025": 5
      },
      "actions": {
        "2543441025": "RAISE",
        "1379926618": "RAISE"
      },
      "action_sequence": [
        {
          "player": 2543441025,
          "action": "RAISE",
          "amount": 5,
          "timestamp": 1757865808622,
          "pot_after_action": 5,
          "side_pots_after_action": [
            {
              "amount": 5,
              "eligible_players": [
                2543441026,
                1379926619
              ]
            }
          ],
          "total_pot_after_action": 5,
          "total_side_pots_after_action": [
            {
              "id": 0,
              "amount": 5,
              "eligible_players": [
                2543441026,
                1379926619
              ]
            }
          ]
        },
        {
          "player": 1379926618,
          "action": "RAISE",
          "amount": 10,
          "timestamp": 1757865808622,
          "pot_after_action": 15,
          "side_pots_after_action": [
            {
              "amount": 10,
              "eligible_players": [
                2543441026,
                1379926619
              ]
            },
            {
              "amount": 5,
              "eligible_players": [
                1379926619
              ]
            }
          ],
          "total_pot_after_action": 15,
          "total_side_pots_after_action": [
            {
              "id": 0,
              "amount": 10,
              "eligible_players": [
                2543441026,
                1379926619
              ]
            },
            {
              "id": 1,
              "amount": 5,
              "eligible_players": [
                1379926619
              ]
            }
          ]
        }
      ],
      "actionTimes": {}
    },
    "1": {
      "pot": 100,
      "bets": {
        "1379926618": 100,
        "2543441025": 0
      },
      "actions": {
        "2543441025": "FOLD",
        "1379926618": "RAISE"
      },
      "action_sequence": [
        {
          "player": 2543441025,
          "action": "FOLD",
          "amount": 0,
          "timestamp": 1757865808625,
          "pot_after_action": 0,
          "side_pots_after_action": [
            {
              "amount": 0,
              "eligible_players": [
                2543441026,
                1379926619
              ]
            }
          ],
          "total_pot_after_action": 15,
          "total_side_pots_after_action": [
            {
              "id": 0,
              "amount": 10,
              "eligible_players": [
                2543441026,
                1379926619
              ]
            },
            {
              "id": 1,
              "amount": 5,
              "eligible_players": [
                1379926619
              ]
            },
            {
              "id": 2,
              "amount": 0,
              "eligible_players": [
                2543441026,
                1379926619
              ]
            }
          ]
        },
        {
          "player": 1379926618,
          "action": "RAISE",
          "amount": 100,
          "timestamp": 1757865808664,
          "pot_after_action": 100,
          "side_pots_after_action": [
            {
              "amount": 100,
              "eligible_players": [
                2543441026,
                1379926619
              ]
            }
          ],
          "total_pot_after_action": 115,
          "total_side_pots_after_action": [
            {
              "id": 0,
              "amount": 10,
              "eligible_players": [
                2543441026,
                1379926619
              ]
            },
            {
              "id": 1,
              "amount": 5,
              "eligible_players": [
                1379926619
              ]
            },
            {
              "id": 2,
              "amount": 100,
              "eligible_players": [
                2543441026,
                1379926619
              ]
            }
          ]
        }
      ],
      "actionTimes": {
        "2543441025": 4,
        "1379926618": 43
      }
    }
  },
  "playerNames": {
    "1379926618": "player1379926619",
    "2543441025": "player2543441026"
  },
  "blinds": {
    "small": 5,
    "big": 10
  },
  "finalBoard": [
    "5s",
    "Qc",
    "3d",
    "5d"
  ],
  "sidePots": [
    {
      "amount": 0,
      "eligible_players": [
        1379926618
      ]
    }
  ],
  "playerMoney": {
    "initialAmount": 10000,
    "startingMoney": {
      "1379926619": 10070,
      "2543441026": 9930
    },
    "startingDelta": {
      "1379926619": 70,
      "2543441026": -70
    },
    "finalDelta": {
      "1379926619": 75,
      "2543441026": -75
    },
    "gameScores": {
      "1379926619": 5,
      "2543441026": -5
    },
    "finalMoney": {
      "1379926619": 10075,
      "2543441026": 9925
    },
    "thisGameDelta": {
      "1379926619": 5,
      "2543441026": -5
    }
  },
  "playerHands": {
    "1379926618": [
      "Ad",
      "7d"
    ],
    "2543441025": [
      "4h",
      "As"
    ]
  },
  "usernameMapping": {
    "default": 1379926619,
    "client_container_6069_test_client_test_deepseek_deepseek_r1_0528_iter_1_20250914_120321_iter1": 2543441026
  },
  "playerIdToUsername": {
    "1379926619": "default",
    "2543441026": "client_container_6069_test_client_test_deepseek_deepseek_r1_0528_iter_1_20250914_120321_iter1"
  }
}