{
  "gameId": "b19803b7-f19f-46c8-a394-60fccdc9fec7",
  "rounds": {
    "0": {
      "pot": 15,
      "bets": {
        "1379926618": 5,
        "2543441025": 10
      },
      "actions": {
        "1379926618": "RAISE",
        "2543441025": "RAISE"
      },
      "action_sequence": [
        {
          "player": 1379926618,
          "action": "RAISE",
          "amount": 5,
          "timestamp": 1757865808329,
          "pot_after_action": 5,
          "side_pots_after_action": [
            {
              "amount": 5,
              "eligible_players": [
                2543441026,
                1379926619
              ]
            }
          ],
          "total_pot_after_action": 5,
          "total_side_pots_after_action": [
            {
              "id": 0,
              "amount": 5,
              "eligible_players": [
                2543441026,
                1379926619
              ]
            }
          ]
        },
        {
          "player": 2543441025,
          "action": "RAISE",
          "amount": 10,
          "timestamp": 1757865808329,
          "pot_after_action": 15,
          "side_pots_after_action": [
            {
              "amount": 10,
              "eligible_players": [
                2543441026,
                1379926619
              ]
            },
            {
              "amount": 5,
              "eligible_players": [
                2543441026
              ]
            }
          ],
          "total_pot_after_action": 15,
          "total_side_pots_after_action": [
            {
              "id": 0,
              "amount": 10,
              "eligible_players": [
                2543441026,
                1379926619
              ]
            },
            {
              "id": 1,
              "amount": 5,
              "eligible_players": [
                2543441026
              ]
            }
          ]
        }
      ],
      "actionTimes": {}
    },
    "1": {
      "pot": 100,
      "bets": {
        "1379926618": 100,
        "2543441025": 0
      },
      "actions": {
        "1379926618": "RAISE",
        "2543441025": "FOLD"
      },
      "action_sequence": [
        {
          "player": 1379926618,
          "action": "RAISE",
          "amount": 100,
          "timestamp": 1757865808372,
          "pot_after_action": 100,
          "side_pots_after_action": [
            {
              "amount": 100,
              "eligible_players": [
                2543441026,
                1379926619
              ]
            }
          ],
          "total_pot_after_action": 115,
          "total_side_pots_after_action": [
            {
              "id": 0,
              "amount": 10,
              "eligible_players": [
                2543441026,
                1379926619
              ]
            },
            {
              "id": 1,
              "amount": 5,
              "eligible_players": [
                2543441026
              ]
            },
            {
              "id": 2,
              "amount": 100,
              "eligible_players": [
                2543441026,
                1379926619
              ]
            }
          ]
        },
        {
          "player": 2543441025,
          "action": "FOLD",
          "amount": 0,
          "timestamp": 1757865808375,
          "pot_after_action": 100,
          "side_pots_after_action": [
            {
              "amount": 100,
              "eligible_players": [
                2543441026,
                1379926619
              ]
            }
          ],
          "total_pot_after_action": 115,
          "total_side_pots_after_action": [
            {
              "id": 0,
              "amount": 10,
              "eligible_players": [
                2543441026,
                1379926619
              ]
            },
            {
              "id": 1,
              "amount": 5,
              "eligible_players": [
                2543441026
              ]
            },
            {
              "id": 2,
              "amount": 100,
              "eligible_players": [
                2543441026,
                1379926619
              ]
            }
          ]
        }
      ],
      "actionTimes": {
        "1379926618": 43,
        "2543441025": 46
      }
    }
  },
  "playerNames": {
    "1379926618": "player1379926619",
    "2543441025": "player2543441026"
  },
  "blinds": {
    "small": 5,
    "big": 10
  },
  "finalBoard": [
    "Js",
    "3c",
    "8h",
    "6c"
  ],
  "sidePots": [
    {
      "amount": 0,
      "eligible_players": [
        1379926618
      ]
    }
  ],
  "playerMoney": {
    "initialAmount": 10000,
    "startingMoney": {
      "1379926619": 10015,
      "2543441026": 9985
    },
    "startingDelta": {
      "1379926619": 15,
      "2543441026": -15
    },
    "finalDelta": {
      "1379926619": 25,
      "2543441026": -25
    },
    "gameScores": {
      "1379926619": 10,
      "2543441026": -10
    },
    "finalMoney": {
      "1379926619": 10025,
      "2543441026": 9975
    },
    "thisGameDelta": {
      "1379926619": 10,
      "2543441026": -10
    }
  },
  "playerHands": {
    "1379926618": [
      "2d",
      "Kd"
    ],
    "2543441025": [
      "2s",
      "6h"
    ]
  },
  "usernameMapping": {
    "default": 1379926619,
    "client_container_6069_test_client_test_deepseek_deepseek_r1_0528_iter_1_20250914_120321_iter1": 2543441026
  },
  "playerIdToUsername": {
    "1379926619": "default",
    "2543441026": "client_container_6069_test_client_test_deepseek_deepseek_r1_0528_iter_1_20250914_120321_iter1"
  }
}