{
  "gameId": "b40c022e-17a3-4a94-bcea-653fab740738",
  "rounds": {
    "0": {
      "pot": 15,
      "bets": {
        "3558579529": 5,
        "3165990889": 10
      },
      "actions": {
        "3558579529": "RAISE",
        "3165990889": "RAISE"
      },
      "action_sequence": [
        {
          "player": 3558579529,
          "action": "RAISE",
          "amount": 5,
          "timestamp": 1758153466981,
          "pot_after_action": 5,
          "side_pots_after_action": [
            {
              "amount": 5,
              "eligible_players": [
                3558579530,
                3165990890
              ]
            }
          ],
          "total_pot_after_action": 5,
          "total_side_pots_after_action": [
            {
              "id": 0,
              "amount": 5,
              "eligible_players": [
                3558579530,
                3165990890
              ]
            }
          ]
        },
        {
          "player": 3165990889,
          "action": "RAISE",
          "amount": 10,
          "timestamp": 1758153466981,
          "pot_after_action": 15,
          "side_pots_after_action": [
            {
              "amount": 10,
              "eligible_players": [
                3558579530,
                3165990890
              ]
            },
            {
              "amount": 5,
              "eligible_players": [
                3165990890
              ]
            }
          ],
          "total_pot_after_action": 15,
          "total_side_pots_after_action": [
            {
              "id": 0,
              "amount": 10,
              "eligible_players": [
                3558579530,
                3165990890
              ]
            },
            {
              "id": 1,
              "amount": 5,
              "eligible_players": [
                3165990890
              ]
            }
          ]
        }
      ],
      "actionTimes": {}
    },
    "1": {
      "pot": 100,
      "bets": {
        "3558579529": 100,
        "3165990889": 0
      },
      "actions": {
        "3558579529": "RAISE",
        "3165990889": "FOLD"
      },
      "action_sequence": [
        {
          "player": 3558579529,
          "action": "RAISE",
          "amount": 100,
          "timestamp": 1758153466983,
          "pot_after_action": 100,
          "side_pots_after_action": [
            {
              "amount": 100,
              "eligible_players": [
                3558579530,
                3165990890
              ]
            }
          ],
          "total_pot_after_action": 115,
          "total_side_pots_after_action": [
            {
              "id": 0,
              "amount": 10,
              "eligible_players": [
                3558579530,
                3165990890
              ]
            },
            {
              "id": 1,
              "amount": 5,
              "eligible_players": [
                3165990890
              ]
            },
            {
              "id": 2,
              "amount": 100,
              "eligible_players": [
                3558579530,
                3165990890
              ]
            }
          ]
        },
        {
          "player": 3165990889,
          "action": "FOLD",
          "amount": 0,
          "timestamp": 1758153467026,
          "pot_after_action": 100,
          "side_pots_after_action": [
            {
              "amount": 100,
              "eligible_players": [
                3558579530,
                3165990890
              ]
            }
          ],
          "total_pot_after_action": 115,
          "total_side_pots_after_action": [
            {
              "id": 0,
              "amount": 10,
              "eligible_players": [
                3558579530,
                3165990890
              ]
            },
            {
              "id": 1,
              "amount": 5,
              "eligible_players": [
                3165990890
              ]
            },
            {
              "id": 2,
              "amount": 100,
              "eligible_players": [
                3558579530,
                3165990890
              ]
            }
          ]
        }
      ],
      "actionTimes": {
        "3558579529": 3,
        "3165990889": 46
      }
    }
  },
  "playerNames": {
    "3558579529": "player3558579530",
    "3165990889": "player3165990890"
  },
  "blinds": {
    "small": 5,
    "big": 10
  },
  "finalBoard": [
    "9c",
    "4d",
    "6h",
    "5h"
  ],
  "sidePots": [
    {
      "amount": 0,
      "eligible_players": [
        3558579529
      ]
    }
  ],
  "playerMoney": {
    "initialAmount": 10000,
    "startingMoney": {
      "3558579530": 10030,
      "3165990890": 9970
    },
    "startingDelta": {
      "3558579530": 30,
      "3165990890": -30
    },
    "finalDelta": {
      "3558579530": 40,
      "3165990890": -40
    },
    "gameScores": {
      "3558579530": 10,
      "3165990890": -10
    },
    "finalMoney": {
      "3558579530": 10040,
      "3165990890": 9960
    },
    "thisGameDelta": {
      "3558579530": 10,
      "3165990890": -10
    }
  },
  "playerHands": {
    "3558579529": [
      "6c",
      "3d"
    ],
    "3165990889": [
      "8d",
      "Jc"
    ]
  },
  "usernameMapping": {
    "default": 3558579530,
    "client_container_5427_test_client_test_openai_o3_pro_iter_4_20250917_165740_iter4": 3165990890
  },
  "playerIdToUsername": {
    "3558579530": "default",
    "3165990890": "client_container_5427_test_client_test_openai_o3_pro_iter_4_20250917_165740_iter4"
  }
}