{
  "gameId": "07b8557c-c73e-41b3-b5b4-35f043f113f8",
  "rounds": {
    "0": {
      "pot": 15,
      "bets": {
        "3703633326": 5,
        "2775754728": 10
      },
      "actions": {
        "3703633326": "RAISE",
        "2775754728": "RAISE"
      },
      "action_sequence": [
        {
          "player": 3703633326,
          "action": "RAISE",
          "amount": 5,
          "timestamp": 1757645238019,
          "pot_after_action": 5,
          "side_pots_after_action": [
            {
              "amount": 5,
              "eligible_players": [
                2775754729,
                3703633327
              ]
            }
          ],
          "total_pot_after_action": 5,
          "total_side_pots_after_action": [
            {
              "id": 0,
              "amount": 5,
              "eligible_players": [
                2775754729,
                3703633327
              ]
            }
          ]
        },
        {
          "player": 2775754728,
          "action": "RAISE",
          "amount": 10,
          "timestamp": 1757645238019,
          "pot_after_action": 15,
          "side_pots_after_action": [
            {
              "amount": 10,
              "eligible_players": [
                2775754729,
                3703633327
              ]
            },
            {
              "amount": 5,
              "eligible_players": [
                2775754729
              ]
            }
          ],
          "total_pot_after_action": 15,
          "total_side_pots_after_action": [
            {
              "id": 0,
              "amount": 10,
              "eligible_players": [
                2775754729,
                3703633327
              ]
            },
            {
              "id": 1,
              "amount": 5,
              "eligible_players": [
                2775754729
              ]
            }
          ]
        }
      ],
      "actionTimes": {}
    },
    "1": {
      "pot": 100,
      "bets": {
        "3703633326": 100,
        "2775754728": 0
      },
      "actions": {
        "3703633326": "RAISE",
        "2775754728": "FOLD"
      },
      "action_sequence": [
        {
          "player": 3703633326,
          "action": "RAISE",
          "amount": 100,
          "timestamp": 1757645238060,
          "pot_after_action": 100,
          "side_pots_after_action": [
            {
              "amount": 100,
              "eligible_players": [
                2775754729,
                3703633327
              ]
            }
          ],
          "total_pot_after_action": 115,
          "total_side_pots_after_action": [
            {
              "id": 0,
              "amount": 10,
              "eligible_players": [
                2775754729,
                3703633327
              ]
            },
            {
              "id": 1,
              "amount": 5,
              "eligible_players": [
                2775754729
              ]
            },
            {
              "id": 2,
              "amount": 100,
              "eligible_players": [
                2775754729,
                3703633327
              ]
            }
          ]
        },
        {
          "player": 2775754728,
          "action": "FOLD",
          "amount": 0,
          "timestamp": 1757645238061,
          "pot_after_action": 100,
          "side_pots_after_action": [
            {
              "amount": 100,
              "eligible_players": [
                2775754729,
                3703633327
              ]
            }
          ],
          "total_pot_after_action": 115,
          "total_side_pots_after_action": [
            {
              "id": 0,
              "amount": 10,
              "eligible_players": [
                2775754729,
                3703633327
              ]
            },
            {
              "id": 1,
              "amount": 5,
              "eligible_players": [
                2775754729
              ]
            },
            {
              "id": 2,
              "amount": 100,
              "eligible_players": [
                2775754729,
                3703633327
              ]
            }
          ]
        }
      ],
      "actionTimes": {
        "3703633326": 41,
        "2775754728": 42
      }
    }
  },
  "playerNames": {
    "3703633326": "player3703633327",
    "2775754728": "player2775754729"
  },
  "blinds": {
    "small": 5,
    "big": 10
  },
  "finalBoard": [
    "7d",
    "6h",
    "5c",
    "Ad"
  ],
  "sidePots": [
    {
      "amount": 0,
      "eligible_players": [
        3703633326
      ]
    }
  ],
  "playerMoney": {
    "initialAmount": 10000,
    "startingMoney": {
      "3703633327": 10015,
      "2775754729": 9985
    },
    "startingDelta": {
      "3703633327": 15,
      "2775754729": -15
    },
    "finalDelta": {
      "3703633327": 25,
      "2775754729": -25
    },
    "gameScores": {
      "3703633327": 10,
      "2775754729": -10
    },
    "finalMoney": {
      "3703633327": 10025,
      "2775754729": 9975
    },
    "thisGameDelta": {
      "3703633327": 10,
      "2775754729": -10
    }
  },
  "playerHands": {
    "3703633326": [
      "Jh",
      "Jc"
    ],
    "2775754728": [
      "Ks",
      "3c"
    ]
  },
  "usernameMapping": {
    "default": 3703633327,
    "client_container_6112_test_client_test_z_ai_glm_4.5_iter_1_20250911_194711_iter1": 2775754729
  },
  "playerIdToUsername": {
    "3703633327": "default",
    "2775754729": "client_container_6112_test_client_test_z_ai_glm_4.5_iter_1_20250911_194711_iter1"
  }
}