{
  "gameId": "07b8557c-c73e-41b3-b5b4-35f043f113f8",
  "rounds": {
    "0": {
      "pot": 15,
      "bets": {
        "3703633326": 10,
        "2775754728": 5
      },
      "actions": {
        "2775754728": "RAISE",
        "3703633326": "RAISE"
      },
      "action_sequence": [
        {
          "player": 2775754728,
          "action": "RAISE",
          "amount": 5,
          "timestamp": 1757645238421,
          "pot_after_action": 5,
          "side_pots_after_action": [
            {
              "amount": 5,
              "eligible_players": [
                2775754729,
                3703633327
              ]
            }
          ],
          "total_pot_after_action": 5,
          "total_side_pots_after_action": [
            {
              "id": 0,
              "amount": 5,
              "eligible_players": [
                2775754729,
                3703633327
              ]
            }
          ]
        },
        {
          "player": 3703633326,
          "action": "RAISE",
          "amount": 10,
          "timestamp": 1757645238421,
          "pot_after_action": 15,
          "side_pots_after_action": [
            {
              "amount": 10,
              "eligible_players": [
                2775754729,
                3703633327
              ]
            },
            {
              "amount": 5,
              "eligible_players": [
                3703633327
              ]
            }
          ],
          "total_pot_after_action": 15,
          "total_side_pots_after_action": [
            {
              "id": 0,
              "amount": 10,
              "eligible_players": [
                2775754729,
                3703633327
              ]
            },
            {
              "id": 1,
              "amount": 5,
              "eligible_players": [
                3703633327
              ]
            }
          ]
        }
      ],
      "actionTimes": {}
    },
    "1": {
      "pot": 100,
      "bets": {
        "3703633326": 100,
        "2775754728": 0
      },
      "actions": {
        "2775754728": "FOLD",
        "3703633326": "RAISE"
      },
      "action_sequence": [
        {
          "player": 2775754728,
          "action": "FOLD",
          "amount": 0,
          "timestamp": 1757645238425,
          "pot_after_action": 0,
          "side_pots_after_action": [
            {
              "amount": 0,
              "eligible_players": [
                2775754729,
                3703633327
              ]
            }
          ],
          "total_pot_after_action": 15,
          "total_side_pots_after_action": [
            {
              "id": 0,
              "amount": 10,
              "eligible_players": [
                2775754729,
                3703633327
              ]
            },
            {
              "id": 1,
              "amount": 5,
              "eligible_players": [
                3703633327
              ]
            },
            {
              "id": 2,
              "amount": 0,
              "eligible_players": [
                2775754729,
                3703633327
              ]
            }
          ]
        },
        {
          "player": 3703633326,
          "action": "RAISE",
          "amount": 100,
          "timestamp": 1757645238426,
          "pot_after_action": 100,
          "side_pots_after_action": [
            {
              "amount": 100,
              "eligible_players": [
                2775754729,
                3703633327
              ]
            }
          ],
          "total_pot_after_action": 115,
          "total_side_pots_after_action": [
            {
              "id": 0,
              "amount": 10,
              "eligible_players": [
                2775754729,
                3703633327
              ]
            },
            {
              "id": 1,
              "amount": 5,
              "eligible_players": [
                3703633327
              ]
            },
            {
              "id": 2,
              "amount": 100,
              "eligible_players": [
                2775754729,
                3703633327
              ]
            }
          ]
        }
      ],
      "actionTimes": {
        "2775754728": 4,
        "3703633326": 5
      }
    }
  },
  "playerNames": {
    "3703633326": "player3703633327",
    "2775754728": "player2775754729"
  },
  "blinds": {
    "small": 5,
    "big": 10
  },
  "finalBoard": [
    "7s",
    "Js",
    "5d",
    "Tc"
  ],
  "sidePots": [
    {
      "amount": 0,
      "eligible_players": [
        3703633326
      ]
    }
  ],
  "playerMoney": {
    "initialAmount": 10000,
    "startingMoney": {
      "3703633327": 10070,
      "2775754729": 9930
    },
    "startingDelta": {
      "3703633327": 70,
      "2775754729": -70
    },
    "finalDelta": {
      "3703633327": 75,
      "2775754729": -75
    },
    "gameScores": {
      "3703633327": 5,
      "2775754729": -5
    },
    "finalMoney": {
      "3703633327": 10075,
      "2775754729": 9925
    },
    "thisGameDelta": {
      "3703633327": 5,
      "2775754729": -5
    }
  },
  "playerHands": {
    "3703633326": [
      "Th",
      "Kd"
    ],
    "2775754728": [
      "3h",
      "9h"
    ]
  },
  "usernameMapping": {
    "default": 3703633327,
    "client_container_6112_test_client_test_z_ai_glm_4.5_iter_1_20250911_194711_iter1": 2775754729
  },
  "playerIdToUsername": {
    "3703633327": "default",
    "2775754729": "client_container_6112_test_client_test_z_ai_glm_4.5_iter_1_20250911_194711_iter1"
  }
}