{
  "gameId": "21864bf9-803e-443b-991e-d766a0ddd21b",
  "rounds": {
    "0": {
      "pot": 15,
      "bets": {
        "2930783394": 10,
        "2462947595": 5
      },
      "actions": {
        "2462947595": "RAISE",
        "2930783394": "RAISE"
      },
      "action_sequence": [
        {
          "player": 2462947595,
          "action": "RAISE",
          "amount": 5,
          "timestamp": 1756689930807,
          "pot_after_action": 5,
          "side_pots_after_action": [
            {
              "amount": 5,
              "eligible_players": [
                2930783395,
                2462947596
              ]
            }
          ],
          "total_pot_after_action": 5,
          "total_side_pots_after_action": [
            {
              "id": 0,
              "amount": 5,
              "eligible_players": [
                2930783395,
                2462947596
              ]
            }
          ]
        },
        {
          "player": 2930783394,
          "action": "RAISE",
          "amount": 10,
          "timestamp": 1756689930807,
          "pot_after_action": 15,
          "side_pots_after_action": [
            {
              "amount": 10,
              "eligible_players": [
                2930783395,
                2462947596
              ]
            },
            {
              "amount": 5,
              "eligible_players": [
                2930783395
              ]
            }
          ],
          "total_pot_after_action": 15,
          "total_side_pots_after_action": [
            {
              "id": 0,
              "amount": 10,
              "eligible_players": [
                2930783395,
                2462947596
              ]
            },
            {
              "id": 1,
              "amount": 5,
              "eligible_players": [
                2930783395
              ]
            }
          ]
        }
      ],
      "actionTimes": {}
    },
    "1": {
      "pot": 100,
      "bets": {
        "2930783394": 100,
        "2462947595": 0
      },
      "actions": {
        "2462947595": "FOLD",
        "2930783394": "RAISE"
      },
      "action_sequence": [
        {
          "player": 2462947595,
          "action": "FOLD",
          "amount": 0,
          "timestamp": 1756689930811,
          "pot_after_action": 0,
          "side_pots_after_action": [
            {
              "amount": 0,
              "eligible_players": [
                2930783395,
                2462947596
              ]
            }
          ],
          "total_pot_after_action": 15,
          "total_side_pots_after_action": [
            {
              "id": 0,
              "amount": 10,
              "eligible_players": [
                2930783395,
                2462947596
              ]
            },
            {
              "id": 1,
              "amount": 5,
              "eligible_players": [
                2930783395
              ]
            },
            {
              "id": 2,
              "amount": 0,
              "eligible_players": [
                2930783395,
                2462947596
              ]
            }
          ]
        },
        {
          "player": 2930783394,
          "action": "RAISE",
          "amount": 100,
          "timestamp": 1756689930849,
          "pot_after_action": 100,
          "side_pots_after_action": [
            {
              "amount": 100,
              "eligible_players": [
                2930783395,
                2462947596
              ]
            }
          ],
          "total_pot_after_action": 115,
          "total_side_pots_after_action": [
            {
              "id": 0,
              "amount": 10,
              "eligible_players": [
                2930783395,
                2462947596
              ]
            },
            {
              "id": 1,
              "amount": 5,
              "eligible_players": [
                2930783395
              ]
            },
            {
              "id": 2,
              "amount": 100,
              "eligible_players": [
                2930783395,
                2462947596
              ]
            }
          ]
        }
      ],
      "actionTimes": {
        "2462947595": 5,
        "2930783394": 43
      }
    }
  },
  "playerNames": {
    "2930783394": "player2930783395",
    "2462947595": "player2462947596"
  },
  "blinds": {
    "small": 5,
    "big": 10
  },
  "finalBoard": [
    "7h",
    "Qs",
    "As",
    "5h"
  ],
  "sidePots": [
    {
      "amount": 0,
      "eligible_players": [
        2930783394
      ]
    }
  ],
  "playerMoney": {
    "initialAmount": 10000,
    "startingMoney": {
      "2930783395": 10055,
      "2462947596": 9945
    },
    "startingDelta": {
      "2930783395": 55,
      "2462947596": -55
    },
    "finalDelta": {
      "2930783395": 60,
      "2462947596": -60
    },
    "gameScores": {
      "2930783395": 5,
      "2462947596": -5
    },
    "finalMoney": {
      "2930783395": 10060,
      "2462947596": 9940
    },
    "thisGameDelta": {
      "2930783395": 5,
      "2462947596": -5
    }
  },
  "playerHands": {
    "2930783394": [
      "Js",
      "3s"
    ],
    "2462947595": [
      "8h",
      "Ts"
    ]
  },
  "usernameMapping": {
    "default": 2930783395,
    "client_container_6718_test_client_test_deepseek_deepseek_r1_0528_iter_4_20250831_182524_iter4": 2462947596
  },
  "playerIdToUsername": {
    "2930783395": "default",
    "2462947596": "client_container_6718_test_client_test_deepseek_deepseek_r1_0528_iter_4_20250831_182524_iter4"
  }
}