{
  "gameId": "e5e6ebff-2ed1-4f27-9763-4dc554c72b0f",
  "rounds": {
    "0": {
      "pot": 15,
      "bets": {
        "2101837642": 5,
        "3737074991": 10
      },
      "actions": {
        "2101837642": "RAISE",
        "3737074991": "RAISE"
      },
      "action_sequence": [
        {
          "player": 2101837642,
          "action": "RAISE",
          "amount": 5,
          "timestamp": 1756690417538,
          "pot_after_action": 5,
          "side_pots_after_action": [
            {
              "amount": 5,
              "eligible_players": [
                3737074992,
                2101837643
              ]
            }
          ],
          "total_pot_after_action": 5,
          "total_side_pots_after_action": [
            {
              "id": 0,
              "amount": 5,
              "eligible_players": [
                3737074992,
                2101837643
              ]
            }
          ]
        },
        {
          "player": 3737074991,
          "action": "RAISE",
          "amount": 10,
          "timestamp": 1756690417539,
          "pot_after_action": 15,
          "side_pots_after_action": [
            {
              "amount": 10,
              "eligible_players": [
                3737074992,
                2101837643
              ]
            },
            {
              "amount": 5,
              "eligible_players": [
                3737074992
              ]
            }
          ],
          "total_pot_after_action": 15,
          "total_side_pots_after_action": [
            {
              "id": 0,
              "amount": 10,
              "eligible_players": [
                3737074992,
                2101837643
              ]
            },
            {
              "id": 1,
              "amount": 5,
              "eligible_players": [
                3737074992
              ]
            }
          ]
        }
      ],
      "actionTimes": {}
    },
    "1": {
      "pot": 100,
      "bets": {
        "2101837642": 100,
        "3737074991": 0
      },
      "actions": {
        "2101837642": "RAISE",
        "3737074991": "FOLD"
      },
      "action_sequence": [
        {
          "player": 2101837642,
          "action": "RAISE",
          "amount": 100,
          "timestamp": 1756690417542,
          "pot_after_action": 100,
          "side_pots_after_action": [
            {
              "amount": 100,
              "eligible_players": [
                3737074992,
                2101837643
              ]
            }
          ],
          "total_pot_after_action": 115,
          "total_side_pots_after_action": [
            {
              "id": 0,
              "amount": 10,
              "eligible_players": [
                3737074992,
                2101837643
              ]
            },
            {
              "id": 1,
              "amount": 5,
              "eligible_players": [
                3737074992
              ]
            },
            {
              "id": 2,
              "amount": 100,
              "eligible_players": [
                3737074992,
                2101837643
              ]
            }
          ]
        },
        {
          "player": 3737074991,
          "action": "FOLD",
          "amount": 0,
          "timestamp": 1756690417584,
          "pot_after_action": 100,
          "side_pots_after_action": [
            {
              "amount": 100,
              "eligible_players": [
                3737074992,
                2101837643
              ]
            }
          ],
          "total_pot_after_action": 115,
          "total_side_pots_after_action": [
            {
              "id": 0,
              "amount": 10,
              "eligible_players": [
                3737074992,
                2101837643
              ]
            },
            {
              "id": 1,
              "amount": 5,
              "eligible_players": [
                3737074992
              ]
            },
            {
              "id": 2,
              "amount": 100,
              "eligible_players": [
                3737074992,
                2101837643
              ]
            }
          ]
        }
      ],
      "actionTimes": {
        "2101837642": 4,
        "3737074991": 46
      }
    }
  },
  "playerNames": {
    "2101837642": "player2101837643",
    "3737074991": "player3737074992"
  },
  "blinds": {
    "small": 5,
    "big": 10
  },
  "finalBoard": [
    "Tc",
    "3d",
    "Jh",
    "6s"
  ],
  "sidePots": [
    {
      "amount": 0,
      "eligible_players": [
        2101837642
      ]
    }
  ],
  "playerMoney": {
    "initialAmount": 10000,
    "startingMoney": {
      "2101837643": 10045,
      "3737074992": 9955
    },
    "startingDelta": {
      "2101837643": 45,
      "3737074992": -45
    },
    "finalDelta": {
      "2101837643": 55,
      "3737074992": -55
    },
    "gameScores": {
      "2101837643": 10,
      "3737074992": -10
    },
    "finalMoney": {
      "2101837643": 10055,
      "3737074992": 9945
    },
    "thisGameDelta": {
      "2101837643": 10,
      "3737074992": -10
    }
  },
  "playerHands": {
    "2101837642": [
      "4s",
      "7s"
    ],
    "3737074991": [
      "4d",
      "Kc"
    ]
  },
  "usernameMapping": {
    "default": 2101837643,
    "client_container_6532_test_client_test_openai_o3_pro_iter_4_20250831_183330_iter4": 3737074992
  },
  "playerIdToUsername": {
    "2101837643": "default",
    "3737074992": "client_container_6532_test_client_test_openai_o3_pro_iter_4_20250831_183330_iter4"
  }
}