{
  "gameId": "b9ac25b9-a474-4bf0-aba1-c2591696f341",
  "rounds": {
    "0": {
      "pot": 15,
      "bets": {
        "176878768": 5,
        "3809754934": 10
      },
      "actions": {
        "176878768": "RAISE",
        "3809754934": "RAISE"
      },
      "action_sequence": [
        {
          "player": 176878768,
          "action": "RAISE",
          "amount": 5,
          "timestamp": 1758145858540,
          "pot_after_action": 5,
          "side_pots_after_action": [
            {
              "amount": 5,
              "eligible_players": [
                176878769,
                3809754935
              ]
            }
          ],
          "total_pot_after_action": 5,
          "total_side_pots_after_action": [
            {
              "id": 0,
              "amount": 5,
              "eligible_players": [
                176878769,
                3809754935
              ]
            }
          ]
        },
        {
          "player": 3809754934,
          "action": "RAISE",
          "amount": 10,
          "timestamp": 1758145858540,
          "pot_after_action": 15,
          "side_pots_after_action": [
            {
              "amount": 10,
              "eligible_players": [
                176878769,
                3809754935
              ]
            },
            {
              "amount": 5,
              "eligible_players": [
                3809754935
              ]
            }
          ],
          "total_pot_after_action": 15,
          "total_side_pots_after_action": [
            {
              "id": 0,
              "amount": 10,
              "eligible_players": [
                176878769,
                3809754935
              ]
            },
            {
              "id": 1,
              "amount": 5,
              "eligible_players": [
                3809754935
              ]
            }
          ]
        }
      ],
      "actionTimes": {}
    },
    "1": {
      "pot": 100,
      "bets": {
        "176878768": 100,
        "3809754934": 0
      },
      "actions": {
        "176878768": "RAISE",
        "3809754934": "FOLD"
      },
      "action_sequence": [
        {
          "player": 176878768,
          "action": "RAISE",
          "amount": 100,
          "timestamp": 1758145858542,
          "pot_after_action": 100,
          "side_pots_after_action": [
            {
              "amount": 100,
              "eligible_players": [
                176878769,
                3809754935
              ]
            }
          ],
          "total_pot_after_action": 115,
          "total_side_pots_after_action": [
            {
              "id": 0,
              "amount": 10,
              "eligible_players": [
                176878769,
                3809754935
              ]
            },
            {
              "id": 1,
              "amount": 5,
              "eligible_players": [
                3809754935
              ]
            },
            {
              "id": 2,
              "amount": 100,
              "eligible_players": [
                176878769,
                3809754935
              ]
            }
          ]
        },
        {
          "player": 3809754934,
          "action": "FOLD",
          "amount": 0,
          "timestamp": 1758145858586,
          "pot_after_action": 100,
          "side_pots_after_action": [
            {
              "amount": 100,
              "eligible_players": [
                176878769,
                3809754935
              ]
            }
          ],
          "total_pot_after_action": 115,
          "total_side_pots_after_action": [
            {
              "id": 0,
              "amount": 10,
              "eligible_players": [
                176878769,
                3809754935
              ]
            },
            {
              "id": 1,
              "amount": 5,
              "eligible_players": [
                3809754935
              ]
            },
            {
              "id": 2,
              "amount": 100,
              "eligible_players": [
                176878769,
                3809754935
              ]
            }
          ]
        }
      ],
      "actionTimes": {
        "176878768": 2,
        "3809754934": 46
      }
    }
  },
  "playerNames": {
    "176878768": "player176878769",
    "3809754934": "player3809754935"
  },
  "blinds": {
    "small": 5,
    "big": 10
  },
  "finalBoard": [
    "Jd",
    "Jc",
    "Ts",
    "5s"
  ],
  "sidePots": [
    {
      "amount": 0,
      "eligible_players": [
        176878768
      ]
    }
  ],
  "playerMoney": {
    "initialAmount": 10000,
    "startingMoney": {
      "176878769": 10060,
      "3809754935": 9940
    },
    "startingDelta": {
      "176878769": 60,
      "3809754935": -60
    },
    "finalDelta": {
      "176878769": 70,
      "3809754935": -70
    },
    "gameScores": {
      "176878769": 10,
      "3809754935": -10
    },
    "finalMoney": {
      "176878769": 10070,
      "3809754935": 9930
    },
    "thisGameDelta": {
      "176878769": 10,
      "3809754935": -10
    }
  },
  "playerHands": {
    "176878768": [
      "6d",
      "9d"
    ],
    "3809754934": [
      "6h",
      "Qc"
    ]
  },
  "usernameMapping": {
    "default": 176878769,
    "client_container_6519_test_client_test_moonshotai_kimi_k2_iter_5_20250917_145052_iter5": 3809754935
  },
  "playerIdToUsername": {
    "176878769": "default",
    "3809754935": "client_container_6519_test_client_test_moonshotai_kimi_k2_iter_5_20250917_145052_iter5"
  }
}