{
  "gameId": "b9ac25b9-a474-4bf0-aba1-c2591696f341",
  "rounds": {
    "0": {
      "pot": 15,
      "bets": {
        "176878768": 10,
        "3809754934": 5
      },
      "actions": {
        "3809754934": "RAISE",
        "176878768": "RAISE"
      },
      "action_sequence": [
        {
          "player": 3809754934,
          "action": "RAISE",
          "amount": 5,
          "timestamp": 1758145858092,
          "pot_after_action": 5,
          "side_pots_after_action": [
            {
              "amount": 5,
              "eligible_players": [
                176878769,
                3809754935
              ]
            }
          ],
          "total_pot_after_action": 5,
          "total_side_pots_after_action": [
            {
              "id": 0,
              "amount": 5,
              "eligible_players": [
                176878769,
                3809754935
              ]
            }
          ]
        },
        {
          "player": 176878768,
          "action": "RAISE",
          "amount": 10,
          "timestamp": 1758145858092,
          "pot_after_action": 15,
          "side_pots_after_action": [
            {
              "amount": 10,
              "eligible_players": [
                176878769,
                3809754935
              ]
            },
            {
              "amount": 5,
              "eligible_players": [
                176878769
              ]
            }
          ],
          "total_pot_after_action": 15,
          "total_side_pots_after_action": [
            {
              "id": 0,
              "amount": 10,
              "eligible_players": [
                176878769,
                3809754935
              ]
            },
            {
              "id": 1,
              "amount": 5,
              "eligible_players": [
                176878769
              ]
            }
          ]
        }
      ],
      "actionTimes": {}
    },
    "1": {
      "pot": 100,
      "bets": {
        "176878768": 100,
        "3809754934": 0
      },
      "actions": {
        "3809754934": "FOLD",
        "176878768": "RAISE"
      },
      "action_sequence": [
        {
          "player": 3809754934,
          "action": "CHECK",
          "amount": 0,
          "timestamp": 1758145858134,
          "pot_after_action": 0,
          "side_pots_after_action": [
            {
              "amount": 0,
              "eligible_players": [
                176878769,
                3809754935
              ]
            }
          ],
          "total_pot_after_action": 15,
          "total_side_pots_after_action": [
            {
              "id": 0,
              "amount": 10,
              "eligible_players": [
                176878769,
                3809754935
              ]
            },
            {
              "id": 1,
              "amount": 5,
              "eligible_players": [
                176878769
              ]
            },
            {
              "id": 2,
              "amount": 0,
              "eligible_players": [
                176878769,
                3809754935
              ]
            }
          ]
        },
        {
          "player": 176878768,
          "action": "RAISE",
          "amount": 100,
          "timestamp": 1758145858134,
          "pot_after_action": 100,
          "side_pots_after_action": [
            {
              "amount": 100,
              "eligible_players": [
                176878769,
                3809754935
              ]
            }
          ],
          "total_pot_after_action": 115,
          "total_side_pots_after_action": [
            {
              "id": 0,
              "amount": 10,
              "eligible_players": [
                176878769,
                3809754935
              ]
            },
            {
              "id": 1,
              "amount": 5,
              "eligible_players": [
                176878769
              ]
            },
            {
              "id": 2,
              "amount": 100,
              "eligible_players": [
                176878769,
                3809754935
              ]
            }
          ]
        },
        {
          "player": 3809754934,
          "action": "FOLD",
          "amount": 0,
          "timestamp": 1758145858176,
          "pot_after_action": 100,
          "side_pots_after_action": [
            {
              "amount": 100,
              "eligible_players": [
                176878769,
                3809754935
              ]
            }
          ],
          "total_pot_after_action": 115,
          "total_side_pots_after_action": [
            {
              "id": 0,
              "amount": 10,
              "eligible_players": [
                176878769,
                3809754935
              ]
            },
            {
              "id": 1,
              "amount": 5,
              "eligible_players": [
                176878769
              ]
            },
            {
              "id": 2,
              "amount": 100,
              "eligible_players": [
                176878769,
                3809754935
              ]
            }
          ]
        }
      ],
      "actionTimes": {
        "3809754934": 85,
        "176878768": 43
      }
    }
  },
  "playerNames": {
    "176878768": "player176878769",
    "3809754934": "player3809754935"
  },
  "blinds": {
    "small": 5,
    "big": 10
  },
  "finalBoard": [
    "Qs",
    "5h",
    "Kh",
    "6s"
  ],
  "sidePots": [
    {
      "amount": 0,
      "eligible_players": [
        176878768
      ]
    }
  ],
  "playerMoney": {
    "initialAmount": 10000,
    "startingMoney": {
      "176878769": 10010,
      "3809754935": 9990
    },
    "startingDelta": {
      "176878769": 10,
      "3809754935": -10
    },
    "finalDelta": {
      "176878769": 15,
      "3809754935": -15
    },
    "gameScores": {
      "176878769": 5,
      "3809754935": -5
    },
    "finalMoney": {
      "176878769": 10015,
      "3809754935": 9985
    },
    "thisGameDelta": {
      "176878769": 5,
      "3809754935": -5
    }
  },
  "playerHands": {
    "176878768": [
      "Jd",
      "4d"
    ],
    "3809754934": [
      "Ts",
      "9s"
    ]
  },
  "usernameMapping": {
    "default": 176878769,
    "client_container_6519_test_client_test_moonshotai_kimi_k2_iter_5_20250917_145052_iter5": 3809754935
  },
  "playerIdToUsername": {
    "176878769": "default",
    "3809754935": "client_container_6519_test_client_test_moonshotai_kimi_k2_iter_5_20250917_145052_iter5"
  }
}