{
  "gameId": "681c6828-2ea3-4d53-8910-3227e9e81ee0",
  "rounds": {
    "0": {
      "pot": 15,
      "bets": {
        "3260798948": 5,
        "4070860725": 10
      },
      "actions": {
        "3260798948": "RAISE",
        "4070860725": "RAISE"
      },
      "action_sequence": [
        {
          "player": 3260798948,
          "action": "RAISE",
          "amount": 5,
          "timestamp": 1757646122651,
          "pot_after_action": 5,
          "side_pots_after_action": [
            {
              "amount": 5,
              "eligible_players": [
                3260798949,
                4070860726
              ]
            }
          ],
          "total_pot_after_action": 5,
          "total_side_pots_after_action": [
            {
              "id": 0,
              "amount": 5,
              "eligible_players": [
                3260798949,
                4070860726
              ]
            }
          ]
        },
        {
          "player": 4070860725,
          "action": "RAISE",
          "amount": 10,
          "timestamp": 1757646122651,
          "pot_after_action": 15,
          "side_pots_after_action": [
            {
              "amount": 10,
              "eligible_players": [
                3260798949,
                4070860726
              ]
            },
            {
              "amount": 5,
              "eligible_players": [
                4070860726
              ]
            }
          ],
          "total_pot_after_action": 15,
          "total_side_pots_after_action": [
            {
              "id": 0,
              "amount": 10,
              "eligible_players": [
                3260798949,
                4070860726
              ]
            },
            {
              "id": 1,
              "amount": 5,
              "eligible_players": [
                4070860726
              ]
            }
          ]
        }
      ],
      "actionTimes": {}
    },
    "1": {
      "pot": 100,
      "bets": {
        "3260798948": 100,
        "4070860725": 0
      },
      "actions": {
        "3260798948": "RAISE",
        "4070860725": "FOLD"
      },
      "action_sequence": [
        {
          "player": 3260798948,
          "action": "RAISE",
          "amount": 100,
          "timestamp": 1757646122655,
          "pot_after_action": 100,
          "side_pots_after_action": [
            {
              "amount": 100,
              "eligible_players": [
                3260798949,
                4070860726
              ]
            }
          ],
          "total_pot_after_action": 115,
          "total_side_pots_after_action": [
            {
              "id": 0,
              "amount": 10,
              "eligible_players": [
                3260798949,
                4070860726
              ]
            },
            {
              "id": 1,
              "amount": 5,
              "eligible_players": [
                4070860726
              ]
            },
            {
              "id": 2,
              "amount": 100,
              "eligible_players": [
                3260798949,
                4070860726
              ]
            }
          ]
        },
        {
          "player": 4070860725,
          "action": "FOLD",
          "amount": 0,
          "timestamp": 1757646122695,
          "pot_after_action": 100,
          "side_pots_after_action": [
            {
              "amount": 100,
              "eligible_players": [
                3260798949,
                4070860726
              ]
            }
          ],
          "total_pot_after_action": 115,
          "total_side_pots_after_action": [
            {
              "id": 0,
              "amount": 10,
              "eligible_players": [
                3260798949,
                4070860726
              ]
            },
            {
              "id": 1,
              "amount": 5,
              "eligible_players": [
                4070860726
              ]
            },
            {
              "id": 2,
              "amount": 100,
              "eligible_players": [
                3260798949,
                4070860726
              ]
            }
          ]
        }
      ],
      "actionTimes": {
        "3260798948": 4,
        "4070860725": 44
      }
    }
  },
  "playerNames": {
    "3260798948": "player3260798949",
    "4070860725": "player4070860726"
  },
  "blinds": {
    "small": 5,
    "big": 10
  },
  "finalBoard": [
    "3h",
    "5c",
    "Tc",
    "6c"
  ],
  "sidePots": [
    {
      "amount": 0,
      "eligible_players": [
        3260798948
      ]
    }
  ],
  "playerMoney": {
    "initialAmount": 10000,
    "startingMoney": {
      "3260798949": 10060,
      "4070860726": 9940
    },
    "startingDelta": {
      "3260798949": 60,
      "4070860726": -60
    },
    "finalDelta": {
      "3260798949": 70,
      "4070860726": -70
    },
    "gameScores": {
      "3260798949": 10,
      "4070860726": -10
    },
    "finalMoney": {
      "3260798949": 10070,
      "4070860726": 9930
    },
    "thisGameDelta": {
      "3260798949": 10,
      "4070860726": -10
    }
  },
  "playerHands": {
    "3260798948": [
      "Ks",
      "Ah"
    ],
    "4070860725": [
      "9h",
      "Th"
    ]
  },
  "usernameMapping": {
    "default": 3260798949,
    "client_container_5489_test_client_test_deepseek_deepseek_r1_0528_iter_3_20250911_200156_iter3": 4070860726
  },
  "playerIdToUsername": {
    "3260798949": "default",
    "4070860726": "client_container_5489_test_client_test_deepseek_deepseek_r1_0528_iter_3_20250911_200156_iter3"
  }
}