{
  "gameId": "681c6828-2ea3-4d53-8910-3227e9e81ee0",
  "rounds": {
    "0": {
      "pot": 15,
      "bets": {
        "3260798948": 10,
        "4070860725": 5
      },
      "actions": {
        "4070860725": "RAISE",
        "3260798948": "RAISE"
      },
      "action_sequence": [
        {
          "player": 4070860725,
          "action": "RAISE",
          "amount": 5,
          "timestamp": 1757646122477,
          "pot_after_action": 5,
          "side_pots_after_action": [
            {
              "amount": 5,
              "eligible_players": [
                3260798949,
                4070860726
              ]
            }
          ],
          "total_pot_after_action": 5,
          "total_side_pots_after_action": [
            {
              "id": 0,
              "amount": 5,
              "eligible_players": [
                3260798949,
                4070860726
              ]
            }
          ]
        },
        {
          "player": 3260798948,
          "action": "RAISE",
          "amount": 10,
          "timestamp": 1757646122477,
          "pot_after_action": 15,
          "side_pots_after_action": [
            {
              "amount": 10,
              "eligible_players": [
                3260798949,
                4070860726
              ]
            },
            {
              "amount": 5,
              "eligible_players": [
                3260798949
              ]
            }
          ],
          "total_pot_after_action": 15,
          "total_side_pots_after_action": [
            {
              "id": 0,
              "amount": 10,
              "eligible_players": [
                3260798949,
                4070860726
              ]
            },
            {
              "id": 1,
              "amount": 5,
              "eligible_players": [
                3260798949
              ]
            }
          ]
        }
      ],
      "actionTimes": {}
    },
    "1": {
      "pot": 100,
      "bets": {
        "3260798948": 100,
        "4070860725": 0
      },
      "actions": {
        "4070860725": "FOLD",
        "3260798948": "RAISE"
      },
      "action_sequence": [
        {
          "player": 4070860725,
          "action": "CHECK",
          "amount": 0,
          "timestamp": 1757646122521,
          "pot_after_action": 0,
          "side_pots_after_action": [
            {
              "amount": 0,
              "eligible_players": [
                3260798949,
                4070860726
              ]
            }
          ],
          "total_pot_after_action": 15,
          "total_side_pots_after_action": [
            {
              "id": 0,
              "amount": 10,
              "eligible_players": [
                3260798949,
                4070860726
              ]
            },
            {
              "id": 1,
              "amount": 5,
              "eligible_players": [
                3260798949
              ]
            },
            {
              "id": 2,
              "amount": 0,
              "eligible_players": [
                3260798949,
                4070860726
              ]
            }
          ]
        },
        {
          "player": 3260798948,
          "action": "RAISE",
          "amount": 100,
          "timestamp": 1757646122521,
          "pot_after_action": 100,
          "side_pots_after_action": [
            {
              "amount": 100,
              "eligible_players": [
                3260798949,
                4070860726
              ]
            }
          ],
          "total_pot_after_action": 115,
          "total_side_pots_after_action": [
            {
              "id": 0,
              "amount": 10,
              "eligible_players": [
                3260798949,
                4070860726
              ]
            },
            {
              "id": 1,
              "amount": 5,
              "eligible_players": [
                3260798949
              ]
            },
            {
              "id": 2,
              "amount": 100,
              "eligible_players": [
                3260798949,
                4070860726
              ]
            }
          ]
        },
        {
          "player": 4070860725,
          "action": "FOLD",
          "amount": 0,
          "timestamp": 1757646122563,
          "pot_after_action": 100,
          "side_pots_after_action": [
            {
              "amount": 100,
              "eligible_players": [
                3260798949,
                4070860726
              ]
            }
          ],
          "total_pot_after_action": 115,
          "total_side_pots_after_action": [
            {
              "id": 0,
              "amount": 10,
              "eligible_players": [
                3260798949,
                4070860726
              ]
            },
            {
              "id": 1,
              "amount": 5,
              "eligible_players": [
                3260798949
              ]
            },
            {
              "id": 2,
              "amount": 100,
              "eligible_players": [
                3260798949,
                4070860726
              ]
            }
          ]
        }
      ],
      "actionTimes": {
        "4070860725": 86,
        "3260798948": 44
      }
    }
  },
  "playerNames": {
    "3260798948": "player3260798949",
    "4070860725": "player4070860726"
  },
  "blinds": {
    "small": 5,
    "big": 10
  },
  "finalBoard": [
    "6h",
    "Ac",
    "Ks",
    "7c"
  ],
  "sidePots": [
    {
      "amount": 0,
      "eligible_players": [
        3260798948
      ]
    }
  ],
  "playerMoney": {
    "initialAmount": 10000,
    "startingMoney": {
      "3260798949": 10040,
      "4070860726": 9960
    },
    "startingDelta": {
      "3260798949": 40,
      "4070860726": -40
    },
    "finalDelta": {
      "3260798949": 45,
      "4070860726": -45
    },
    "gameScores": {
      "3260798949": 5,
      "4070860726": -5
    },
    "finalMoney": {
      "3260798949": 10045,
      "4070860726": 9955
    },
    "thisGameDelta": {
      "3260798949": 5,
      "4070860726": -5
    }
  },
  "playerHands": {
    "3260798948": [
      "Jh",
      "Qh"
    ],
    "4070860725": [
      "7d",
      "Jd"
    ]
  },
  "usernameMapping": {
    "default": 3260798949,
    "client_container_5489_test_client_test_deepseek_deepseek_r1_0528_iter_3_20250911_200156_iter3": 4070860726
  },
  "playerIdToUsername": {
    "3260798949": "default",
    "4070860726": "client_container_5489_test_client_test_deepseek_deepseek_r1_0528_iter_3_20250911_200156_iter3"
  }
}