{
  "gameId": "5f1395c0-3d44-4eab-a6a3-0e4dac536b3e",
  "rounds": {
    "0": {
      "pot": 15,
      "bets": {
        "402198103": 5,
        "3381619594": 10
      },
      "actions": {
        "402198103": "RAISE",
        "3381619594": "RAISE"
      },
      "action_sequence": [
        {
          "player": 402198103,
          "action": "RAISE",
          "amount": 5,
          "timestamp": 1758170787584,
          "pot_after_action": 5,
          "side_pots_after_action": [
            {
              "amount": 5,
              "eligible_players": [
                402198104,
                3381619595
              ]
            }
          ],
          "total_pot_after_action": 5,
          "total_side_pots_after_action": [
            {
              "id": 0,
              "amount": 5,
              "eligible_players": [
                402198104,
                3381619595
              ]
            }
          ]
        },
        {
          "player": 3381619594,
          "action": "RAISE",
          "amount": 10,
          "timestamp": 1758170787584,
          "pot_after_action": 15,
          "side_pots_after_action": [
            {
              "amount": 10,
              "eligible_players": [
                402198104,
                3381619595
              ]
            },
            {
              "amount": 5,
              "eligible_players": [
                3381619595
              ]
            }
          ],
          "total_pot_after_action": 15,
          "total_side_pots_after_action": [
            {
              "id": 0,
              "amount": 10,
              "eligible_players": [
                402198104,
                3381619595
              ]
            },
            {
              "id": 1,
              "amount": 5,
              "eligible_players": [
                3381619595
              ]
            }
          ]
        }
      ],
      "actionTimes": {}
    },
    "1": {
      "pot": 100,
      "bets": {
        "402198103": 100,
        "3381619594": 0
      },
      "actions": {
        "402198103": "RAISE",
        "3381619594": "FOLD"
      },
      "action_sequence": [
        {
          "player": 402198103,
          "action": "RAISE",
          "amount": 100,
          "timestamp": 1758170787587,
          "pot_after_action": 100,
          "side_pots_after_action": [
            {
              "amount": 100,
              "eligible_players": [
                402198104,
                3381619595
              ]
            }
          ],
          "total_pot_after_action": 115,
          "total_side_pots_after_action": [
            {
              "id": 0,
              "amount": 10,
              "eligible_players": [
                402198104,
                3381619595
              ]
            },
            {
              "id": 1,
              "amount": 5,
              "eligible_players": [
                3381619595
              ]
            },
            {
              "id": 2,
              "amount": 100,
              "eligible_players": [
                402198104,
                3381619595
              ]
            }
          ]
        },
        {
          "player": 3381619594,
          "action": "FOLD",
          "amount": 0,
          "timestamp": 1758170787626,
          "pot_after_action": 100,
          "side_pots_after_action": [
            {
              "amount": 100,
              "eligible_players": [
                402198104,
                3381619595
              ]
            }
          ],
          "total_pot_after_action": 115,
          "total_side_pots_after_action": [
            {
              "id": 0,
              "amount": 10,
              "eligible_players": [
                402198104,
                3381619595
              ]
            },
            {
              "id": 1,
              "amount": 5,
              "eligible_players": [
                3381619595
              ]
            },
            {
              "id": 2,
              "amount": 100,
              "eligible_players": [
                402198104,
                3381619595
              ]
            }
          ]
        }
      ],
      "actionTimes": {
        "402198103": 3,
        "3381619594": 42
      }
    }
  },
  "playerNames": {
    "402198103": "player402198104",
    "3381619594": "player3381619595"
  },
  "blinds": {
    "small": 5,
    "big": 10
  },
  "finalBoard": [
    "Ad",
    "9c",
    "3c",
    "3s"
  ],
  "sidePots": [
    {
      "amount": 0,
      "eligible_players": [
        402198103
      ]
    }
  ],
  "playerMoney": {
    "initialAmount": 10000,
    "startingMoney": {
      "402198104": 10015,
      "3381619595": 9985
    },
    "startingDelta": {
      "402198104": 15,
      "3381619595": -15
    },
    "finalDelta": {
      "402198104": 25,
      "3381619595": -25
    },
    "gameScores": {
      "402198104": 10,
      "3381619595": -10
    },
    "finalMoney": {
      "402198104": 10025,
      "3381619595": 9975
    },
    "thisGameDelta": {
      "402198104": 10,
      "3381619595": -10
    }
  },
  "playerHands": {
    "402198103": [
      "9h",
      "Tc"
    ],
    "3381619594": [
      "Js",
      "7d"
    ]
  },
  "usernameMapping": {
    "default": 402198104,
    "client_container_6730_test_client_test_x_ai_grok_4_iter_1_20250917_214621_iter1": 3381619595
  },
  "playerIdToUsername": {
    "402198104": "default",
    "3381619595": "client_container_6730_test_client_test_x_ai_grok_4_iter_1_20250917_214621_iter1"
  }
}