{
  "gameId": "5f1395c0-3d44-4eab-a6a3-0e4dac536b3e",
  "rounds": {
    "0": {
      "pot": 15,
      "bets": {
        "402198103": 5,
        "3381619594": 10
      },
      "actions": {
        "402198103": "RAISE",
        "3381619594": "RAISE"
      },
      "action_sequence": [
        {
          "player": 402198103,
          "action": "RAISE",
          "amount": 5,
          "timestamp": 1758170787698,
          "pot_after_action": 5,
          "side_pots_after_action": [
            {
              "amount": 5,
              "eligible_players": [
                402198104,
                3381619595
              ]
            }
          ],
          "total_pot_after_action": 5,
          "total_side_pots_after_action": [
            {
              "id": 0,
              "amount": 5,
              "eligible_players": [
                402198104,
                3381619595
              ]
            }
          ]
        },
        {
          "player": 3381619594,
          "action": "RAISE",
          "amount": 10,
          "timestamp": 1758170787698,
          "pot_after_action": 15,
          "side_pots_after_action": [
            {
              "amount": 10,
              "eligible_players": [
                402198104,
                3381619595
              ]
            },
            {
              "amount": 5,
              "eligible_players": [
                3381619595
              ]
            }
          ],
          "total_pot_after_action": 15,
          "total_side_pots_after_action": [
            {
              "id": 0,
              "amount": 10,
              "eligible_players": [
                402198104,
                3381619595
              ]
            },
            {
              "id": 1,
              "amount": 5,
              "eligible_players": [
                3381619595
              ]
            }
          ]
        }
      ],
      "actionTimes": {}
    },
    "1": {
      "pot": 400,
      "bets": {
        "402198103": 200,
        "3381619594": 200
      },
      "actions": {
        "402198103": "CALL",
        "3381619594": "RAISE"
      },
      "action_sequence": [
        {
          "player": 402198103,
          "action": "RAISE",
          "amount": 100,
          "timestamp": 1758170787701,
          "pot_after_action": 100,
          "side_pots_after_action": [
            {
              "amount": 100,
              "eligible_players": [
                402198104,
                3381619595
              ]
            }
          ],
          "total_pot_after_action": 115,
          "total_side_pots_after_action": [
            {
              "id": 0,
              "amount": 10,
              "eligible_players": [
                402198104,
                3381619595
              ]
            },
            {
              "id": 1,
              "amount": 5,
              "eligible_players": [
                3381619595
              ]
            },
            {
              "id": 2,
              "amount": 100,
              "eligible_players": [
                402198104,
                3381619595
              ]
            }
          ]
        },
        {
          "player": 3381619594,
          "action": "RAISE",
          "amount": 200,
          "timestamp": 1758170787743,
          "pot_after_action": 300,
          "side_pots_after_action": [
            {
              "amount": 200,
              "eligible_players": [
                402198104,
                3381619595
              ]
            },
            {
              "amount": 100,
              "eligible_players": [
                3381619595
              ]
            }
          ],
          "total_pot_after_action": 315,
          "total_side_pots_after_action": [
            {
              "id": 0,
              "amount": 10,
              "eligible_players": [
                402198104,
                3381619595
              ]
            },
            {
              "id": 1,
              "amount": 5,
              "eligible_players": [
                3381619595
              ]
            },
            {
              "id": 2,
              "amount": 200,
              "eligible_players": [
                402198104,
                3381619595
              ]
            },
            {
              "id": 3,
              "amount": 100,
              "eligible_players": [
                3381619595
              ]
            }
          ]
        },
        {
          "player": 402198103,
          "action": "CALL",
          "amount": 100,
          "timestamp": 1758170787744,
          "pot_after_action": 400,
          "side_pots_after_action": [
            {
              "amount": 400,
              "eligible_players": [
                402198104,
                3381619595
              ]
            }
          ],
          "total_pot_after_action": 415,
          "total_side_pots_after_action": [
            {
              "id": 0,
              "amount": 10,
              "eligible_players": [
                402198104,
                3381619595
              ]
            },
            {
              "id": 1,
              "amount": 5,
              "eligible_players": [
                3381619595
              ]
            },
            {
              "id": 2,
              "amount": 400,
              "eligible_players": [
                402198104,
                3381619595
              ]
            }
          ]
        }
      ],
      "actionTimes": {
        "402198103": 46,
        "3381619594": 45
      }
    },
    "2": {
      "pot": 0,
      "bets": {
        "402198103": 0,
        "3381619594": 0
      },
      "actions": {
        "402198103": "CHECK",
        "3381619594": "FOLD"
      },
      "action_sequence": [
        {
          "player": 402198103,
          "action": "CHECK",
          "amount": 0,
          "timestamp": 1758170787786,
          "pot_after_action": 0,
          "side_pots_after_action": [
            {
              "amount": 0,
              "eligible_players": [
                402198104,
                3381619595
              ]
            }
          ],
          "total_pot_after_action": 415,
          "total_side_pots_after_action": [
            {
              "id": 0,
              "amount": 10,
              "eligible_players": [
                402198104,
                3381619595
              ]
            },
            {
              "id": 1,
              "amount": 5,
              "eligible_players": [
                3381619595
              ]
            },
            {
              "id": 2,
              "amount": 400,
              "eligible_players": [
                402198104,
                3381619595
              ]
            },
            {
              "id": 3,
              "amount": 0,
              "eligible_players": [
                402198104,
                3381619595
              ]
            }
          ]
        },
        {
          "player": 3381619594,
          "action": "FOLD",
          "amount": 0,
          "timestamp": 1758170787787,
          "pot_after_action": 0,
          "side_pots_after_action": [
            {
              "amount": 0,
              "eligible_players": [
                402198104,
                3381619595
              ]
            }
          ],
          "total_pot_after_action": 415,
          "total_side_pots_after_action": [
            {
              "id": 0,
              "amount": 10,
              "eligible_players": [
                402198104,
                3381619595
              ]
            },
            {
              "id": 1,
              "amount": 5,
              "eligible_players": [
                3381619595
              ]
            },
            {
              "id": 2,
              "amount": 400,
              "eligible_players": [
                402198104,
                3381619595
              ]
            },
            {
              "id": 3,
              "amount": 0,
              "eligible_players": [
                402198104,
                3381619595
              ]
            }
          ]
        }
      ],
      "actionTimes": {
        "402198103": 88,
        "3381619594": 89
      }
    }
  },
  "playerNames": {
    "402198103": "player402198104",
    "3381619594": "player3381619595"
  },
  "blinds": {
    "small": 5,
    "big": 10
  },
  "finalBoard": [
    "5d",
    "2c",
    "8h",
    "8c",
    "2s"
  ],
  "sidePots": [
    {
      "amount": 0,
      "eligible_players": [
        402198103
      ]
    }
  ],
  "playerMoney": {
    "initialAmount": 10000,
    "startingMoney": {
      "402198104": 10030,
      "3381619595": 9970
    },
    "startingDelta": {
      "402198104": 30,
      "3381619595": -30
    },
    "finalDelta": {
      "402198104": 240,
      "3381619595": -240
    },
    "gameScores": {
      "402198104": 210,
      "3381619595": -210
    },
    "finalMoney": {
      "402198104": 10240,
      "3381619595": 9760
    },
    "thisGameDelta": {
      "402198104": 210,
      "3381619595": -210
    }
  },
  "playerHands": {
    "402198103": [
      "3c",
      "Td"
    ],
    "3381619594": [
      "2h",
      "5c"
    ]
  },
  "usernameMapping": {
    "default": 402198104,
    "client_container_6730_test_client_test_x_ai_grok_4_iter_1_20250917_214621_iter1": 3381619595
  },
  "playerIdToUsername": {
    "402198104": "default",
    "3381619595": "client_container_6730_test_client_test_x_ai_grok_4_iter_1_20250917_214621_iter1"
  }
}