{
  "gameId": "5f1395c0-3d44-4eab-a6a3-0e4dac536b3e",
  "rounds": {
    "0": {
      "pot": 15,
      "bets": {
        "402198103": 10,
        "3381619594": 5
      },
      "actions": {
        "3381619594": "RAISE",
        "402198103": "RAISE"
      },
      "action_sequence": [
        {
          "player": 3381619594,
          "action": "RAISE",
          "amount": 5,
          "timestamp": 1758170788075,
          "pot_after_action": 5,
          "side_pots_after_action": [
            {
              "amount": 5,
              "eligible_players": [
                402198104,
                3381619595
              ]
            }
          ],
          "total_pot_after_action": 5,
          "total_side_pots_after_action": [
            {
              "id": 0,
              "amount": 5,
              "eligible_players": [
                402198104,
                3381619595
              ]
            }
          ]
        },
        {
          "player": 402198103,
          "action": "RAISE",
          "amount": 10,
          "timestamp": 1758170788075,
          "pot_after_action": 15,
          "side_pots_after_action": [
            {
              "amount": 10,
              "eligible_players": [
                402198104,
                3381619595
              ]
            },
            {
              "amount": 5,
              "eligible_players": [
                402198104
              ]
            }
          ],
          "total_pot_after_action": 15,
          "total_side_pots_after_action": [
            {
              "id": 0,
              "amount": 10,
              "eligible_players": [
                402198104,
                3381619595
              ]
            },
            {
              "id": 1,
              "amount": 5,
              "eligible_players": [
                402198104
              ]
            }
          ]
        }
      ],
      "actionTimes": {}
    },
    "1": {
      "pot": 100,
      "bets": {
        "402198103": 100,
        "3381619594": 0
      },
      "actions": {
        "3381619594": "FOLD",
        "402198103": "RAISE"
      },
      "action_sequence": [
        {
          "player": 3381619594,
          "action": "CHECK",
          "amount": 0,
          "timestamp": 1758170788079,
          "pot_after_action": 0,
          "side_pots_after_action": [
            {
              "amount": 0,
              "eligible_players": [
                402198104,
                3381619595
              ]
            }
          ],
          "total_pot_after_action": 15,
          "total_side_pots_after_action": [
            {
              "id": 0,
              "amount": 10,
              "eligible_players": [
                402198104,
                3381619595
              ]
            },
            {
              "id": 1,
              "amount": 5,
              "eligible_players": [
                402198104
              ]
            },
            {
              "id": 2,
              "amount": 0,
              "eligible_players": [
                402198104,
                3381619595
              ]
            }
          ]
        },
        {
          "player": 402198103,
          "action": "RAISE",
          "amount": 100,
          "timestamp": 1758170788080,
          "pot_after_action": 100,
          "side_pots_after_action": [
            {
              "amount": 100,
              "eligible_players": [
                402198104,
                3381619595
              ]
            }
          ],
          "total_pot_after_action": 115,
          "total_side_pots_after_action": [
            {
              "id": 0,
              "amount": 10,
              "eligible_players": [
                402198104,
                3381619595
              ]
            },
            {
              "id": 1,
              "amount": 5,
              "eligible_players": [
                402198104
              ]
            },
            {
              "id": 2,
              "amount": 100,
              "eligible_players": [
                402198104,
                3381619595
              ]
            }
          ]
        },
        {
          "player": 3381619594,
          "action": "FOLD",
          "amount": 0,
          "timestamp": 1758170788121,
          "pot_after_action": 100,
          "side_pots_after_action": [
            {
              "amount": 100,
              "eligible_players": [
                402198104,
                3381619595
              ]
            }
          ],
          "total_pot_after_action": 115,
          "total_side_pots_after_action": [
            {
              "id": 0,
              "amount": 10,
              "eligible_players": [
                402198104,
                3381619595
              ]
            },
            {
              "id": 1,
              "amount": 5,
              "eligible_players": [
                402198104
              ]
            },
            {
              "id": 2,
              "amount": 100,
              "eligible_players": [
                402198104,
                3381619595
              ]
            }
          ]
        }
      ],
      "actionTimes": {
        "3381619594": 47,
        "402198103": 6
      }
    }
  },
  "playerNames": {
    "402198103": "player402198104",
    "3381619594": "player3381619595"
  },
  "blinds": {
    "small": 5,
    "big": 10
  },
  "finalBoard": [
    "Jd",
    "Ts",
    "5s",
    "3s"
  ],
  "sidePots": [
    {
      "amount": 0,
      "eligible_players": [
        402198103
      ]
    }
  ],
  "playerMoney": {
    "initialAmount": 10000,
    "startingMoney": {
      "402198104": 10270,
      "3381619595": 9730
    },
    "startingDelta": {
      "402198104": 270,
      "3381619595": -270
    },
    "finalDelta": {
      "402198104": 275,
      "3381619595": -275
    },
    "gameScores": {
      "402198104": 5,
      "3381619595": -5
    },
    "finalMoney": {
      "402198104": 10275,
      "3381619595": 9725
    },
    "thisGameDelta": {
      "402198104": 5,
      "3381619595": -5
    }
  },
  "playerHands": {
    "402198103": [
      "7h",
      "Js"
    ],
    "3381619594": [
      "Ah",
      "Td"
    ]
  },
  "usernameMapping": {
    "default": 402198104,
    "client_container_6730_test_client_test_x_ai_grok_4_iter_1_20250917_214621_iter1": 3381619595
  },
  "playerIdToUsername": {
    "402198104": "default",
    "3381619595": "client_container_6730_test_client_test_x_ai_grok_4_iter_1_20250917_214621_iter1"
  }
}