{
  "gameId": "cae7e7df-4f3b-4ef6-b530-4bbb3f4c7246",
  "rounds": {
    "0": {
      "pot": 15,
      "bets": {
        "718930448": 10,
        "3377969245": 5
      },
      "actions": {
        "3377969245": "RAISE",
        "718930448": "RAISE"
      },
      "action_sequence": [
        {
          "player": 3377969245,
          "action": "RAISE",
          "amount": 5,
          "timestamp": 1756691618364,
          "pot_after_action": 5,
          "side_pots_after_action": [
            {
              "amount": 5,
              "eligible_players": [
                718930449,
                3377969246
              ]
            }
          ],
          "total_pot_after_action": 5,
          "total_side_pots_after_action": [
            {
              "id": 0,
              "amount": 5,
              "eligible_players": [
                718930449,
                3377969246
              ]
            }
          ]
        },
        {
          "player": 718930448,
          "action": "RAISE",
          "amount": 10,
          "timestamp": 1756691618364,
          "pot_after_action": 15,
          "side_pots_after_action": [
            {
              "amount": 10,
              "eligible_players": [
                718930449,
                3377969246
              ]
            },
            {
              "amount": 5,
              "eligible_players": [
                718930449
              ]
            }
          ],
          "total_pot_after_action": 15,
          "total_side_pots_after_action": [
            {
              "id": 0,
              "amount": 10,
              "eligible_players": [
                718930449,
                3377969246
              ]
            },
            {
              "id": 1,
              "amount": 5,
              "eligible_players": [
                718930449
              ]
            }
          ]
        }
      ],
      "actionTimes": {}
    },
    "1": {
      "pot": 100,
      "bets": {
        "718930448": 100,
        "3377969245": 0
      },
      "actions": {
        "3377969245": "FOLD",
        "718930448": "RAISE"
      },
      "action_sequence": [
        {
          "player": 3377969245,
          "action": "CHECK",
          "amount": 0,
          "timestamp": 1756691618372,
          "pot_after_action": 0,
          "side_pots_after_action": [
            {
              "amount": 0,
              "eligible_players": [
                718930449,
                3377969246
              ]
            }
          ],
          "total_pot_after_action": 15,
          "total_side_pots_after_action": [
            {
              "id": 0,
              "amount": 10,
              "eligible_players": [
                718930449,
                3377969246
              ]
            },
            {
              "id": 1,
              "amount": 5,
              "eligible_players": [
                718930449
              ]
            },
            {
              "id": 2,
              "amount": 0,
              "eligible_players": [
                718930449,
                3377969246
              ]
            }
          ]
        },
        {
          "player": 718930448,
          "action": "RAISE",
          "amount": 100,
          "timestamp": 1756691618373,
          "pot_after_action": 100,
          "side_pots_after_action": [
            {
              "amount": 100,
              "eligible_players": [
                718930449,
                3377969246
              ]
            }
          ],
          "total_pot_after_action": 115,
          "total_side_pots_after_action": [
            {
              "id": 0,
              "amount": 10,
              "eligible_players": [
                718930449,
                3377969246
              ]
            },
            {
              "id": 1,
              "amount": 5,
              "eligible_players": [
                718930449
              ]
            },
            {
              "id": 2,
              "amount": 100,
              "eligible_players": [
                718930449,
                3377969246
              ]
            }
          ]
        },
        {
          "player": 3377969245,
          "action": "FOLD",
          "amount": 0,
          "timestamp": 1756691618414,
          "pot_after_action": 100,
          "side_pots_after_action": [
            {
              "amount": 100,
              "eligible_players": [
                718930449,
                3377969246
              ]
            }
          ],
          "total_pot_after_action": 115,
          "total_side_pots_after_action": [
            {
              "id": 0,
              "amount": 10,
              "eligible_players": [
                718930449,
                3377969246
              ]
            },
            {
              "id": 1,
              "amount": 5,
              "eligible_players": [
                718930449
              ]
            },
            {
              "id": 2,
              "amount": 100,
              "eligible_players": [
                718930449,
                3377969246
              ]
            }
          ]
        }
      ],
      "actionTimes": {
        "3377969245": 50,
        "718930448": 9
      }
    }
  },
  "playerNames": {
    "718930448": "player718930449",
    "3377969245": "player3377969246"
  },
  "blinds": {
    "small": 5,
    "big": 10
  },
  "finalBoard": [
    "3s",
    "6c",
    "Qh",
    "3h"
  ],
  "sidePots": [
    {
      "amount": 0,
      "eligible_players": [
        718930448
      ]
    }
  ],
  "playerMoney": {
    "initialAmount": 10000,
    "startingMoney": {
      "718930449": 10055,
      "3377969246": 9945
    },
    "startingDelta": {
      "718930449": 55,
      "3377969246": -55
    },
    "finalDelta": {
      "718930449": 60,
      "3377969246": -60
    },
    "gameScores": {
      "718930449": 5,
      "3377969246": -5
    },
    "finalMoney": {
      "718930449": 10060,
      "3377969246": 9940
    },
    "thisGameDelta": {
      "718930449": 5,
      "3377969246": -5
    }
  },
  "playerHands": {
    "718930448": [
      "7c",
      "Ah"
    ],
    "3377969245": [
      "Kd",
      "7h"
    ]
  },
  "usernameMapping": {
    "default": 718930449,
    "client_container_5270_test_client_test_moonshotai_kimi_k2_iter_1_20250831_185331_iter1": 3377969246
  },
  "playerIdToUsername": {
    "718930449": "default",
    "3377969246": "client_container_5270_test_client_test_moonshotai_kimi_k2_iter_1_20250831_185331_iter1"
  }
}