{
  "gameId": "74fffe58-3db8-4a58-99dc-06e73400ca5b",
  "rounds": {
    "0": {
      "pot": 15,
      "bets": {
        "1134939647": 5,
        "3939253840": 10
      },
      "actions": {
        "1134939647": "RAISE",
        "3939253840": "RAISE"
      },
      "action_sequence": [
        {
          "player": 1134939647,
          "action": "RAISE",
          "amount": 5,
          "timestamp": 1758172317573,
          "pot_after_action": 5,
          "side_pots_after_action": [
            {
              "amount": 5,
              "eligible_players": [
                1134939648,
                3939253841
              ]
            }
          ],
          "total_pot_after_action": 5,
          "total_side_pots_after_action": [
            {
              "id": 0,
              "amount": 5,
              "eligible_players": [
                1134939648,
                3939253841
              ]
            }
          ]
        },
        {
          "player": 3939253840,
          "action": "RAISE",
          "amount": 10,
          "timestamp": 1758172317573,
          "pot_after_action": 15,
          "side_pots_after_action": [
            {
              "amount": 10,
              "eligible_players": [
                1134939648,
                3939253841
              ]
            },
            {
              "amount": 5,
              "eligible_players": [
                3939253841
              ]
            }
          ],
          "total_pot_after_action": 15,
          "total_side_pots_after_action": [
            {
              "id": 0,
              "amount": 10,
              "eligible_players": [
                1134939648,
                3939253841
              ]
            },
            {
              "id": 1,
              "amount": 5,
              "eligible_players": [
                3939253841
              ]
            }
          ]
        }
      ],
      "actionTimes": {}
    },
    "1": {
      "pot": 100,
      "bets": {
        "1134939647": 100,
        "3939253840": 0
      },
      "actions": {
        "1134939647": "RAISE",
        "3939253840": "FOLD"
      },
      "action_sequence": [
        {
          "player": 1134939647,
          "action": "RAISE",
          "amount": 100,
          "timestamp": 1758172317576,
          "pot_after_action": 100,
          "side_pots_after_action": [
            {
              "amount": 100,
              "eligible_players": [
                1134939648,
                3939253841
              ]
            }
          ],
          "total_pot_after_action": 115,
          "total_side_pots_after_action": [
            {
              "id": 0,
              "amount": 10,
              "eligible_players": [
                1134939648,
                3939253841
              ]
            },
            {
              "id": 1,
              "amount": 5,
              "eligible_players": [
                3939253841
              ]
            },
            {
              "id": 2,
              "amount": 100,
              "eligible_players": [
                1134939648,
                3939253841
              ]
            }
          ]
        },
        {
          "player": 3939253840,
          "action": "FOLD",
          "amount": 0,
          "timestamp": 1758172317617,
          "pot_after_action": 100,
          "side_pots_after_action": [
            {
              "amount": 100,
              "eligible_players": [
                1134939648,
                3939253841
              ]
            }
          ],
          "total_pot_after_action": 115,
          "total_side_pots_after_action": [
            {
              "id": 0,
              "amount": 10,
              "eligible_players": [
                1134939648,
                3939253841
              ]
            },
            {
              "id": 1,
              "amount": 5,
              "eligible_players": [
                3939253841
              ]
            },
            {
              "id": 2,
              "amount": 100,
              "eligible_players": [
                1134939648,
                3939253841
              ]
            }
          ]
        }
      ],
      "actionTimes": {
        "1134939647": 3,
        "3939253840": 44
      }
    }
  },
  "playerNames": {
    "1134939647": "player1134939648",
    "3939253840": "player3939253841"
  },
  "blinds": {
    "small": 5,
    "big": 10
  },
  "finalBoard": [
    "4d",
    "4c",
    "Kc",
    "7d"
  ],
  "sidePots": [
    {
      "amount": 0,
      "eligible_players": [
        1134939647
      ]
    }
  ],
  "playerMoney": {
    "initialAmount": 10000,
    "startingMoney": {
      "1134939648": 10145,
      "3939253841": 9855
    },
    "startingDelta": {
      "1134939648": 145,
      "3939253841": -145
    },
    "finalDelta": {
      "1134939648": 155,
      "3939253841": -155
    },
    "gameScores": {
      "1134939648": 10,
      "3939253841": -10
    },
    "finalMoney": {
      "1134939648": 10155,
      "3939253841": 9845
    },
    "thisGameDelta": {
      "1134939648": 10,
      "3939253841": -10
    }
  },
  "playerHands": {
    "1134939647": [
      "7s",
      "5s"
    ],
    "3939253840": [
      "3c",
      "Ts"
    ]
  },
  "usernameMapping": {
    "default": 1134939648,
    "client_container_5489_test_client_test_moonshotai_kimi_k2_iter_4_20250917_221151_iter4": 3939253841
  },
  "playerIdToUsername": {
    "1134939648": "default",
    "3939253841": "client_container_5489_test_client_test_moonshotai_kimi_k2_iter_4_20250917_221151_iter4"
  }
}