{
  "gameId": "74fffe58-3db8-4a58-99dc-06e73400ca5b",
  "rounds": {
    "0": {
      "pot": 15,
      "bets": {
        "1134939647": 5,
        "3939253840": 10
      },
      "actions": {
        "1134939647": "RAISE",
        "3939253840": "RAISE"
      },
      "action_sequence": [
        {
          "player": 1134939647,
          "action": "RAISE",
          "amount": 5,
          "timestamp": 1758172317224,
          "pot_after_action": 5,
          "side_pots_after_action": [
            {
              "amount": 5,
              "eligible_players": [
                1134939648,
                3939253841
              ]
            }
          ],
          "total_pot_after_action": 5,
          "total_side_pots_after_action": [
            {
              "id": 0,
              "amount": 5,
              "eligible_players": [
                1134939648,
                3939253841
              ]
            }
          ]
        },
        {
          "player": 3939253840,
          "action": "RAISE",
          "amount": 10,
          "timestamp": 1758172317224,
          "pot_after_action": 15,
          "side_pots_after_action": [
            {
              "amount": 10,
              "eligible_players": [
                1134939648,
                3939253841
              ]
            },
            {
              "amount": 5,
              "eligible_players": [
                3939253841
              ]
            }
          ],
          "total_pot_after_action": 15,
          "total_side_pots_after_action": [
            {
              "id": 0,
              "amount": 10,
              "eligible_players": [
                1134939648,
                3939253841
              ]
            },
            {
              "id": 1,
              "amount": 5,
              "eligible_players": [
                3939253841
              ]
            }
          ]
        }
      ],
      "actionTimes": {}
    },
    "1": {
      "pot": 200,
      "bets": {
        "1134939647": 100,
        "3939253840": 100
      },
      "actions": {
        "1134939647": "RAISE",
        "3939253840": "CALL"
      },
      "action_sequence": [
        {
          "player": 1134939647,
          "action": "RAISE",
          "amount": 100,
          "timestamp": 1758172317228,
          "pot_after_action": 100,
          "side_pots_after_action": [
            {
              "amount": 100,
              "eligible_players": [
                1134939648,
                3939253841
              ]
            }
          ],
          "total_pot_after_action": 115,
          "total_side_pots_after_action": [
            {
              "id": 0,
              "amount": 10,
              "eligible_players": [
                1134939648,
                3939253841
              ]
            },
            {
              "id": 1,
              "amount": 5,
              "eligible_players": [
                3939253841
              ]
            },
            {
              "id": 2,
              "amount": 100,
              "eligible_players": [
                1134939648,
                3939253841
              ]
            }
          ]
        },
        {
          "player": 3939253840,
          "action": "CALL",
          "amount": 100,
          "timestamp": 1758172317229,
          "pot_after_action": 200,
          "side_pots_after_action": [
            {
              "amount": 200,
              "eligible_players": [
                1134939648,
                3939253841
              ]
            }
          ],
          "total_pot_after_action": 215,
          "total_side_pots_after_action": [
            {
              "id": 0,
              "amount": 10,
              "eligible_players": [
                1134939648,
                3939253841
              ]
            },
            {
              "id": 1,
              "amount": 5,
              "eligible_players": [
                3939253841
              ]
            },
            {
              "id": 2,
              "amount": 200,
              "eligible_players": [
                1134939648,
                3939253841
              ]
            }
          ]
        }
      ],
      "actionTimes": {
        "1134939647": 5,
        "3939253840": 6
      }
    },
    "2": {
      "pot": 0,
      "bets": {
        "1134939647": 0,
        "3939253840": 0
      },
      "actions": {
        "1134939647": "CHECK",
        "3939253840": "FOLD"
      },
      "action_sequence": [
        {
          "player": 1134939647,
          "action": "CHECK",
          "amount": 0,
          "timestamp": 1758172317271,
          "pot_after_action": 0,
          "side_pots_after_action": [
            {
              "amount": 0,
              "eligible_players": [
                1134939648,
                3939253841
              ]
            }
          ],
          "total_pot_after_action": 215,
          "total_side_pots_after_action": [
            {
              "id": 0,
              "amount": 10,
              "eligible_players": [
                1134939648,
                3939253841
              ]
            },
            {
              "id": 1,
              "amount": 5,
              "eligible_players": [
                3939253841
              ]
            },
            {
              "id": 2,
              "amount": 200,
              "eligible_players": [
                1134939648,
                3939253841
              ]
            },
            {
              "id": 3,
              "amount": 0,
              "eligible_players": [
                1134939648,
                3939253841
              ]
            }
          ]
        },
        {
          "player": 3939253840,
          "action": "FOLD",
          "amount": 0,
          "timestamp": 1758172317272,
          "pot_after_action": 0,
          "side_pots_after_action": [
            {
              "amount": 0,
              "eligible_players": [
                1134939648,
                3939253841
              ]
            }
          ],
          "total_pot_after_action": 215,
          "total_side_pots_after_action": [
            {
              "id": 0,
              "amount": 10,
              "eligible_players": [
                1134939648,
                3939253841
              ]
            },
            {
              "id": 1,
              "amount": 5,
              "eligible_players": [
                3939253841
              ]
            },
            {
              "id": 2,
              "amount": 200,
              "eligible_players": [
                1134939648,
                3939253841
              ]
            },
            {
              "id": 3,
              "amount": 0,
              "eligible_players": [
                1134939648,
                3939253841
              ]
            }
          ]
        }
      ],
      "actionTimes": {
        "1134939647": 48,
        "3939253840": 49
      }
    }
  },
  "playerNames": {
    "1134939647": "player1134939648",
    "3939253840": "player3939253841"
  },
  "blinds": {
    "small": 5,
    "big": 10
  },
  "finalBoard": [
    "8h",
    "8s",
    "9c",
    "Ac",
    "Ts"
  ],
  "sidePots": [
    {
      "amount": 0,
      "eligible_players": [
        1134939647
      ]
    }
  ],
  "playerMoney": {
    "initialAmount": 10000,
    "startingMoney": {
      "1134939648": 10000,
      "3939253841": 10000
    },
    "startingDelta": {
      "1134939648": 0,
      "3939253841": 0
    },
    "finalDelta": {
      "1134939648": 110,
      "3939253841": -110
    },
    "gameScores": {
      "1134939648": 110,
      "3939253841": -110
    },
    "finalMoney": {
      "1134939648": 10110,
      "3939253841": 9890
    },
    "thisGameDelta": {
      "1134939648": 110,
      "3939253841": -110
    }
  },
  "playerHands": {
    "1134939647": [
      "Ad",
      "6d"
    ],
    "3939253840": [
      "4h",
      "4s"
    ]
  },
  "usernameMapping": {
    "default": 1134939648,
    "client_container_5489_test_client_test_moonshotai_kimi_k2_iter_4_20250917_221151_iter4": 3939253841
  },
  "playerIdToUsername": {
    "1134939648": "default",
    "3939253841": "client_container_5489_test_client_test_moonshotai_kimi_k2_iter_4_20250917_221151_iter4"
  }
}