{
  "gameId": "74fffe58-3db8-4a58-99dc-06e73400ca5b",
  "rounds": {
    "0": {
      "pot": 15,
      "bets": {
        "1134939647": 5,
        "3939253840": 10
      },
      "actions": {
        "1134939647": "RAISE",
        "3939253840": "RAISE"
      },
      "action_sequence": [
        {
          "player": 1134939647,
          "action": "RAISE",
          "amount": 5,
          "timestamp": 1758172317456,
          "pot_after_action": 5,
          "side_pots_after_action": [
            {
              "amount": 5,
              "eligible_players": [
                1134939648,
                3939253841
              ]
            }
          ],
          "total_pot_after_action": 5,
          "total_side_pots_after_action": [
            {
              "id": 0,
              "amount": 5,
              "eligible_players": [
                1134939648,
                3939253841
              ]
            }
          ]
        },
        {
          "player": 3939253840,
          "action": "RAISE",
          "amount": 10,
          "timestamp": 1758172317456,
          "pot_after_action": 15,
          "side_pots_after_action": [
            {
              "amount": 10,
              "eligible_players": [
                1134939648,
                3939253841
              ]
            },
            {
              "amount": 5,
              "eligible_players": [
                3939253841
              ]
            }
          ],
          "total_pot_after_action": 15,
          "total_side_pots_after_action": [
            {
              "id": 0,
              "amount": 10,
              "eligible_players": [
                1134939648,
                3939253841
              ]
            },
            {
              "id": 1,
              "amount": 5,
              "eligible_players": [
                3939253841
              ]
            }
          ]
        }
      ],
      "actionTimes": {}
    },
    "1": {
      "pot": 100,
      "bets": {
        "1134939647": 100,
        "3939253840": 0
      },
      "actions": {
        "1134939647": "RAISE",
        "3939253840": "FOLD"
      },
      "action_sequence": [
        {
          "player": 1134939647,
          "action": "RAISE",
          "amount": 100,
          "timestamp": 1758172317460,
          "pot_after_action": 100,
          "side_pots_after_action": [
            {
              "amount": 100,
              "eligible_players": [
                1134939648,
                3939253841
              ]
            }
          ],
          "total_pot_after_action": 115,
          "total_side_pots_after_action": [
            {
              "id": 0,
              "amount": 10,
              "eligible_players": [
                1134939648,
                3939253841
              ]
            },
            {
              "id": 1,
              "amount": 5,
              "eligible_players": [
                3939253841
              ]
            },
            {
              "id": 2,
              "amount": 100,
              "eligible_players": [
                1134939648,
                3939253841
              ]
            }
          ]
        },
        {
          "player": 3939253840,
          "action": "FOLD",
          "amount": 0,
          "timestamp": 1758172317498,
          "pot_after_action": 100,
          "side_pots_after_action": [
            {
              "amount": 100,
              "eligible_players": [
                1134939648,
                3939253841
              ]
            }
          ],
          "total_pot_after_action": 115,
          "total_side_pots_after_action": [
            {
              "id": 0,
              "amount": 10,
              "eligible_players": [
                1134939648,
                3939253841
              ]
            },
            {
              "id": 1,
              "amount": 5,
              "eligible_players": [
                3939253841
              ]
            },
            {
              "id": 2,
              "amount": 100,
              "eligible_players": [
                1134939648,
                3939253841
              ]
            }
          ]
        }
      ],
      "actionTimes": {
        "1134939647": 4,
        "3939253840": 42
      }
    }
  },
  "playerNames": {
    "1134939647": "player1134939648",
    "3939253840": "player3939253841"
  },
  "blinds": {
    "small": 5,
    "big": 10
  },
  "finalBoard": [
    "6h",
    "Th",
    "9d",
    "Kh"
  ],
  "sidePots": [
    {
      "amount": 0,
      "eligible_players": [
        1134939647
      ]
    }
  ],
  "playerMoney": {
    "initialAmount": 10000,
    "startingMoney": {
      "1134939648": 10130,
      "3939253841": 9870
    },
    "startingDelta": {
      "1134939648": 130,
      "3939253841": -130
    },
    "finalDelta": {
      "1134939648": 140,
      "3939253841": -140
    },
    "gameScores": {
      "1134939648": 10,
      "3939253841": -10
    },
    "finalMoney": {
      "1134939648": 10140,
      "3939253841": 9860
    },
    "thisGameDelta": {
      "1134939648": 10,
      "3939253841": -10
    }
  },
  "playerHands": {
    "1134939647": [
      "3s",
      "4c"
    ],
    "3939253840": [
      "Ad",
      "Qc"
    ]
  },
  "usernameMapping": {
    "default": 1134939648,
    "client_container_5489_test_client_test_moonshotai_kimi_k2_iter_4_20250917_221151_iter4": 3939253841
  },
  "playerIdToUsername": {
    "1134939648": "default",
    "3939253841": "client_container_5489_test_client_test_moonshotai_kimi_k2_iter_4_20250917_221151_iter4"
  }
}