{
  "gameId": "74fffe58-3db8-4a58-99dc-06e73400ca5b",
  "rounds": {
    "0": {
      "pot": 15,
      "bets": {
        "1134939647": 10,
        "3939253840": 5
      },
      "actions": {
        "3939253840": "RAISE",
        "1134939647": "RAISE"
      },
      "action_sequence": [
        {
          "player": 3939253840,
          "action": "RAISE",
          "amount": 5,
          "timestamp": 1758172317286,
          "pot_after_action": 5,
          "side_pots_after_action": [
            {
              "amount": 5,
              "eligible_players": [
                1134939648,
                3939253841
              ]
            }
          ],
          "total_pot_after_action": 5,
          "total_side_pots_after_action": [
            {
              "id": 0,
              "amount": 5,
              "eligible_players": [
                1134939648,
                3939253841
              ]
            }
          ]
        },
        {
          "player": 1134939647,
          "action": "RAISE",
          "amount": 10,
          "timestamp": 1758172317286,
          "pot_after_action": 15,
          "side_pots_after_action": [
            {
              "amount": 10,
              "eligible_players": [
                1134939648,
                3939253841
              ]
            },
            {
              "amount": 5,
              "eligible_players": [
                1134939648
              ]
            }
          ],
          "total_pot_after_action": 15,
          "total_side_pots_after_action": [
            {
              "id": 0,
              "amount": 10,
              "eligible_players": [
                1134939648,
                3939253841
              ]
            },
            {
              "id": 1,
              "amount": 5,
              "eligible_players": [
                1134939648
              ]
            }
          ]
        }
      ],
      "actionTimes": {}
    },
    "1": {
      "pot": 100,
      "bets": {
        "1134939647": 100,
        "3939253840": 0
      },
      "actions": {
        "3939253840": "FOLD",
        "1134939647": "RAISE"
      },
      "action_sequence": [
        {
          "player": 3939253840,
          "action": "FOLD",
          "amount": 0,
          "timestamp": 1758172317328,
          "pot_after_action": 0,
          "side_pots_after_action": [
            {
              "amount": 0,
              "eligible_players": [
                1134939648,
                3939253841
              ]
            }
          ],
          "total_pot_after_action": 15,
          "total_side_pots_after_action": [
            {
              "id": 0,
              "amount": 10,
              "eligible_players": [
                1134939648,
                3939253841
              ]
            },
            {
              "id": 1,
              "amount": 5,
              "eligible_players": [
                1134939648
              ]
            },
            {
              "id": 2,
              "amount": 0,
              "eligible_players": [
                1134939648,
                3939253841
              ]
            }
          ]
        },
        {
          "player": 1134939647,
          "action": "RAISE",
          "amount": 100,
          "timestamp": 1758172317329,
          "pot_after_action": 100,
          "side_pots_after_action": [
            {
              "amount": 100,
              "eligible_players": [
                1134939648,
                3939253841
              ]
            }
          ],
          "total_pot_after_action": 115,
          "total_side_pots_after_action": [
            {
              "id": 0,
              "amount": 10,
              "eligible_players": [
                1134939648,
                3939253841
              ]
            },
            {
              "id": 1,
              "amount": 5,
              "eligible_players": [
                1134939648
              ]
            },
            {
              "id": 2,
              "amount": 100,
              "eligible_players": [
                1134939648,
                3939253841
              ]
            }
          ]
        }
      ],
      "actionTimes": {
        "3939253840": 42,
        "1134939647": 43
      }
    }
  },
  "playerNames": {
    "1134939647": "player1134939648",
    "3939253840": "player3939253841"
  },
  "blinds": {
    "small": 5,
    "big": 10
  },
  "finalBoard": [
    "5c",
    "Kh",
    "2s",
    "7h"
  ],
  "sidePots": [
    {
      "amount": 0,
      "eligible_players": [
        1134939647
      ]
    }
  ],
  "playerMoney": {
    "initialAmount": 10000,
    "startingMoney": {
      "1134939648": 10110,
      "3939253841": 9890
    },
    "startingDelta": {
      "1134939648": 110,
      "3939253841": -110
    },
    "finalDelta": {
      "1134939648": 115,
      "3939253841": -115
    },
    "gameScores": {
      "1134939648": 5,
      "3939253841": -5
    },
    "finalMoney": {
      "1134939648": 10115,
      "3939253841": 9885
    },
    "thisGameDelta": {
      "1134939648": 5,
      "3939253841": -5
    }
  },
  "playerHands": {
    "1134939647": [
      "Ac",
      "5d"
    ],
    "3939253840": [
      "2h",
      "2c"
    ]
  },
  "usernameMapping": {
    "default": 1134939648,
    "client_container_5489_test_client_test_moonshotai_kimi_k2_iter_4_20250917_221151_iter4": 3939253841
  },
  "playerIdToUsername": {
    "1134939648": "default",
    "3939253841": "client_container_5489_test_client_test_moonshotai_kimi_k2_iter_4_20250917_221151_iter4"
  }
}