{
  "gameId": "aa1add28-937c-4790-ab23-acf097315a62",
  "rounds": {
    "0": {
      "pot": 15,
      "bets": {
        "2242182350": 10,
        "3946825796": 5
      },
      "actions": {
        "3946825796": "RAISE",
        "2242182350": "RAISE"
      },
      "action_sequence": [
        {
          "player": 3946825796,
          "action": "RAISE",
          "amount": 5,
          "timestamp": 1756957573771,
          "pot_after_action": 5,
          "side_pots_after_action": [
            {
              "amount": 5,
              "eligible_players": [
                3946825797,
                2242182351
              ]
            }
          ],
          "total_pot_after_action": 5,
          "total_side_pots_after_action": [
            {
              "id": 0,
              "amount": 5,
              "eligible_players": [
                3946825797,
                2242182351
              ]
            }
          ]
        },
        {
          "player": 2242182350,
          "action": "RAISE",
          "amount": 10,
          "timestamp": 1756957573771,
          "pot_after_action": 15,
          "side_pots_after_action": [
            {
              "amount": 10,
              "eligible_players": [
                3946825797,
                2242182351
              ]
            },
            {
              "amount": 5,
              "eligible_players": [
                2242182351
              ]
            }
          ],
          "total_pot_after_action": 15,
          "total_side_pots_after_action": [
            {
              "id": 0,
              "amount": 10,
              "eligible_players": [
                3946825797,
                2242182351
              ]
            },
            {
              "id": 1,
              "amount": 5,
              "eligible_players": [
                2242182351
              ]
            }
          ]
        }
      ],
      "actionTimes": {}
    },
    "1": {
      "pot": 100,
      "bets": {
        "2242182350": 100,
        "3946825796": 0
      },
      "actions": {
        "3946825796": "FOLD",
        "2242182350": "RAISE"
      },
      "action_sequence": [
        {
          "player": 3946825796,
          "action": "CHECK",
          "amount": 0,
          "timestamp": 1756957573775,
          "pot_after_action": 0,
          "side_pots_after_action": [
            {
              "amount": 0,
              "eligible_players": [
                3946825797,
                2242182351
              ]
            }
          ],
          "total_pot_after_action": 15,
          "total_side_pots_after_action": [
            {
              "id": 0,
              "amount": 10,
              "eligible_players": [
                3946825797,
                2242182351
              ]
            },
            {
              "id": 1,
              "amount": 5,
              "eligible_players": [
                2242182351
              ]
            },
            {
              "id": 2,
              "amount": 0,
              "eligible_players": [
                3946825797,
                2242182351
              ]
            }
          ]
        },
        {
          "player": 2242182350,
          "action": "RAISE",
          "amount": 100,
          "timestamp": 1756957573813,
          "pot_after_action": 100,
          "side_pots_after_action": [
            {
              "amount": 100,
              "eligible_players": [
                3946825797,
                2242182351
              ]
            }
          ],
          "total_pot_after_action": 115,
          "total_side_pots_after_action": [
            {
              "id": 0,
              "amount": 10,
              "eligible_players": [
                3946825797,
                2242182351
              ]
            },
            {
              "id": 1,
              "amount": 5,
              "eligible_players": [
                2242182351
              ]
            },
            {
              "id": 2,
              "amount": 100,
              "eligible_players": [
                3946825797,
                2242182351
              ]
            }
          ]
        },
        {
          "player": 3946825796,
          "action": "FOLD",
          "amount": 0,
          "timestamp": 1756957573817,
          "pot_after_action": 100,
          "side_pots_after_action": [
            {
              "amount": 100,
              "eligible_players": [
                3946825797,
                2242182351
              ]
            }
          ],
          "total_pot_after_action": 115,
          "total_side_pots_after_action": [
            {
              "id": 0,
              "amount": 10,
              "eligible_players": [
                3946825797,
                2242182351
              ]
            },
            {
              "id": 1,
              "amount": 5,
              "eligible_players": [
                2242182351
              ]
            },
            {
              "id": 2,
              "amount": 100,
              "eligible_players": [
                3946825797,
                2242182351
              ]
            }
          ]
        }
      ],
      "actionTimes": {
        "3946825796": 46,
        "2242182350": 42
      }
    }
  },
  "playerNames": {
    "2242182350": "player2242182351",
    "3946825796": "player3946825797"
  },
  "blinds": {
    "small": 5,
    "big": 10
  },
  "finalBoard": [
    "6h",
    "4s",
    "9h",
    "8c"
  ],
  "sidePots": [
    {
      "amount": 0,
      "eligible_players": [
        2242182350
      ]
    }
  ],
  "playerMoney": {
    "initialAmount": 10000,
    "startingMoney": {
      "2242182351": 10027,
      "3946825797": 9973
    },
    "startingDelta": {
      "2242182351": 27,
      "3946825797": -27
    },
    "finalDelta": {
      "2242182351": 32,
      "3946825797": -32
    },
    "gameScores": {
      "2242182351": 5,
      "3946825797": -5
    },
    "finalMoney": {
      "2242182351": 10032,
      "3946825797": 9968
    },
    "thisGameDelta": {
      "2242182351": 5,
      "3946825797": -5
    }
  },
  "playerHands": {
    "2242182350": [
      "Th",
      "Qc"
    ],
    "3946825796": [
      "5c",
      "Js"
    ]
  },
  "usernameMapping": {
    "default": 2242182351,
    "client_container_6852_test_client_test_x_ai_grok_4_iter_2_20250903_204607_iter2": 3946825797
  },
  "playerIdToUsername": {
    "2242182351": "default",
    "3946825797": "client_container_6852_test_client_test_x_ai_grok_4_iter_2_20250903_204607_iter2"
  }
}