{
  "gameId": "75f66889-830a-44e7-af68-4220c2c6d768",
  "rounds": {
    "0": {
      "pot": 15,
      "bets": {
        "4282098074": 10,
        "3408230993": 5
      },
      "actions": {
        "3408230993": "RAISE",
        "4282098074": "RAISE"
      },
      "action_sequence": [
        {
          "player": 3408230993,
          "action": "RAISE",
          "amount": 5,
          "timestamp": 1758144552841,
          "pot_after_action": 5,
          "side_pots_after_action": [
            {
              "amount": 5,
              "eligible_players": [
                3408230994,
                4282098075
              ]
            }
          ],
          "total_pot_after_action": 5,
          "total_side_pots_after_action": [
            {
              "id": 0,
              "amount": 5,
              "eligible_players": [
                3408230994,
                4282098075
              ]
            }
          ]
        },
        {
          "player": 4282098074,
          "action": "RAISE",
          "amount": 10,
          "timestamp": 1758144552841,
          "pot_after_action": 15,
          "side_pots_after_action": [
            {
              "amount": 10,
              "eligible_players": [
                3408230994,
                4282098075
              ]
            },
            {
              "amount": 5,
              "eligible_players": [
                4282098075
              ]
            }
          ],
          "total_pot_after_action": 15,
          "total_side_pots_after_action": [
            {
              "id": 0,
              "amount": 10,
              "eligible_players": [
                3408230994,
                4282098075
              ]
            },
            {
              "id": 1,
              "amount": 5,
              "eligible_players": [
                4282098075
              ]
            }
          ]
        }
      ],
      "actionTimes": {}
    },
    "1": {
      "pot": 100,
      "bets": {
        "4282098074": 100,
        "3408230993": 0
      },
      "actions": {
        "3408230993": "FOLD",
        "4282098074": "RAISE"
      },
      "action_sequence": [
        {
          "player": 3408230993,
          "action": "CHECK",
          "amount": 0,
          "timestamp": 1758144552885,
          "pot_after_action": 0,
          "side_pots_after_action": [
            {
              "amount": 0,
              "eligible_players": [
                3408230994,
                4282098075
              ]
            }
          ],
          "total_pot_after_action": 15,
          "total_side_pots_after_action": [
            {
              "id": 0,
              "amount": 10,
              "eligible_players": [
                3408230994,
                4282098075
              ]
            },
            {
              "id": 1,
              "amount": 5,
              "eligible_players": [
                4282098075
              ]
            },
            {
              "id": 2,
              "amount": 0,
              "eligible_players": [
                3408230994,
                4282098075
              ]
            }
          ]
        },
        {
          "player": 4282098074,
          "action": "RAISE",
          "amount": 100,
          "timestamp": 1758144552886,
          "pot_after_action": 100,
          "side_pots_after_action": [
            {
              "amount": 100,
              "eligible_players": [
                3408230994,
                4282098075
              ]
            }
          ],
          "total_pot_after_action": 115,
          "total_side_pots_after_action": [
            {
              "id": 0,
              "amount": 10,
              "eligible_players": [
                3408230994,
                4282098075
              ]
            },
            {
              "id": 1,
              "amount": 5,
              "eligible_players": [
                4282098075
              ]
            },
            {
              "id": 2,
              "amount": 100,
              "eligible_players": [
                3408230994,
                4282098075
              ]
            }
          ]
        },
        {
          "player": 3408230993,
          "action": "FOLD",
          "amount": 0,
          "timestamp": 1758144552931,
          "pot_after_action": 100,
          "side_pots_after_action": [
            {
              "amount": 100,
              "eligible_players": [
                3408230994,
                4282098075
              ]
            }
          ],
          "total_pot_after_action": 115,
          "total_side_pots_after_action": [
            {
              "id": 0,
              "amount": 10,
              "eligible_players": [
                3408230994,
                4282098075
              ]
            },
            {
              "id": 1,
              "amount": 5,
              "eligible_players": [
                4282098075
              ]
            },
            {
              "id": 2,
              "amount": 100,
              "eligible_players": [
                3408230994,
                4282098075
              ]
            }
          ]
        }
      ],
      "actionTimes": {
        "3408230993": 90,
        "4282098074": 45
      }
    }
  },
  "playerNames": {
    "4282098074": "player4282098075",
    "3408230993": "player3408230994"
  },
  "blinds": {
    "small": 5,
    "big": 10
  },
  "finalBoard": [
    "6d",
    "3h",
    "9d",
    "Qd"
  ],
  "sidePots": [
    {
      "amount": 0,
      "eligible_players": [
        4282098074
      ]
    }
  ],
  "playerMoney": {
    "initialAmount": 10000,
    "startingMoney": {
      "4282098075": 10221,
      "3408230994": 9779
    },
    "startingDelta": {
      "4282098075": 221,
      "3408230994": -221
    },
    "finalDelta": {
      "4282098075": 226,
      "3408230994": -226
    },
    "gameScores": {
      "4282098075": 5,
      "3408230994": -5
    },
    "finalMoney": {
      "4282098075": 10226,
      "3408230994": 9774
    },
    "thisGameDelta": {
      "4282098075": 5,
      "3408230994": -5
    }
  },
  "playerHands": {
    "4282098074": [
      "Kh",
      "6h"
    ],
    "3408230993": [
      "7c",
      "Jd"
    ]
  },
  "usernameMapping": {
    "default": 4282098075,
    "client_container_6781_test_client_test_x_ai_grok_4_iter_1_20250917_142906_iter1": 3408230994
  },
  "playerIdToUsername": {
    "4282098075": "default",
    "3408230994": "client_container_6781_test_client_test_x_ai_grok_4_iter_1_20250917_142906_iter1"
  }
}