{
  "gameId": "75f66889-830a-44e7-af68-4220c2c6d768",
  "rounds": {
    "0": {
      "pot": 15,
      "bets": {
        "4282098074": 5,
        "3408230993": 10
      },
      "actions": {
        "4282098074": "RAISE",
        "3408230993": "RAISE"
      },
      "action_sequence": [
        {
          "player": 4282098074,
          "action": "RAISE",
          "amount": 5,
          "timestamp": 1758144552740,
          "pot_after_action": 5,
          "side_pots_after_action": [
            {
              "amount": 5,
              "eligible_players": [
                3408230994,
                4282098075
              ]
            }
          ],
          "total_pot_after_action": 5,
          "total_side_pots_after_action": [
            {
              "id": 0,
              "amount": 5,
              "eligible_players": [
                3408230994,
                4282098075
              ]
            }
          ]
        },
        {
          "player": 3408230993,
          "action": "RAISE",
          "amount": 10,
          "timestamp": 1758144552740,
          "pot_after_action": 15,
          "side_pots_after_action": [
            {
              "amount": 10,
              "eligible_players": [
                3408230994,
                4282098075
              ]
            },
            {
              "amount": 5,
              "eligible_players": [
                3408230994
              ]
            }
          ],
          "total_pot_after_action": 15,
          "total_side_pots_after_action": [
            {
              "id": 0,
              "amount": 10,
              "eligible_players": [
                3408230994,
                4282098075
              ]
            },
            {
              "id": 1,
              "amount": 5,
              "eligible_players": [
                3408230994
              ]
            }
          ]
        }
      ],
      "actionTimes": {}
    },
    "1": {
      "pot": 302,
      "bets": {
        "4282098074": 151,
        "3408230993": 151
      },
      "actions": {
        "4282098074": "CALL",
        "3408230993": "RAISE"
      },
      "action_sequence": [
        {
          "player": 4282098074,
          "action": "RAISE",
          "amount": 100,
          "timestamp": 1758144552743,
          "pot_after_action": 100,
          "side_pots_after_action": [
            {
              "amount": 100,
              "eligible_players": [
                3408230994,
                4282098075
              ]
            }
          ],
          "total_pot_after_action": 115,
          "total_side_pots_after_action": [
            {
              "id": 0,
              "amount": 10,
              "eligible_players": [
                3408230994,
                4282098075
              ]
            },
            {
              "id": 1,
              "amount": 5,
              "eligible_players": [
                3408230994
              ]
            },
            {
              "id": 2,
              "amount": 100,
              "eligible_players": [
                3408230994,
                4282098075
              ]
            }
          ]
        },
        {
          "player": 3408230993,
          "action": "RAISE",
          "amount": 151,
          "timestamp": 1758144552784,
          "pot_after_action": 251,
          "side_pots_after_action": [
            {
              "amount": 200,
              "eligible_players": [
                3408230994,
                4282098075
              ]
            },
            {
              "amount": 51,
              "eligible_players": [
                3408230994
              ]
            }
          ],
          "total_pot_after_action": 266,
          "total_side_pots_after_action": [
            {
              "id": 0,
              "amount": 10,
              "eligible_players": [
                3408230994,
                4282098075
              ]
            },
            {
              "id": 1,
              "amount": 5,
              "eligible_players": [
                3408230994
              ]
            },
            {
              "id": 2,
              "amount": 200,
              "eligible_players": [
                3408230994,
                4282098075
              ]
            },
            {
              "id": 3,
              "amount": 51,
              "eligible_players": [
                3408230994
              ]
            }
          ]
        },
        {
          "player": 4282098074,
          "action": "CALL",
          "amount": 51,
          "timestamp": 1758144552785,
          "pot_after_action": 302,
          "side_pots_after_action": [
            {
              "amount": 302,
              "eligible_players": [
                3408230994,
                4282098075
              ]
            }
          ],
          "total_pot_after_action": 317,
          "total_side_pots_after_action": [
            {
              "id": 0,
              "amount": 10,
              "eligible_players": [
                3408230994,
                4282098075
              ]
            },
            {
              "id": 1,
              "amount": 5,
              "eligible_players": [
                3408230994
              ]
            },
            {
              "id": 2,
              "amount": 302,
              "eligible_players": [
                3408230994,
                4282098075
              ]
            }
          ]
        }
      ],
      "actionTimes": {
        "4282098074": 45,
        "3408230993": 44
      }
    },
    "2": {
      "pot": 0,
      "bets": {
        "4282098074": 0,
        "3408230993": 0
      },
      "actions": {
        "4282098074": "CHECK",
        "3408230993": "FOLD"
      },
      "action_sequence": [
        {
          "player": 4282098074,
          "action": "CHECK",
          "amount": 0,
          "timestamp": 1758144552828,
          "pot_after_action": 0,
          "side_pots_after_action": [
            {
              "amount": 0,
              "eligible_players": [
                3408230994,
                4282098075
              ]
            }
          ],
          "total_pot_after_action": 317,
          "total_side_pots_after_action": [
            {
              "id": 0,
              "amount": 10,
              "eligible_players": [
                3408230994,
                4282098075
              ]
            },
            {
              "id": 1,
              "amount": 5,
              "eligible_players": [
                3408230994
              ]
            },
            {
              "id": 2,
              "amount": 302,
              "eligible_players": [
                3408230994,
                4282098075
              ]
            },
            {
              "id": 3,
              "amount": 0,
              "eligible_players": [
                3408230994,
                4282098075
              ]
            }
          ]
        },
        {
          "player": 3408230993,
          "action": "FOLD",
          "amount": 0,
          "timestamp": 1758144552829,
          "pot_after_action": 0,
          "side_pots_after_action": [
            {
              "amount": 0,
              "eligible_players": [
                3408230994,
                4282098075
              ]
            }
          ],
          "total_pot_after_action": 317,
          "total_side_pots_after_action": [
            {
              "id": 0,
              "amount": 10,
              "eligible_players": [
                3408230994,
                4282098075
              ]
            },
            {
              "id": 1,
              "amount": 5,
              "eligible_players": [
                3408230994
              ]
            },
            {
              "id": 2,
              "amount": 302,
              "eligible_players": [
                3408230994,
                4282098075
              ]
            },
            {
              "id": 3,
              "amount": 0,
              "eligible_players": [
                3408230994,
                4282098075
              ]
            }
          ]
        }
      ],
      "actionTimes": {
        "4282098074": 88,
        "3408230993": 89
      }
    }
  },
  "playerNames": {
    "4282098074": "player4282098075",
    "3408230993": "player3408230994"
  },
  "blinds": {
    "small": 5,
    "big": 10
  },
  "finalBoard": [
    "Jh",
    "Jc",
    "Js",
    "3s",
    "Ks"
  ],
  "sidePots": [
    {
      "amount": 0,
      "eligible_players": [
        4282098074
      ]
    }
  ],
  "playerMoney": {
    "initialAmount": 10000,
    "startingMoney": {
      "4282098075": 10060,
      "3408230994": 9940
    },
    "startingDelta": {
      "4282098075": 60,
      "3408230994": -60
    },
    "finalDelta": {
      "4282098075": 221,
      "3408230994": -221
    },
    "gameScores": {
      "4282098075": 161,
      "3408230994": -161
    },
    "finalMoney": {
      "4282098075": 10221,
      "3408230994": 9779
    },
    "thisGameDelta": {
      "4282098075": 161,
      "3408230994": -161
    }
  },
  "playerHands": {
    "4282098074": [
      "8c",
      "9d"
    ],
    "3408230993": [
      "9s",
      "9c"
    ]
  },
  "usernameMapping": {
    "default": 4282098075,
    "client_container_6781_test_client_test_x_ai_grok_4_iter_1_20250917_142906_iter1": 3408230994
  },
  "playerIdToUsername": {
    "4282098075": "default",
    "3408230994": "client_container_6781_test_client_test_x_ai_grok_4_iter_1_20250917_142906_iter1"
  }
}