{
  "gameId": "75f66889-830a-44e7-af68-4220c2c6d768",
  "rounds": {
    "0": {
      "pot": 15,
      "bets": {
        "4282098074": 5,
        "3408230993": 10
      },
      "actions": {
        "4282098074": "RAISE",
        "3408230993": "RAISE"
      },
      "action_sequence": [
        {
          "player": 4282098074,
          "action": "RAISE",
          "amount": 5,
          "timestamp": 1758144552502,
          "pot_after_action": 5,
          "side_pots_after_action": [
            {
              "amount": 5,
              "eligible_players": [
                3408230994,
                4282098075
              ]
            }
          ],
          "total_pot_after_action": 5,
          "total_side_pots_after_action": [
            {
              "id": 0,
              "amount": 5,
              "eligible_players": [
                3408230994,
                4282098075
              ]
            }
          ]
        },
        {
          "player": 3408230993,
          "action": "RAISE",
          "amount": 10,
          "timestamp": 1758144552502,
          "pot_after_action": 15,
          "side_pots_after_action": [
            {
              "amount": 10,
              "eligible_players": [
                3408230994,
                4282098075
              ]
            },
            {
              "amount": 5,
              "eligible_players": [
                3408230994
              ]
            }
          ],
          "total_pot_after_action": 15,
          "total_side_pots_after_action": [
            {
              "id": 0,
              "amount": 10,
              "eligible_players": [
                3408230994,
                4282098075
              ]
            },
            {
              "id": 1,
              "amount": 5,
              "eligible_players": [
                3408230994
              ]
            }
          ]
        }
      ],
      "actionTimes": {}
    },
    "1": {
      "pot": 100,
      "bets": {
        "4282098074": 100,
        "3408230993": 0
      },
      "actions": {
        "4282098074": "RAISE",
        "3408230993": "FOLD"
      },
      "action_sequence": [
        {
          "player": 4282098074,
          "action": "RAISE",
          "amount": 100,
          "timestamp": 1758144552506,
          "pot_after_action": 100,
          "side_pots_after_action": [
            {
              "amount": 100,
              "eligible_players": [
                3408230994,
                4282098075
              ]
            }
          ],
          "total_pot_after_action": 115,
          "total_side_pots_after_action": [
            {
              "id": 0,
              "amount": 10,
              "eligible_players": [
                3408230994,
                4282098075
              ]
            },
            {
              "id": 1,
              "amount": 5,
              "eligible_players": [
                3408230994
              ]
            },
            {
              "id": 2,
              "amount": 100,
              "eligible_players": [
                3408230994,
                4282098075
              ]
            }
          ]
        },
        {
          "player": 3408230993,
          "action": "FOLD",
          "amount": 0,
          "timestamp": 1758144552548,
          "pot_after_action": 100,
          "side_pots_after_action": [
            {
              "amount": 100,
              "eligible_players": [
                3408230994,
                4282098075
              ]
            }
          ],
          "total_pot_after_action": 115,
          "total_side_pots_after_action": [
            {
              "id": 0,
              "amount": 10,
              "eligible_players": [
                3408230994,
                4282098075
              ]
            },
            {
              "id": 1,
              "amount": 5,
              "eligible_players": [
                3408230994
              ]
            },
            {
              "id": 2,
              "amount": 100,
              "eligible_players": [
                3408230994,
                4282098075
              ]
            }
          ]
        }
      ],
      "actionTimes": {
        "4282098074": 4,
        "3408230993": 46
      }
    }
  },
  "playerNames": {
    "4282098074": "player4282098075",
    "3408230993": "player3408230994"
  },
  "blinds": {
    "small": 5,
    "big": 10
  },
  "finalBoard": [
    "9c",
    "3c",
    "As",
    "8h"
  ],
  "sidePots": [
    {
      "amount": 0,
      "eligible_players": [
        4282098074
      ]
    }
  ],
  "playerMoney": {
    "initialAmount": 10000,
    "startingMoney": {
      "4282098075": 10030,
      "3408230994": 9970
    },
    "startingDelta": {
      "4282098075": 30,
      "3408230994": -30
    },
    "finalDelta": {
      "4282098075": 40,
      "3408230994": -40
    },
    "gameScores": {
      "4282098075": 10,
      "3408230994": -10
    },
    "finalMoney": {
      "4282098075": 10040,
      "3408230994": 9960
    },
    "thisGameDelta": {
      "4282098075": 10,
      "3408230994": -10
    }
  },
  "playerHands": {
    "4282098074": [
      "Ac",
      "Ah"
    ],
    "3408230993": [
      "2d",
      "3h"
    ]
  },
  "usernameMapping": {
    "default": 4282098075,
    "client_container_6781_test_client_test_x_ai_grok_4_iter_1_20250917_142906_iter1": 3408230994
  },
  "playerIdToUsername": {
    "4282098075": "default",
    "3408230994": "client_container_6781_test_client_test_x_ai_grok_4_iter_1_20250917_142906_iter1"
  }
}