{
  "gameId": "7c50d2e2-cf65-4240-a924-386dd58a8949",
  "rounds": {
    "0": {
      "pot": 15,
      "bets": {
        "3602461096": 5,
        "1809415350": 10
      },
      "actions": {
        "3602461096": "RAISE",
        "1809415350": "RAISE"
      },
      "action_sequence": [
        {
          "player": 3602461096,
          "action": "RAISE",
          "amount": 5,
          "timestamp": 1757645534951,
          "pot_after_action": 5,
          "side_pots_after_action": [
            {
              "amount": 5,
              "eligible_players": [
                3602461097,
                1809415351
              ]
            }
          ],
          "total_pot_after_action": 5,
          "total_side_pots_after_action": [
            {
              "id": 0,
              "amount": 5,
              "eligible_players": [
                3602461097,
                1809415351
              ]
            }
          ]
        },
        {
          "player": 1809415350,
          "action": "RAISE",
          "amount": 10,
          "timestamp": 1757645534951,
          "pot_after_action": 15,
          "side_pots_after_action": [
            {
              "amount": 10,
              "eligible_players": [
                3602461097,
                1809415351
              ]
            },
            {
              "amount": 5,
              "eligible_players": [
                1809415351
              ]
            }
          ],
          "total_pot_after_action": 15,
          "total_side_pots_after_action": [
            {
              "id": 0,
              "amount": 10,
              "eligible_players": [
                3602461097,
                1809415351
              ]
            },
            {
              "id": 1,
              "amount": 5,
              "eligible_players": [
                1809415351
              ]
            }
          ]
        }
      ],
      "actionTimes": {}
    },
    "1": {
      "pot": 100,
      "bets": {
        "3602461096": 100,
        "1809415350": 0
      },
      "actions": {
        "3602461096": "RAISE",
        "1809415350": "FOLD"
      },
      "action_sequence": [
        {
          "player": 3602461096,
          "action": "RAISE",
          "amount": 100,
          "timestamp": 1757645534955,
          "pot_after_action": 100,
          "side_pots_after_action": [
            {
              "amount": 100,
              "eligible_players": [
                3602461097,
                1809415351
              ]
            }
          ],
          "total_pot_after_action": 115,
          "total_side_pots_after_action": [
            {
              "id": 0,
              "amount": 10,
              "eligible_players": [
                3602461097,
                1809415351
              ]
            },
            {
              "id": 1,
              "amount": 5,
              "eligible_players": [
                1809415351
              ]
            },
            {
              "id": 2,
              "amount": 100,
              "eligible_players": [
                3602461097,
                1809415351
              ]
            }
          ]
        },
        {
          "player": 1809415350,
          "action": "FOLD",
          "amount": 0,
          "timestamp": 1757645534998,
          "pot_after_action": 100,
          "side_pots_after_action": [
            {
              "amount": 100,
              "eligible_players": [
                3602461097,
                1809415351
              ]
            }
          ],
          "total_pot_after_action": 115,
          "total_side_pots_after_action": [
            {
              "id": 0,
              "amount": 10,
              "eligible_players": [
                3602461097,
                1809415351
              ]
            },
            {
              "id": 1,
              "amount": 5,
              "eligible_players": [
                1809415351
              ]
            },
            {
              "id": 2,
              "amount": 100,
              "eligible_players": [
                3602461097,
                1809415351
              ]
            }
          ]
        }
      ],
      "actionTimes": {
        "3602461096": 4,
        "1809415350": 47
      }
    }
  },
  "playerNames": {
    "3602461096": "player3602461097",
    "1809415350": "player1809415351"
  },
  "blinds": {
    "small": 5,
    "big": 10
  },
  "finalBoard": [
    "9s",
    "9c",
    "7s",
    "3s"
  ],
  "sidePots": [
    {
      "amount": 0,
      "eligible_players": [
        3602461096
      ]
    }
  ],
  "playerMoney": {
    "initialAmount": 10000,
    "startingMoney": {
      "3602461097": 10015,
      "1809415351": 9985
    },
    "startingDelta": {
      "3602461097": 15,
      "1809415351": -15
    },
    "finalDelta": {
      "3602461097": 25,
      "1809415351": -25
    },
    "gameScores": {
      "3602461097": 10,
      "1809415351": -10
    },
    "finalMoney": {
      "3602461097": 10025,
      "1809415351": 9975
    },
    "thisGameDelta": {
      "3602461097": 10,
      "1809415351": -10
    }
  },
  "playerHands": {
    "3602461096": [
      "Ad",
      "Qs"
    ],
    "1809415350": [
      "Qh",
      "2h"
    ]
  },
  "usernameMapping": {
    "default": 3602461097,
    "client_container_6112_test_client_test_z_ai_glm_4.5_iter_5_20250911_195208_iter5": 1809415351
  },
  "playerIdToUsername": {
    "3602461097": "default",
    "1809415351": "client_container_6112_test_client_test_z_ai_glm_4.5_iter_5_20250911_195208_iter5"
  }
}