{
  "gameId": "7c50d2e2-cf65-4240-a924-386dd58a8949",
  "rounds": {
    "0": {
      "pot": 15,
      "bets": {
        "3602461096": 10,
        "1809415350": 5
      },
      "actions": {
        "1809415350": "RAISE",
        "3602461096": "RAISE"
      },
      "action_sequence": [
        {
          "player": 1809415350,
          "action": "RAISE",
          "amount": 5,
          "timestamp": 1757645535427,
          "pot_after_action": 5,
          "side_pots_after_action": [
            {
              "amount": 5,
              "eligible_players": [
                3602461097,
                1809415351
              ]
            }
          ],
          "total_pot_after_action": 5,
          "total_side_pots_after_action": [
            {
              "id": 0,
              "amount": 5,
              "eligible_players": [
                3602461097,
                1809415351
              ]
            }
          ]
        },
        {
          "player": 3602461096,
          "action": "RAISE",
          "amount": 10,
          "timestamp": 1757645535427,
          "pot_after_action": 15,
          "side_pots_after_action": [
            {
              "amount": 10,
              "eligible_players": [
                3602461097,
                1809415351
              ]
            },
            {
              "amount": 5,
              "eligible_players": [
                3602461097
              ]
            }
          ],
          "total_pot_after_action": 15,
          "total_side_pots_after_action": [
            {
              "id": 0,
              "amount": 10,
              "eligible_players": [
                3602461097,
                1809415351
              ]
            },
            {
              "id": 1,
              "amount": 5,
              "eligible_players": [
                3602461097
              ]
            }
          ]
        }
      ],
      "actionTimes": {}
    },
    "1": {
      "pot": 100,
      "bets": {
        "3602461096": 100,
        "1809415350": 0
      },
      "actions": {
        "1809415350": "FOLD",
        "3602461096": "RAISE"
      },
      "action_sequence": [
        {
          "player": 1809415350,
          "action": "CHECK",
          "amount": 0,
          "timestamp": 1757645535435,
          "pot_after_action": 0,
          "side_pots_after_action": [
            {
              "amount": 0,
              "eligible_players": [
                3602461097,
                1809415351
              ]
            }
          ],
          "total_pot_after_action": 15,
          "total_side_pots_after_action": [
            {
              "id": 0,
              "amount": 10,
              "eligible_players": [
                3602461097,
                1809415351
              ]
            },
            {
              "id": 1,
              "amount": 5,
              "eligible_players": [
                3602461097
              ]
            },
            {
              "id": 2,
              "amount": 0,
              "eligible_players": [
                3602461097,
                1809415351
              ]
            }
          ]
        },
        {
          "player": 3602461096,
          "action": "RAISE",
          "amount": 100,
          "timestamp": 1757645535471,
          "pot_after_action": 100,
          "side_pots_after_action": [
            {
              "amount": 100,
              "eligible_players": [
                3602461097,
                1809415351
              ]
            }
          ],
          "total_pot_after_action": 115,
          "total_side_pots_after_action": [
            {
              "id": 0,
              "amount": 10,
              "eligible_players": [
                3602461097,
                1809415351
              ]
            },
            {
              "id": 1,
              "amount": 5,
              "eligible_players": [
                3602461097
              ]
            },
            {
              "id": 2,
              "amount": 100,
              "eligible_players": [
                3602461097,
                1809415351
              ]
            }
          ]
        },
        {
          "player": 1809415350,
          "action": "FOLD",
          "amount": 0,
          "timestamp": 1757645535477,
          "pot_after_action": 100,
          "side_pots_after_action": [
            {
              "amount": 100,
              "eligible_players": [
                3602461097,
                1809415351
              ]
            }
          ],
          "total_pot_after_action": 115,
          "total_side_pots_after_action": [
            {
              "id": 0,
              "amount": 10,
              "eligible_players": [
                3602461097,
                1809415351
              ]
            },
            {
              "id": 1,
              "amount": 5,
              "eligible_players": [
                3602461097
              ]
            },
            {
              "id": 2,
              "amount": 100,
              "eligible_players": [
                3602461097,
                1809415351
              ]
            }
          ]
        }
      ],
      "actionTimes": {
        "1809415350": 51,
        "3602461096": 45
      }
    }
  },
  "playerNames": {
    "3602461096": "player3602461097",
    "1809415350": "player1809415351"
  },
  "blinds": {
    "small": 5,
    "big": 10
  },
  "finalBoard": [
    "Js",
    "Kh",
    "4d",
    "7d"
  ],
  "sidePots": [
    {
      "amount": 0,
      "eligible_players": [
        3602461096
      ]
    }
  ],
  "playerMoney": {
    "initialAmount": 10000,
    "startingMoney": {
      "3602461097": 10070,
      "1809415351": 9930
    },
    "startingDelta": {
      "3602461097": 70,
      "1809415351": -70
    },
    "finalDelta": {
      "3602461097": 75,
      "1809415351": -75
    },
    "gameScores": {
      "3602461097": 5,
      "1809415351": -5
    },
    "finalMoney": {
      "3602461097": 10075,
      "1809415351": 9925
    },
    "thisGameDelta": {
      "3602461097": 5,
      "1809415351": -5
    }
  },
  "playerHands": {
    "3602461096": [
      "6c",
      "Jd"
    ],
    "1809415350": [
      "Tc",
      "7c"
    ]
  },
  "usernameMapping": {
    "default": 3602461097,
    "client_container_6112_test_client_test_z_ai_glm_4.5_iter_5_20250911_195208_iter5": 1809415351
  },
  "playerIdToUsername": {
    "3602461097": "default",
    "1809415351": "client_container_6112_test_client_test_z_ai_glm_4.5_iter_5_20250911_195208_iter5"
  }
}