{
  "gameId": "040611b4-eec5-4b8f-ace1-1e1e95fd80bf",
  "rounds": {
    "0": {
      "pot": 15,
      "bets": {
        "3220909805": 10,
        "4211682099": 5
      },
      "actions": {
        "4211682099": "RAISE",
        "3220909805": "RAISE"
      },
      "action_sequence": [
        {
          "player": 4211682099,
          "action": "RAISE",
          "amount": 5,
          "timestamp": 1757647297834,
          "pot_after_action": 5,
          "side_pots_after_action": [
            {
              "amount": 5,
              "eligible_players": [
                4211682100,
                3220909806
              ]
            }
          ],
          "total_pot_after_action": 5,
          "total_side_pots_after_action": [
            {
              "id": 0,
              "amount": 5,
              "eligible_players": [
                4211682100,
                3220909806
              ]
            }
          ]
        },
        {
          "player": 3220909805,
          "action": "RAISE",
          "amount": 10,
          "timestamp": 1757647297834,
          "pot_after_action": 15,
          "side_pots_after_action": [
            {
              "amount": 10,
              "eligible_players": [
                4211682100,
                3220909806
              ]
            },
            {
              "amount": 5,
              "eligible_players": [
                3220909806
              ]
            }
          ],
          "total_pot_after_action": 15,
          "total_side_pots_after_action": [
            {
              "id": 0,
              "amount": 10,
              "eligible_players": [
                4211682100,
                3220909806
              ]
            },
            {
              "id": 1,
              "amount": 5,
              "eligible_players": [
                3220909806
              ]
            }
          ]
        }
      ],
      "actionTimes": {}
    },
    "1": {
      "pot": 100,
      "bets": {
        "3220909805": 100,
        "4211682099": 0
      },
      "actions": {
        "4211682099": "FOLD",
        "3220909805": "RAISE"
      },
      "action_sequence": [
        {
          "player": 4211682099,
          "action": "CHECK",
          "amount": 0,
          "timestamp": 1757647297838,
          "pot_after_action": 0,
          "side_pots_after_action": [
            {
              "amount": 0,
              "eligible_players": [
                4211682100,
                3220909806
              ]
            }
          ],
          "total_pot_after_action": 15,
          "total_side_pots_after_action": [
            {
              "id": 0,
              "amount": 10,
              "eligible_players": [
                4211682100,
                3220909806
              ]
            },
            {
              "id": 1,
              "amount": 5,
              "eligible_players": [
                3220909806
              ]
            },
            {
              "id": 2,
              "amount": 0,
              "eligible_players": [
                4211682100,
                3220909806
              ]
            }
          ]
        },
        {
          "player": 3220909805,
          "action": "RAISE",
          "amount": 100,
          "timestamp": 1757647297838,
          "pot_after_action": 100,
          "side_pots_after_action": [
            {
              "amount": 100,
              "eligible_players": [
                4211682100,
                3220909806
              ]
            }
          ],
          "total_pot_after_action": 115,
          "total_side_pots_after_action": [
            {
              "id": 0,
              "amount": 10,
              "eligible_players": [
                4211682100,
                3220909806
              ]
            },
            {
              "id": 1,
              "amount": 5,
              "eligible_players": [
                3220909806
              ]
            },
            {
              "id": 2,
              "amount": 100,
              "eligible_players": [
                4211682100,
                3220909806
              ]
            }
          ]
        },
        {
          "player": 4211682099,
          "action": "FOLD",
          "amount": 0,
          "timestamp": 1757647297879,
          "pot_after_action": 100,
          "side_pots_after_action": [
            {
              "amount": 100,
              "eligible_players": [
                4211682100,
                3220909806
              ]
            }
          ],
          "total_pot_after_action": 115,
          "total_side_pots_after_action": [
            {
              "id": 0,
              "amount": 10,
              "eligible_players": [
                4211682100,
                3220909806
              ]
            },
            {
              "id": 1,
              "amount": 5,
              "eligible_players": [
                3220909806
              ]
            },
            {
              "id": 2,
              "amount": 100,
              "eligible_players": [
                4211682100,
                3220909806
              ]
            }
          ]
        }
      ],
      "actionTimes": {
        "4211682099": 45,
        "3220909805": 4
      }
    }
  },
  "playerNames": {
    "3220909805": "player3220909806",
    "4211682099": "player4211682100"
  },
  "blinds": {
    "small": 5,
    "big": 10
  },
  "finalBoard": [
    "7d",
    "5d",
    "Th",
    "2s"
  ],
  "sidePots": [
    {
      "amount": 0,
      "eligible_players": [
        3220909805
      ]
    }
  ],
  "playerMoney": {
    "initialAmount": 10000,
    "startingMoney": {
      "3220909806": 10025,
      "4211682100": 9975
    },
    "startingDelta": {
      "3220909806": 25,
      "4211682100": -25
    },
    "finalDelta": {
      "3220909806": 30,
      "4211682100": -30
    },
    "gameScores": {
      "3220909806": 5,
      "4211682100": -5
    },
    "finalMoney": {
      "3220909806": 10030,
      "4211682100": 9970
    },
    "thisGameDelta": {
      "3220909806": 5,
      "4211682100": -5
    }
  },
  "playerHands": {
    "3220909805": [
      "Jh",
      "9h"
    ],
    "4211682099": [
      "2d",
      "6h"
    ]
  },
  "usernameMapping": {
    "default": 3220909806,
    "client_container_6627_test_client_test_openai_o3_pro_iter_5_20250911_202131_iter5": 4211682100
  },
  "playerIdToUsername": {
    "3220909806": "default",
    "4211682100": "client_container_6627_test_client_test_openai_o3_pro_iter_5_20250911_202131_iter5"
  }
}