{
  "gameId": "07e7cee6-5893-4400-adc2-9df48172908d",
  "rounds": {
    "0": {
      "pot": 15,
      "bets": {
        "1224700416": 5,
        "1117496070": 10
      },
      "actions": {
        "1224700416": "RAISE",
        "1117496070": "RAISE"
      },
      "action_sequence": [
        {
          "player": 1224700416,
          "action": "RAISE",
          "amount": 5,
          "timestamp": 1756714974983,
          "pot_after_action": 5,
          "side_pots_after_action": [
            {
              "amount": 5,
              "eligible_players": [
                1224700417,
                1117496071
              ]
            }
          ],
          "total_pot_after_action": 5,
          "total_side_pots_after_action": [
            {
              "id": 0,
              "amount": 5,
              "eligible_players": [
                1224700417,
                1117496071
              ]
            }
          ]
        },
        {
          "player": 1117496070,
          "action": "RAISE",
          "amount": 10,
          "timestamp": 1756714974983,
          "pot_after_action": 15,
          "side_pots_after_action": [
            {
              "amount": 10,
              "eligible_players": [
                1224700417,
                1117496071
              ]
            },
            {
              "amount": 5,
              "eligible_players": [
                1117496071
              ]
            }
          ],
          "total_pot_after_action": 15,
          "total_side_pots_after_action": [
            {
              "id": 0,
              "amount": 10,
              "eligible_players": [
                1224700417,
                1117496071
              ]
            },
            {
              "id": 1,
              "amount": 5,
              "eligible_players": [
                1117496071
              ]
            }
          ]
        }
      ],
      "actionTimes": {}
    },
    "1": {
      "pot": 100,
      "bets": {
        "1224700416": 100,
        "1117496070": 0
      },
      "actions": {
        "1224700416": "RAISE",
        "1117496070": "FOLD"
      },
      "action_sequence": [
        {
          "player": 1224700416,
          "action": "RAISE",
          "amount": 100,
          "timestamp": 1756714974987,
          "pot_after_action": 100,
          "side_pots_after_action": [
            {
              "amount": 100,
              "eligible_players": [
                1224700417,
                1117496071
              ]
            }
          ],
          "total_pot_after_action": 115,
          "total_side_pots_after_action": [
            {
              "id": 0,
              "amount": 10,
              "eligible_players": [
                1224700417,
                1117496071
              ]
            },
            {
              "id": 1,
              "amount": 5,
              "eligible_players": [
                1117496071
              ]
            },
            {
              "id": 2,
              "amount": 100,
              "eligible_players": [
                1224700417,
                1117496071
              ]
            }
          ]
        },
        {
          "player": 1117496070,
          "action": "FOLD",
          "amount": 0,
          "timestamp": 1756714974988,
          "pot_after_action": 100,
          "side_pots_after_action": [
            {
              "amount": 100,
              "eligible_players": [
                1224700417,
                1117496071
              ]
            }
          ],
          "total_pot_after_action": 115,
          "total_side_pots_after_action": [
            {
              "id": 0,
              "amount": 10,
              "eligible_players": [
                1224700417,
                1117496071
              ]
            },
            {
              "id": 1,
              "amount": 5,
              "eligible_players": [
                1117496071
              ]
            },
            {
              "id": 2,
              "amount": 100,
              "eligible_players": [
                1224700417,
                1117496071
              ]
            }
          ]
        }
      ],
      "actionTimes": {
        "1224700416": 4,
        "1117496070": 5
      }
    }
  },
  "playerNames": {
    "1224700416": "player1224700417",
    "1117496070": "player1117496071"
  },
  "blinds": {
    "small": 5,
    "big": 10
  },
  "finalBoard": [
    "6h",
    "Th",
    "Ac",
    "Jh"
  ],
  "sidePots": [
    {
      "amount": 0,
      "eligible_players": [
        1224700416
      ]
    }
  ],
  "playerMoney": {
    "initialAmount": 10000,
    "startingMoney": {
      "1224700417": 10060,
      "1117496071": 9940
    },
    "startingDelta": {
      "1224700417": 60,
      "1117496071": -60
    },
    "finalDelta": {
      "1224700417": 70,
      "1117496071": -70
    },
    "gameScores": {
      "1224700417": 10,
      "1117496071": -10
    },
    "finalMoney": {
      "1224700417": 10070,
      "1117496071": 9930
    },
    "thisGameDelta": {
      "1224700417": 10,
      "1117496071": -10
    }
  },
  "playerHands": {
    "1224700416": [
      "3c",
      "9h"
    ],
    "1117496070": [
      "7c",
      "Kh"
    ]
  },
  "usernameMapping": {
    "default": 1224700417,
    "client_container_5623_test_client_test_openai_o3_pro_iter_4_20250901_012248_iter4": 1117496071
  },
  "playerIdToUsername": {
    "1224700417": "default",
    "1117496071": "client_container_5623_test_client_test_openai_o3_pro_iter_4_20250901_012248_iter4"
  }
}