{
  "gameId": "07e7cee6-5893-4400-adc2-9df48172908d",
  "rounds": {
    "0": {
      "pot": 15,
      "bets": {
        "1224700416": 10,
        "1117496070": 5
      },
      "actions": {
        "1117496070": "RAISE",
        "1224700416": "RAISE"
      },
      "action_sequence": [
        {
          "player": 1117496070,
          "action": "RAISE",
          "amount": 5,
          "timestamp": 1756714974851,
          "pot_after_action": 5,
          "side_pots_after_action": [
            {
              "amount": 5,
              "eligible_players": [
                1224700417,
                1117496071
              ]
            }
          ],
          "total_pot_after_action": 5,
          "total_side_pots_after_action": [
            {
              "id": 0,
              "amount": 5,
              "eligible_players": [
                1224700417,
                1117496071
              ]
            }
          ]
        },
        {
          "player": 1224700416,
          "action": "RAISE",
          "amount": 10,
          "timestamp": 1756714974851,
          "pot_after_action": 15,
          "side_pots_after_action": [
            {
              "amount": 10,
              "eligible_players": [
                1224700417,
                1117496071
              ]
            },
            {
              "amount": 5,
              "eligible_players": [
                1224700417
              ]
            }
          ],
          "total_pot_after_action": 15,
          "total_side_pots_after_action": [
            {
              "id": 0,
              "amount": 10,
              "eligible_players": [
                1224700417,
                1117496071
              ]
            },
            {
              "id": 1,
              "amount": 5,
              "eligible_players": [
                1224700417
              ]
            }
          ]
        }
      ],
      "actionTimes": {}
    },
    "1": {
      "pot": 100,
      "bets": {
        "1224700416": 100,
        "1117496070": 0
      },
      "actions": {
        "1117496070": "FOLD",
        "1224700416": "RAISE"
      },
      "action_sequence": [
        {
          "player": 1117496070,
          "action": "FOLD",
          "amount": 0,
          "timestamp": 1756714974856,
          "pot_after_action": 0,
          "side_pots_after_action": [
            {
              "amount": 0,
              "eligible_players": [
                1224700417,
                1117496071
              ]
            }
          ],
          "total_pot_after_action": 15,
          "total_side_pots_after_action": [
            {
              "id": 0,
              "amount": 10,
              "eligible_players": [
                1224700417,
                1117496071
              ]
            },
            {
              "id": 1,
              "amount": 5,
              "eligible_players": [
                1224700417
              ]
            },
            {
              "id": 2,
              "amount": 0,
              "eligible_players": [
                1224700417,
                1117496071
              ]
            }
          ]
        },
        {
          "player": 1224700416,
          "action": "RAISE",
          "amount": 100,
          "timestamp": 1756714974895,
          "pot_after_action": 100,
          "side_pots_after_action": [
            {
              "amount": 100,
              "eligible_players": [
                1224700417,
                1117496071
              ]
            }
          ],
          "total_pot_after_action": 115,
          "total_side_pots_after_action": [
            {
              "id": 0,
              "amount": 10,
              "eligible_players": [
                1224700417,
                1117496071
              ]
            },
            {
              "id": 1,
              "amount": 5,
              "eligible_players": [
                1224700417
              ]
            },
            {
              "id": 2,
              "amount": 100,
              "eligible_players": [
                1224700417,
                1117496071
              ]
            }
          ]
        }
      ],
      "actionTimes": {
        "1117496070": 5,
        "1224700416": 44
      }
    }
  },
  "playerNames": {
    "1224700416": "player1224700417",
    "1117496070": "player1117496071"
  },
  "blinds": {
    "small": 5,
    "big": 10
  },
  "finalBoard": [
    "4d",
    "Qd",
    "7h",
    "Ac"
  ],
  "sidePots": [
    {
      "amount": 0,
      "eligible_players": [
        1224700416
      ]
    }
  ],
  "playerMoney": {
    "initialAmount": 10000,
    "startingMoney": {
      "1224700417": 10040,
      "1117496071": 9960
    },
    "startingDelta": {
      "1224700417": 40,
      "1117496071": -40
    },
    "finalDelta": {
      "1224700417": 45,
      "1117496071": -45
    },
    "gameScores": {
      "1224700417": 5,
      "1117496071": -5
    },
    "finalMoney": {
      "1224700417": 10045,
      "1117496071": 9955
    },
    "thisGameDelta": {
      "1224700417": 5,
      "1117496071": -5
    }
  },
  "playerHands": {
    "1224700416": [
      "7d",
      "Ah"
    ],
    "1117496070": [
      "Jh",
      "7c"
    ]
  },
  "usernameMapping": {
    "default": 1224700417,
    "client_container_5623_test_client_test_openai_o3_pro_iter_4_20250901_012248_iter4": 1117496071
  },
  "playerIdToUsername": {
    "1224700417": "default",
    "1117496071": "client_container_5623_test_client_test_openai_o3_pro_iter_4_20250901_012248_iter4"
  }
}