{
  "gameId": "a232328f-6062-4e06-9113-2197dae51a8f",
  "rounds": {
    "0": {
      "pot": 15,
      "bets": {
        "2151264940": 5,
        "520580237": 10
      },
      "actions": {
        "2151264940": "RAISE",
        "520580237": "RAISE"
      },
      "action_sequence": [
        {
          "player": 2151264940,
          "action": "RAISE",
          "amount": 5,
          "timestamp": 1758154856729,
          "pot_after_action": 5,
          "side_pots_after_action": [
            {
              "amount": 5,
              "eligible_players": [
                2151264941,
                520580238
              ]
            }
          ],
          "total_pot_after_action": 5,
          "total_side_pots_after_action": [
            {
              "id": 0,
              "amount": 5,
              "eligible_players": [
                2151264941,
                520580238
              ]
            }
          ]
        },
        {
          "player": 520580237,
          "action": "RAISE",
          "amount": 10,
          "timestamp": 1758154856729,
          "pot_after_action": 15,
          "side_pots_after_action": [
            {
              "amount": 10,
              "eligible_players": [
                2151264941,
                520580238
              ]
            },
            {
              "amount": 5,
              "eligible_players": [
                520580238
              ]
            }
          ],
          "total_pot_after_action": 15,
          "total_side_pots_after_action": [
            {
              "id": 0,
              "amount": 10,
              "eligible_players": [
                2151264941,
                520580238
              ]
            },
            {
              "id": 1,
              "amount": 5,
              "eligible_players": [
                520580238
              ]
            }
          ]
        }
      ],
      "actionTimes": {}
    },
    "1": {
      "pot": 100,
      "bets": {
        "2151264940": 100,
        "520580237": 0
      },
      "actions": {
        "2151264940": "RAISE",
        "520580237": "FOLD"
      },
      "action_sequence": [
        {
          "player": 2151264940,
          "action": "RAISE",
          "amount": 100,
          "timestamp": 1758154856734,
          "pot_after_action": 100,
          "side_pots_after_action": [
            {
              "amount": 100,
              "eligible_players": [
                2151264941,
                520580238
              ]
            }
          ],
          "total_pot_after_action": 115,
          "total_side_pots_after_action": [
            {
              "id": 0,
              "amount": 10,
              "eligible_players": [
                2151264941,
                520580238
              ]
            },
            {
              "id": 1,
              "amount": 5,
              "eligible_players": [
                520580238
              ]
            },
            {
              "id": 2,
              "amount": 100,
              "eligible_players": [
                2151264941,
                520580238
              ]
            }
          ]
        },
        {
          "player": 520580237,
          "action": "FOLD",
          "amount": 0,
          "timestamp": 1758154856735,
          "pot_after_action": 100,
          "side_pots_after_action": [
            {
              "amount": 100,
              "eligible_players": [
                2151264941,
                520580238
              ]
            }
          ],
          "total_pot_after_action": 115,
          "total_side_pots_after_action": [
            {
              "id": 0,
              "amount": 10,
              "eligible_players": [
                2151264941,
                520580238
              ]
            },
            {
              "id": 1,
              "amount": 5,
              "eligible_players": [
                520580238
              ]
            },
            {
              "id": 2,
              "amount": 100,
              "eligible_players": [
                2151264941,
                520580238
              ]
            }
          ]
        }
      ],
      "actionTimes": {
        "2151264940": 5,
        "520580237": 6
      }
    }
  },
  "playerNames": {
    "2151264940": "player2151264941",
    "520580237": "player520580238"
  },
  "blinds": {
    "small": 5,
    "big": 10
  },
  "finalBoard": [
    "Ah",
    "As",
    "2h",
    "6d"
  ],
  "sidePots": [
    {
      "amount": 0,
      "eligible_players": [
        2151264940
      ]
    }
  ],
  "playerMoney": {
    "initialAmount": 10000,
    "startingMoney": {
      "2151264941": 10060,
      "520580238": 9940
    },
    "startingDelta": {
      "2151264941": 60,
      "520580238": -60
    },
    "finalDelta": {
      "2151264941": 70,
      "520580238": -70
    },
    "gameScores": {
      "2151264941": 10,
      "520580238": -10
    },
    "finalMoney": {
      "2151264941": 10070,
      "520580238": 9930
    },
    "thisGameDelta": {
      "2151264941": 10,
      "520580238": -10
    }
  },
  "playerHands": {
    "2151264940": [
      "Kh",
      "7s"
    ],
    "520580237": [
      "9s",
      "9d"
    ]
  },
  "usernameMapping": {
    "default": 2151264941,
    "client_container_6776_test_client_test_hermes_hermes_4_405b_iter_2_20250917_172049_iter2": 520580238
  },
  "playerIdToUsername": {
    "2151264941": "default",
    "520580238": "client_container_6776_test_client_test_hermes_hermes_4_405b_iter_2_20250917_172049_iter2"
  }
}