{
  "gameId": "a232328f-6062-4e06-9113-2197dae51a8f",
  "rounds": {
    "0": {
      "pot": 15,
      "bets": {
        "2151264940": 10,
        "520580237": 5
      },
      "actions": {
        "520580237": "RAISE",
        "2151264940": "RAISE"
      },
      "action_sequence": [
        {
          "player": 520580237,
          "action": "RAISE",
          "amount": 5,
          "timestamp": 1758154856516,
          "pot_after_action": 5,
          "side_pots_after_action": [
            {
              "amount": 5,
              "eligible_players": [
                2151264941,
                520580238
              ]
            }
          ],
          "total_pot_after_action": 5,
          "total_side_pots_after_action": [
            {
              "id": 0,
              "amount": 5,
              "eligible_players": [
                2151264941,
                520580238
              ]
            }
          ]
        },
        {
          "player": 2151264940,
          "action": "RAISE",
          "amount": 10,
          "timestamp": 1758154856516,
          "pot_after_action": 15,
          "side_pots_after_action": [
            {
              "amount": 10,
              "eligible_players": [
                2151264941,
                520580238
              ]
            },
            {
              "amount": 5,
              "eligible_players": [
                2151264941
              ]
            }
          ],
          "total_pot_after_action": 15,
          "total_side_pots_after_action": [
            {
              "id": 0,
              "amount": 10,
              "eligible_players": [
                2151264941,
                520580238
              ]
            },
            {
              "id": 1,
              "amount": 5,
              "eligible_players": [
                2151264941
              ]
            }
          ]
        }
      ],
      "actionTimes": {}
    },
    "1": {
      "pot": 100,
      "bets": {
        "2151264940": 100,
        "520580237": 0
      },
      "actions": {
        "520580237": "FOLD",
        "2151264940": "RAISE"
      },
      "action_sequence": [
        {
          "player": 520580237,
          "action": "FOLD",
          "amount": 0,
          "timestamp": 1758154856522,
          "pot_after_action": 0,
          "side_pots_after_action": [
            {
              "amount": 0,
              "eligible_players": [
                2151264941,
                520580238
              ]
            }
          ],
          "total_pot_after_action": 15,
          "total_side_pots_after_action": [
            {
              "id": 0,
              "amount": 10,
              "eligible_players": [
                2151264941,
                520580238
              ]
            },
            {
              "id": 1,
              "amount": 5,
              "eligible_players": [
                2151264941
              ]
            },
            {
              "id": 2,
              "amount": 0,
              "eligible_players": [
                2151264941,
                520580238
              ]
            }
          ]
        },
        {
          "player": 2151264940,
          "action": "RAISE",
          "amount": 100,
          "timestamp": 1758154856559,
          "pot_after_action": 100,
          "side_pots_after_action": [
            {
              "amount": 100,
              "eligible_players": [
                2151264941,
                520580238
              ]
            }
          ],
          "total_pot_after_action": 115,
          "total_side_pots_after_action": [
            {
              "id": 0,
              "amount": 10,
              "eligible_players": [
                2151264941,
                520580238
              ]
            },
            {
              "id": 1,
              "amount": 5,
              "eligible_players": [
                2151264941
              ]
            },
            {
              "id": 2,
              "amount": 100,
              "eligible_players": [
                2151264941,
                520580238
              ]
            }
          ]
        }
      ],
      "actionTimes": {
        "520580237": 6,
        "2151264940": 43
      }
    }
  },
  "playerNames": {
    "2151264940": "player2151264941",
    "520580237": "player520580238"
  },
  "blinds": {
    "small": 5,
    "big": 10
  },
  "finalBoard": [
    "6h",
    "Qh",
    "3h",
    "Kc"
  ],
  "sidePots": [
    {
      "amount": 0,
      "eligible_players": [
        2151264940
      ]
    }
  ],
  "playerMoney": {
    "initialAmount": 10000,
    "startingMoney": {
      "2151264941": 10025,
      "520580238": 9975
    },
    "startingDelta": {
      "2151264941": 25,
      "520580238": -25
    },
    "finalDelta": {
      "2151264941": 30,
      "520580238": -30
    },
    "gameScores": {
      "2151264941": 5,
      "520580238": -5
    },
    "finalMoney": {
      "2151264941": 10030,
      "520580238": 9970
    },
    "thisGameDelta": {
      "2151264941": 5,
      "520580238": -5
    }
  },
  "playerHands": {
    "2151264940": [
      "7d",
      "Ah"
    ],
    "520580237": [
      "4s",
      "Kd"
    ]
  },
  "usernameMapping": {
    "default": 2151264941,
    "client_container_6776_test_client_test_hermes_hermes_4_405b_iter_2_20250917_172049_iter2": 520580238
  },
  "playerIdToUsername": {
    "2151264941": "default",
    "520580238": "client_container_6776_test_client_test_hermes_hermes_4_405b_iter_2_20250917_172049_iter2"
  }
}