{
  "gameId": "0b728a95-8b5f-4ed3-b289-55cf28ee7ea1",
  "rounds": {
    "0": {
      "pot": 15,
      "bets": {
        "1833345308": 10,
        "2030255314": 5
      },
      "actions": {
        "2030255314": "RAISE",
        "1833345308": "RAISE"
      },
      "action_sequence": [
        {
          "player": 2030255314,
          "action": "RAISE",
          "amount": 5,
          "timestamp": 1758172629780,
          "pot_after_action": 5,
          "side_pots_after_action": [
            {
              "amount": 5,
              "eligible_players": [
                2030255315,
                1833345309
              ]
            }
          ],
          "total_pot_after_action": 5,
          "total_side_pots_after_action": [
            {
              "id": 0,
              "amount": 5,
              "eligible_players": [
                2030255315,
                1833345309
              ]
            }
          ]
        },
        {
          "player": 1833345308,
          "action": "RAISE",
          "amount": 10,
          "timestamp": 1758172629780,
          "pot_after_action": 15,
          "side_pots_after_action": [
            {
              "amount": 10,
              "eligible_players": [
                2030255315,
                1833345309
              ]
            },
            {
              "amount": 5,
              "eligible_players": [
                1833345309
              ]
            }
          ],
          "total_pot_after_action": 15,
          "total_side_pots_after_action": [
            {
              "id": 0,
              "amount": 10,
              "eligible_players": [
                2030255315,
                1833345309
              ]
            },
            {
              "id": 1,
              "amount": 5,
              "eligible_players": [
                1833345309
              ]
            }
          ]
        }
      ],
      "actionTimes": {}
    },
    "1": {
      "pot": 100,
      "bets": {
        "1833345308": 100,
        "2030255314": 0
      },
      "actions": {
        "2030255314": "FOLD",
        "1833345308": "RAISE"
      },
      "action_sequence": [
        {
          "player": 2030255314,
          "action": "CHECK",
          "amount": 0,
          "timestamp": 1758172629783,
          "pot_after_action": 0,
          "side_pots_after_action": [
            {
              "amount": 0,
              "eligible_players": [
                2030255315,
                1833345309
              ]
            }
          ],
          "total_pot_after_action": 15,
          "total_side_pots_after_action": [
            {
              "id": 0,
              "amount": 10,
              "eligible_players": [
                2030255315,
                1833345309
              ]
            },
            {
              "id": 1,
              "amount": 5,
              "eligible_players": [
                1833345309
              ]
            },
            {
              "id": 2,
              "amount": 0,
              "eligible_players": [
                2030255315,
                1833345309
              ]
            }
          ]
        },
        {
          "player": 1833345308,
          "action": "RAISE",
          "amount": 100,
          "timestamp": 1758172629784,
          "pot_after_action": 100,
          "side_pots_after_action": [
            {
              "amount": 100,
              "eligible_players": [
                2030255315,
                1833345309
              ]
            }
          ],
          "total_pot_after_action": 115,
          "total_side_pots_after_action": [
            {
              "id": 0,
              "amount": 10,
              "eligible_players": [
                2030255315,
                1833345309
              ]
            },
            {
              "id": 1,
              "amount": 5,
              "eligible_players": [
                1833345309
              ]
            },
            {
              "id": 2,
              "amount": 100,
              "eligible_players": [
                2030255315,
                1833345309
              ]
            }
          ]
        },
        {
          "player": 2030255314,
          "action": "FOLD",
          "amount": 0,
          "timestamp": 1758172629825,
          "pot_after_action": 100,
          "side_pots_after_action": [
            {
              "amount": 100,
              "eligible_players": [
                2030255315,
                1833345309
              ]
            }
          ],
          "total_pot_after_action": 115,
          "total_side_pots_after_action": [
            {
              "id": 0,
              "amount": 10,
              "eligible_players": [
                2030255315,
                1833345309
              ]
            },
            {
              "id": 1,
              "amount": 5,
              "eligible_players": [
                1833345309
              ]
            },
            {
              "id": 2,
              "amount": 100,
              "eligible_players": [
                2030255315,
                1833345309
              ]
            }
          ]
        }
      ],
      "actionTimes": {
        "2030255314": 45,
        "1833345308": 4
      }
    }
  },
  "playerNames": {
    "1833345308": "player1833345309",
    "2030255314": "player2030255315"
  },
  "blinds": {
    "small": 5,
    "big": 10
  },
  "finalBoard": [
    "6d",
    "3c",
    "7d",
    "7c"
  ],
  "sidePots": [
    {
      "amount": 0,
      "eligible_players": [
        1833345308
      ]
    }
  ],
  "playerMoney": {
    "initialAmount": 10000,
    "startingMoney": {
      "1833345309": 10170,
      "2030255315": 9830
    },
    "startingDelta": {
      "1833345309": 170,
      "2030255315": -170
    },
    "finalDelta": {
      "1833345309": 175,
      "2030255315": -175
    },
    "gameScores": {
      "1833345309": 5,
      "2030255315": -5
    },
    "finalMoney": {
      "1833345309": 10175,
      "2030255315": 9825
    },
    "thisGameDelta": {
      "1833345309": 5,
      "2030255315": -5
    }
  },
  "playerHands": {
    "1833345308": [
      "8h",
      "8c"
    ],
    "2030255314": [
      "6h",
      "8s"
    ]
  },
  "usernameMapping": {
    "default": 1833345309,
    "client_container_5375_test_client_test_z_ai_glm_4.5_iter_5_20250917_221703_iter5": 2030255315
  },
  "playerIdToUsername": {
    "1833345309": "default",
    "2030255315": "client_container_5375_test_client_test_z_ai_glm_4.5_iter_5_20250917_221703_iter5"
  }
}