{
  "gameId": "0b728a95-8b5f-4ed3-b289-55cf28ee7ea1",
  "rounds": {
    "0": {
      "pot": 15,
      "bets": {
        "1833345308": 10,
        "2030255314": 5
      },
      "actions": {
        "2030255314": "RAISE",
        "1833345308": "RAISE"
      },
      "action_sequence": [
        {
          "player": 2030255314,
          "action": "RAISE",
          "amount": 5,
          "timestamp": 1758172629559,
          "pot_after_action": 5,
          "side_pots_after_action": [
            {
              "amount": 5,
              "eligible_players": [
                2030255315,
                1833345309
              ]
            }
          ],
          "total_pot_after_action": 5,
          "total_side_pots_after_action": [
            {
              "id": 0,
              "amount": 5,
              "eligible_players": [
                2030255315,
                1833345309
              ]
            }
          ]
        },
        {
          "player": 1833345308,
          "action": "RAISE",
          "amount": 10,
          "timestamp": 1758172629559,
          "pot_after_action": 15,
          "side_pots_after_action": [
            {
              "amount": 10,
              "eligible_players": [
                2030255315,
                1833345309
              ]
            },
            {
              "amount": 5,
              "eligible_players": [
                1833345309
              ]
            }
          ],
          "total_pot_after_action": 15,
          "total_side_pots_after_action": [
            {
              "id": 0,
              "amount": 10,
              "eligible_players": [
                2030255315,
                1833345309
              ]
            },
            {
              "id": 1,
              "amount": 5,
              "eligible_players": [
                1833345309
              ]
            }
          ]
        }
      ],
      "actionTimes": {}
    },
    "1": {
      "pot": 100,
      "bets": {
        "1833345308": 100,
        "2030255314": 0
      },
      "actions": {
        "2030255314": "FOLD",
        "1833345308": "RAISE"
      },
      "action_sequence": [
        {
          "player": 2030255314,
          "action": "FOLD",
          "amount": 0,
          "timestamp": 1758172629562,
          "pot_after_action": 0,
          "side_pots_after_action": [
            {
              "amount": 0,
              "eligible_players": [
                2030255315,
                1833345309
              ]
            }
          ],
          "total_pot_after_action": 15,
          "total_side_pots_after_action": [
            {
              "id": 0,
              "amount": 10,
              "eligible_players": [
                2030255315,
                1833345309
              ]
            },
            {
              "id": 1,
              "amount": 5,
              "eligible_players": [
                1833345309
              ]
            },
            {
              "id": 2,
              "amount": 0,
              "eligible_players": [
                2030255315,
                1833345309
              ]
            }
          ]
        },
        {
          "player": 1833345308,
          "action": "RAISE",
          "amount": 100,
          "timestamp": 1758172629563,
          "pot_after_action": 100,
          "side_pots_after_action": [
            {
              "amount": 100,
              "eligible_players": [
                2030255315,
                1833345309
              ]
            }
          ],
          "total_pot_after_action": 115,
          "total_side_pots_after_action": [
            {
              "id": 0,
              "amount": 10,
              "eligible_players": [
                2030255315,
                1833345309
              ]
            },
            {
              "id": 1,
              "amount": 5,
              "eligible_players": [
                1833345309
              ]
            },
            {
              "id": 2,
              "amount": 100,
              "eligible_players": [
                2030255315,
                1833345309
              ]
            }
          ]
        }
      ],
      "actionTimes": {
        "2030255314": 4,
        "1833345308": 5
      }
    }
  },
  "playerNames": {
    "1833345308": "player1833345309",
    "2030255314": "player2030255315"
  },
  "blinds": {
    "small": 5,
    "big": 10
  },
  "finalBoard": [
    "Td",
    "3s",
    "Js",
    "Kc"
  ],
  "sidePots": [
    {
      "amount": 0,
      "eligible_players": [
        1833345308
      ]
    }
  ],
  "playerMoney": {
    "initialAmount": 10000,
    "startingMoney": {
      "1833345309": 10125,
      "2030255315": 9875
    },
    "startingDelta": {
      "1833345309": 125,
      "2030255315": -125
    },
    "finalDelta": {
      "1833345309": 130,
      "2030255315": -130
    },
    "gameScores": {
      "1833345309": 5,
      "2030255315": -5
    },
    "finalMoney": {
      "1833345309": 10130,
      "2030255315": 9870
    },
    "thisGameDelta": {
      "1833345309": 5,
      "2030255315": -5
    }
  },
  "playerHands": {
    "1833345308": [
      "Ts",
      "Qd"
    ],
    "2030255314": [
      "Ac",
      "3h"
    ]
  },
  "usernameMapping": {
    "default": 1833345309,
    "client_container_5375_test_client_test_z_ai_glm_4.5_iter_5_20250917_221703_iter5": 2030255315
  },
  "playerIdToUsername": {
    "1833345309": "default",
    "2030255315": "client_container_5375_test_client_test_z_ai_glm_4.5_iter_5_20250917_221703_iter5"
  }
}