{
  "gameId": "e28e9fec-3abb-4585-98bd-42c6cacc5769",
  "rounds": {
    "0": {
      "pot": 15,
      "bets": {
        "3579786416": 10,
        "3542689540": 5
      },
      "actions": {
        "3542689540": "RAISE",
        "3579786416": "RAISE"
      },
      "action_sequence": [
        {
          "player": 3542689540,
          "action": "RAISE",
          "amount": 5,
          "timestamp": 1758173164628,
          "pot_after_action": 5,
          "side_pots_after_action": [
            {
              "amount": 5,
              "eligible_players": [
                3579786417,
                3542689541
              ]
            }
          ],
          "total_pot_after_action": 5,
          "total_side_pots_after_action": [
            {
              "id": 0,
              "amount": 5,
              "eligible_players": [
                3579786417,
                3542689541
              ]
            }
          ]
        },
        {
          "player": 3579786416,
          "action": "RAISE",
          "amount": 10,
          "timestamp": 1758173164628,
          "pot_after_action": 15,
          "side_pots_after_action": [
            {
              "amount": 10,
              "eligible_players": [
                3579786417,
                3542689541
              ]
            },
            {
              "amount": 5,
              "eligible_players": [
                3579786417
              ]
            }
          ],
          "total_pot_after_action": 15,
          "total_side_pots_after_action": [
            {
              "id": 0,
              "amount": 10,
              "eligible_players": [
                3579786417,
                3542689541
              ]
            },
            {
              "id": 1,
              "amount": 5,
              "eligible_players": [
                3579786417
              ]
            }
          ]
        }
      ],
      "actionTimes": {}
    },
    "1": {
      "pot": 100,
      "bets": {
        "3579786416": 100,
        "3542689540": 0
      },
      "actions": {
        "3542689540": "FOLD",
        "3579786416": "RAISE"
      },
      "action_sequence": [
        {
          "player": 3542689540,
          "action": "CHECK",
          "amount": 0,
          "timestamp": 1758173164632,
          "pot_after_action": 0,
          "side_pots_after_action": [
            {
              "amount": 0,
              "eligible_players": [
                3579786417,
                3542689541
              ]
            }
          ],
          "total_pot_after_action": 15,
          "total_side_pots_after_action": [
            {
              "id": 0,
              "amount": 10,
              "eligible_players": [
                3579786417,
                3542689541
              ]
            },
            {
              "id": 1,
              "amount": 5,
              "eligible_players": [
                3579786417
              ]
            },
            {
              "id": 2,
              "amount": 0,
              "eligible_players": [
                3579786417,
                3542689541
              ]
            }
          ]
        },
        {
          "player": 3579786416,
          "action": "RAISE",
          "amount": 100,
          "timestamp": 1758173164633,
          "pot_after_action": 100,
          "side_pots_after_action": [
            {
              "amount": 100,
              "eligible_players": [
                3579786417,
                3542689541
              ]
            }
          ],
          "total_pot_after_action": 115,
          "total_side_pots_after_action": [
            {
              "id": 0,
              "amount": 10,
              "eligible_players": [
                3579786417,
                3542689541
              ]
            },
            {
              "id": 1,
              "amount": 5,
              "eligible_players": [
                3579786417
              ]
            },
            {
              "id": 2,
              "amount": 100,
              "eligible_players": [
                3579786417,
                3542689541
              ]
            }
          ]
        },
        {
          "player": 3542689540,
          "action": "FOLD",
          "amount": 0,
          "timestamp": 1758173164673,
          "pot_after_action": 100,
          "side_pots_after_action": [
            {
              "amount": 100,
              "eligible_players": [
                3579786417,
                3542689541
              ]
            }
          ],
          "total_pot_after_action": 115,
          "total_side_pots_after_action": [
            {
              "id": 0,
              "amount": 10,
              "eligible_players": [
                3579786417,
                3542689541
              ]
            },
            {
              "id": 1,
              "amount": 5,
              "eligible_players": [
                3579786417
              ]
            },
            {
              "id": 2,
              "amount": 100,
              "eligible_players": [
                3579786417,
                3542689541
              ]
            }
          ]
        }
      ],
      "actionTimes": {
        "3542689540": 45,
        "3579786416": 5
      }
    }
  },
  "playerNames": {
    "3579786416": "player3579786417",
    "3542689540": "player3542689541"
  },
  "blinds": {
    "small": 5,
    "big": 10
  },
  "finalBoard": [
    "9s",
    "4h",
    "8c",
    "Ad"
  ],
  "sidePots": [
    {
      "amount": 0,
      "eligible_players": [
        3579786416
      ]
    }
  ],
  "playerMoney": {
    "initialAmount": 10000,
    "startingMoney": {
      "3579786417": 10055,
      "3542689541": 9945
    },
    "startingDelta": {
      "3579786417": 55,
      "3542689541": -55
    },
    "finalDelta": {
      "3579786417": 60,
      "3542689541": -60
    },
    "gameScores": {
      "3579786417": 5,
      "3542689541": -5
    },
    "finalMoney": {
      "3579786417": 10060,
      "3542689541": 9940
    },
    "thisGameDelta": {
      "3579786417": 5,
      "3542689541": -5
    }
  },
  "playerHands": {
    "3579786416": [
      "Kd",
      "8h"
    ],
    "3542689540": [
      "5c",
      "7s"
    ]
  },
  "usernameMapping": {
    "default": 3579786417,
    "client_container_6650_test_client_test_openai_o3_pro_iter_2_20250917_222558_iter2": 3542689541
  },
  "playerIdToUsername": {
    "3579786417": "default",
    "3542689541": "client_container_6650_test_client_test_openai_o3_pro_iter_2_20250917_222558_iter2"
  }
}