{
  "gameId": "e28e9fec-3abb-4585-98bd-42c6cacc5769",
  "rounds": {
    "0": {
      "pot": 15,
      "bets": {
        "3579786416": 5,
        "3542689540": 10
      },
      "actions": {
        "3579786416": "RAISE",
        "3542689540": "RAISE"
      },
      "action_sequence": [
        {
          "player": 3579786416,
          "action": "RAISE",
          "amount": 5,
          "timestamp": 1758173164339,
          "pot_after_action": 5,
          "side_pots_after_action": [
            {
              "amount": 5,
              "eligible_players": [
                3579786417,
                3542689541
              ]
            }
          ],
          "total_pot_after_action": 5,
          "total_side_pots_after_action": [
            {
              "id": 0,
              "amount": 5,
              "eligible_players": [
                3579786417,
                3542689541
              ]
            }
          ]
        },
        {
          "player": 3542689540,
          "action": "RAISE",
          "amount": 10,
          "timestamp": 1758173164339,
          "pot_after_action": 15,
          "side_pots_after_action": [
            {
              "amount": 10,
              "eligible_players": [
                3579786417,
                3542689541
              ]
            },
            {
              "amount": 5,
              "eligible_players": [
                3542689541
              ]
            }
          ],
          "total_pot_after_action": 15,
          "total_side_pots_after_action": [
            {
              "id": 0,
              "amount": 10,
              "eligible_players": [
                3579786417,
                3542689541
              ]
            },
            {
              "id": 1,
              "amount": 5,
              "eligible_players": [
                3542689541
              ]
            }
          ]
        }
      ],
      "actionTimes": {}
    },
    "1": {
      "pot": 100,
      "bets": {
        "3579786416": 100,
        "3542689540": 0
      },
      "actions": {
        "3579786416": "RAISE",
        "3542689540": "FOLD"
      },
      "action_sequence": [
        {
          "player": 3579786416,
          "action": "RAISE",
          "amount": 100,
          "timestamp": 1758173164341,
          "pot_after_action": 100,
          "side_pots_after_action": [
            {
              "amount": 100,
              "eligible_players": [
                3579786417,
                3542689541
              ]
            }
          ],
          "total_pot_after_action": 115,
          "total_side_pots_after_action": [
            {
              "id": 0,
              "amount": 10,
              "eligible_players": [
                3579786417,
                3542689541
              ]
            },
            {
              "id": 1,
              "amount": 5,
              "eligible_players": [
                3542689541
              ]
            },
            {
              "id": 2,
              "amount": 100,
              "eligible_players": [
                3579786417,
                3542689541
              ]
            }
          ]
        },
        {
          "player": 3542689540,
          "action": "FOLD",
          "amount": 0,
          "timestamp": 1758173164381,
          "pot_after_action": 100,
          "side_pots_after_action": [
            {
              "amount": 100,
              "eligible_players": [
                3579786417,
                3542689541
              ]
            }
          ],
          "total_pot_after_action": 115,
          "total_side_pots_after_action": [
            {
              "id": 0,
              "amount": 10,
              "eligible_players": [
                3579786417,
                3542689541
              ]
            },
            {
              "id": 1,
              "amount": 5,
              "eligible_players": [
                3542689541
              ]
            },
            {
              "id": 2,
              "amount": 100,
              "eligible_players": [
                3579786417,
                3542689541
              ]
            }
          ]
        }
      ],
      "actionTimes": {
        "3579786416": 2,
        "3542689540": 42
      }
    }
  },
  "playerNames": {
    "3579786416": "player3579786417",
    "3542689540": "player3542689541"
  },
  "blinds": {
    "small": 5,
    "big": 10
  },
  "finalBoard": [
    "3d",
    "9s",
    "Jd",
    "9h"
  ],
  "sidePots": [
    {
      "amount": 0,
      "eligible_players": [
        3579786416
      ]
    }
  ],
  "playerMoney": {
    "initialAmount": 10000,
    "startingMoney": {
      "3579786417": 10015,
      "3542689541": 9985
    },
    "startingDelta": {
      "3579786417": 15,
      "3542689541": -15
    },
    "finalDelta": {
      "3579786417": 25,
      "3542689541": -25
    },
    "gameScores": {
      "3579786417": 10,
      "3542689541": -10
    },
    "finalMoney": {
      "3579786417": 10025,
      "3542689541": 9975
    },
    "thisGameDelta": {
      "3579786417": 10,
      "3542689541": -10
    }
  },
  "playerHands": {
    "3579786416": [
      "7d",
      "5s"
    ],
    "3542689540": [
      "4c",
      "2c"
    ]
  },
  "usernameMapping": {
    "default": 3579786417,
    "client_container_6650_test_client_test_openai_o3_pro_iter_2_20250917_222558_iter2": 3542689541
  },
  "playerIdToUsername": {
    "3579786417": "default",
    "3542689541": "client_container_6650_test_client_test_openai_o3_pro_iter_2_20250917_222558_iter2"
  }
}