{
  "gameId": "4bf6896c-f12a-406c-a6f8-4fb39bc6dec5",
  "rounds": {
    "0": {
      "pot": 15,
      "bets": {
        "1517422481": 10,
        "3751520849": 5
      },
      "actions": {
        "3751520849": "RAISE",
        "1517422481": "RAISE"
      },
      "action_sequence": [
        {
          "player": 3751520849,
          "action": "RAISE",
          "amount": 5,
          "timestamp": 1757020655532,
          "pot_after_action": 5,
          "side_pots_after_action": [
            {
              "amount": 5,
              "eligible_players": [
                1517422482,
                3751520850
              ]
            }
          ],
          "total_pot_after_action": 5,
          "total_side_pots_after_action": [
            {
              "id": 0,
              "amount": 5,
              "eligible_players": [
                1517422482,
                3751520850
              ]
            }
          ]
        },
        {
          "player": 1517422481,
          "action": "RAISE",
          "amount": 10,
          "timestamp": 1757020655532,
          "pot_after_action": 15,
          "side_pots_after_action": [
            {
              "amount": 10,
              "eligible_players": [
                1517422482,
                3751520850
              ]
            },
            {
              "amount": 5,
              "eligible_players": [
                1517422482
              ]
            }
          ],
          "total_pot_after_action": 15,
          "total_side_pots_after_action": [
            {
              "id": 0,
              "amount": 10,
              "eligible_players": [
                1517422482,
                3751520850
              ]
            },
            {
              "id": 1,
              "amount": 5,
              "eligible_players": [
                1517422482
              ]
            }
          ]
        }
      ],
      "actionTimes": {}
    },
    "1": {
      "pot": 100,
      "bets": {
        "1517422481": 100,
        "3751520849": 0
      },
      "actions": {
        "3751520849": "FOLD",
        "1517422481": "RAISE"
      },
      "action_sequence": [
        {
          "player": 3751520849,
          "action": "CHECK",
          "amount": 0,
          "timestamp": 1757020655537,
          "pot_after_action": 0,
          "side_pots_after_action": [
            {
              "amount": 0,
              "eligible_players": [
                1517422482,
                3751520850
              ]
            }
          ],
          "total_pot_after_action": 15,
          "total_side_pots_after_action": [
            {
              "id": 0,
              "amount": 10,
              "eligible_players": [
                1517422482,
                3751520850
              ]
            },
            {
              "id": 1,
              "amount": 5,
              "eligible_players": [
                1517422482
              ]
            },
            {
              "id": 2,
              "amount": 0,
              "eligible_players": [
                1517422482,
                3751520850
              ]
            }
          ]
        },
        {
          "player": 1517422481,
          "action": "RAISE",
          "amount": 100,
          "timestamp": 1757020655538,
          "pot_after_action": 100,
          "side_pots_after_action": [
            {
              "amount": 100,
              "eligible_players": [
                1517422482,
                3751520850
              ]
            }
          ],
          "total_pot_after_action": 115,
          "total_side_pots_after_action": [
            {
              "id": 0,
              "amount": 10,
              "eligible_players": [
                1517422482,
                3751520850
              ]
            },
            {
              "id": 1,
              "amount": 5,
              "eligible_players": [
                1517422482
              ]
            },
            {
              "id": 2,
              "amount": 100,
              "eligible_players": [
                1517422482,
                3751520850
              ]
            }
          ]
        },
        {
          "player": 3751520849,
          "action": "FOLD",
          "amount": 0,
          "timestamp": 1757020655579,
          "pot_after_action": 100,
          "side_pots_after_action": [
            {
              "amount": 100,
              "eligible_players": [
                1517422482,
                3751520850
              ]
            }
          ],
          "total_pot_after_action": 115,
          "total_side_pots_after_action": [
            {
              "id": 0,
              "amount": 10,
              "eligible_players": [
                1517422482,
                3751520850
              ]
            },
            {
              "id": 1,
              "amount": 5,
              "eligible_players": [
                1517422482
              ]
            },
            {
              "id": 2,
              "amount": 100,
              "eligible_players": [
                1517422482,
                3751520850
              ]
            }
          ]
        }
      ],
      "actionTimes": {
        "3751520849": 47,
        "1517422481": 6
      }
    }
  },
  "playerNames": {
    "1517422481": "player1517422482",
    "3751520849": "player3751520850"
  },
  "blinds": {
    "small": 5,
    "big": 10
  },
  "finalBoard": [
    "9c",
    "Th",
    "9d",
    "Ks"
  ],
  "sidePots": [
    {
      "amount": 0,
      "eligible_players": [
        1517422481
      ]
    }
  ],
  "playerMoney": {
    "initialAmount": 10000,
    "startingMoney": {
      "1517422482": 10070,
      "3751520850": 9930
    },
    "startingDelta": {
      "1517422482": 70,
      "3751520850": -70
    },
    "finalDelta": {
      "1517422482": 75,
      "3751520850": -75
    },
    "gameScores": {
      "1517422482": 5,
      "3751520850": -5
    },
    "finalMoney": {
      "1517422482": 10075,
      "3751520850": 9925
    },
    "thisGameDelta": {
      "1517422482": 5,
      "3751520850": -5
    }
  },
  "playerHands": {
    "1517422481": [
      "4s",
      "6d"
    ],
    "3751520849": [
      "2c",
      "7d"
    ]
  },
  "usernameMapping": {
    "default": 1517422482,
    "client_container_6281_test_client_test_deepseek_deepseek_r1_0528_iter_1_20250904_141728_iter1": 3751520850
  },
  "playerIdToUsername": {
    "1517422482": "default",
    "3751520850": "client_container_6281_test_client_test_deepseek_deepseek_r1_0528_iter_1_20250904_141728_iter1"
  }
}