{
  "gameId": "4bf6896c-f12a-406c-a6f8-4fb39bc6dec5",
  "rounds": {
    "0": {
      "pot": 15,
      "bets": {
        "1517422481": 5,
        "3751520849": 10
      },
      "actions": {
        "1517422481": "RAISE",
        "3751520849": "RAISE"
      },
      "action_sequence": [
        {
          "player": 1517422481,
          "action": "RAISE",
          "amount": 5,
          "timestamp": 1757020655274,
          "pot_after_action": 5,
          "side_pots_after_action": [
            {
              "amount": 5,
              "eligible_players": [
                1517422482,
                3751520850
              ]
            }
          ],
          "total_pot_after_action": 5,
          "total_side_pots_after_action": [
            {
              "id": 0,
              "amount": 5,
              "eligible_players": [
                1517422482,
                3751520850
              ]
            }
          ]
        },
        {
          "player": 3751520849,
          "action": "RAISE",
          "amount": 10,
          "timestamp": 1757020655274,
          "pot_after_action": 15,
          "side_pots_after_action": [
            {
              "amount": 10,
              "eligible_players": [
                1517422482,
                3751520850
              ]
            },
            {
              "amount": 5,
              "eligible_players": [
                3751520850
              ]
            }
          ],
          "total_pot_after_action": 15,
          "total_side_pots_after_action": [
            {
              "id": 0,
              "amount": 10,
              "eligible_players": [
                1517422482,
                3751520850
              ]
            },
            {
              "id": 1,
              "amount": 5,
              "eligible_players": [
                3751520850
              ]
            }
          ]
        }
      ],
      "actionTimes": {}
    },
    "1": {
      "pot": 100,
      "bets": {
        "1517422481": 100,
        "3751520849": 0
      },
      "actions": {
        "1517422481": "RAISE",
        "3751520849": "FOLD"
      },
      "action_sequence": [
        {
          "player": 1517422481,
          "action": "RAISE",
          "amount": 100,
          "timestamp": 1757020655276,
          "pot_after_action": 100,
          "side_pots_after_action": [
            {
              "amount": 100,
              "eligible_players": [
                1517422482,
                3751520850
              ]
            }
          ],
          "total_pot_after_action": 115,
          "total_side_pots_after_action": [
            {
              "id": 0,
              "amount": 10,
              "eligible_players": [
                1517422482,
                3751520850
              ]
            },
            {
              "id": 1,
              "amount": 5,
              "eligible_players": [
                3751520850
              ]
            },
            {
              "id": 2,
              "amount": 100,
              "eligible_players": [
                1517422482,
                3751520850
              ]
            }
          ]
        },
        {
          "player": 3751520849,
          "action": "FOLD",
          "amount": 0,
          "timestamp": 1757020655318,
          "pot_after_action": 100,
          "side_pots_after_action": [
            {
              "amount": 100,
              "eligible_players": [
                1517422482,
                3751520850
              ]
            }
          ],
          "total_pot_after_action": 115,
          "total_side_pots_after_action": [
            {
              "id": 0,
              "amount": 10,
              "eligible_players": [
                1517422482,
                3751520850
              ]
            },
            {
              "id": 1,
              "amount": 5,
              "eligible_players": [
                3751520850
              ]
            },
            {
              "id": 2,
              "amount": 100,
              "eligible_players": [
                1517422482,
                3751520850
              ]
            }
          ]
        }
      ],
      "actionTimes": {
        "1517422481": 2,
        "3751520849": 44
      }
    }
  },
  "playerNames": {
    "1517422481": "player1517422482",
    "3751520849": "player3751520850"
  },
  "blinds": {
    "small": 5,
    "big": 10
  },
  "finalBoard": [
    "7h",
    "Jh",
    "2c",
    "Kc"
  ],
  "sidePots": [
    {
      "amount": 0,
      "eligible_players": [
        1517422481
      ]
    }
  ],
  "playerMoney": {
    "initialAmount": 10000,
    "startingMoney": {
      "1517422482": 10030,
      "3751520850": 9970
    },
    "startingDelta": {
      "1517422482": 30,
      "3751520850": -30
    },
    "finalDelta": {
      "1517422482": 40,
      "3751520850": -40
    },
    "gameScores": {
      "1517422482": 10,
      "3751520850": -10
    },
    "finalMoney": {
      "1517422482": 10040,
      "3751520850": 9960
    },
    "thisGameDelta": {
      "1517422482": 10,
      "3751520850": -10
    }
  },
  "playerHands": {
    "1517422481": [
      "5h",
      "Td"
    ],
    "3751520849": [
      "4d",
      "4c"
    ]
  },
  "usernameMapping": {
    "default": 1517422482,
    "client_container_6281_test_client_test_deepseek_deepseek_r1_0528_iter_1_20250904_141728_iter1": 3751520850
  },
  "playerIdToUsername": {
    "1517422482": "default",
    "3751520850": "client_container_6281_test_client_test_deepseek_deepseek_r1_0528_iter_1_20250904_141728_iter1"
  }
}