{
  "gameId": "e4df24ed-8cf2-42bd-9f36-f6f62082f702",
  "rounds": {
    "0": {
      "pot": 15,
      "bets": {
        "4160282281": 10,
        "1696785304": 5
      },
      "actions": {
        "1696785304": "RAISE",
        "4160282281": "RAISE"
      },
      "action_sequence": [
        {
          "player": 1696785304,
          "action": "RAISE",
          "amount": 5,
          "timestamp": 1758172146650,
          "pot_after_action": 5,
          "side_pots_after_action": [
            {
              "amount": 5,
              "eligible_players": [
                1696785305,
                4160282282
              ]
            }
          ],
          "total_pot_after_action": 5,
          "total_side_pots_after_action": [
            {
              "id": 0,
              "amount": 5,
              "eligible_players": [
                1696785305,
                4160282282
              ]
            }
          ]
        },
        {
          "player": 4160282281,
          "action": "RAISE",
          "amount": 10,
          "timestamp": 1758172146650,
          "pot_after_action": 15,
          "side_pots_after_action": [
            {
              "amount": 10,
              "eligible_players": [
                1696785305,
                4160282282
              ]
            },
            {
              "amount": 5,
              "eligible_players": [
                4160282282
              ]
            }
          ],
          "total_pot_after_action": 15,
          "total_side_pots_after_action": [
            {
              "id": 0,
              "amount": 10,
              "eligible_players": [
                1696785305,
                4160282282
              ]
            },
            {
              "id": 1,
              "amount": 5,
              "eligible_players": [
                4160282282
              ]
            }
          ]
        }
      ],
      "actionTimes": {}
    },
    "1": {
      "pot": 100,
      "bets": {
        "4160282281": 100,
        "1696785304": 0
      },
      "actions": {
        "1696785304": "FOLD",
        "4160282281": "RAISE"
      },
      "action_sequence": [
        {
          "player": 1696785304,
          "action": "CHECK",
          "amount": 0,
          "timestamp": 1758172146654,
          "pot_after_action": 0,
          "side_pots_after_action": [
            {
              "amount": 0,
              "eligible_players": [
                1696785305,
                4160282282
              ]
            }
          ],
          "total_pot_after_action": 15,
          "total_side_pots_after_action": [
            {
              "id": 0,
              "amount": 10,
              "eligible_players": [
                1696785305,
                4160282282
              ]
            },
            {
              "id": 1,
              "amount": 5,
              "eligible_players": [
                4160282282
              ]
            },
            {
              "id": 2,
              "amount": 0,
              "eligible_players": [
                1696785305,
                4160282282
              ]
            }
          ]
        },
        {
          "player": 4160282281,
          "action": "RAISE",
          "amount": 100,
          "timestamp": 1758172146655,
          "pot_after_action": 100,
          "side_pots_after_action": [
            {
              "amount": 100,
              "eligible_players": [
                1696785305,
                4160282282
              ]
            }
          ],
          "total_pot_after_action": 115,
          "total_side_pots_after_action": [
            {
              "id": 0,
              "amount": 10,
              "eligible_players": [
                1696785305,
                4160282282
              ]
            },
            {
              "id": 1,
              "amount": 5,
              "eligible_players": [
                4160282282
              ]
            },
            {
              "id": 2,
              "amount": 100,
              "eligible_players": [
                1696785305,
                4160282282
              ]
            }
          ]
        },
        {
          "player": 1696785304,
          "action": "FOLD",
          "amount": 0,
          "timestamp": 1758172146696,
          "pot_after_action": 100,
          "side_pots_after_action": [
            {
              "amount": 100,
              "eligible_players": [
                1696785305,
                4160282282
              ]
            }
          ],
          "total_pot_after_action": 115,
          "total_side_pots_after_action": [
            {
              "id": 0,
              "amount": 10,
              "eligible_players": [
                1696785305,
                4160282282
              ]
            },
            {
              "id": 1,
              "amount": 5,
              "eligible_players": [
                4160282282
              ]
            },
            {
              "id": 2,
              "amount": 100,
              "eligible_players": [
                1696785305,
                4160282282
              ]
            }
          ]
        }
      ],
      "actionTimes": {
        "1696785304": 46,
        "4160282281": 5
      }
    }
  },
  "playerNames": {
    "4160282281": "player4160282282",
    "1696785304": "player1696785305"
  },
  "blinds": {
    "small": 5,
    "big": 10
  },
  "finalBoard": [
    "8h",
    "5d",
    "6h",
    "4c"
  ],
  "sidePots": [
    {
      "amount": 0,
      "eligible_players": [
        4160282281
      ]
    }
  ],
  "playerMoney": {
    "initialAmount": 10000,
    "startingMoney": {
      "4160282282": 10120,
      "1696785305": 9880
    },
    "startingDelta": {
      "4160282282": 120,
      "1696785305": -120
    },
    "finalDelta": {
      "4160282282": 125,
      "1696785305": -125
    },
    "gameScores": {
      "4160282282": 5,
      "1696785305": -5
    },
    "finalMoney": {
      "4160282282": 10125,
      "1696785305": 9875
    },
    "thisGameDelta": {
      "4160282282": 5,
      "1696785305": -5
    }
  },
  "playerHands": {
    "4160282281": [
      "Tc",
      "Ad"
    ],
    "1696785304": [
      "5c",
      "Ah"
    ]
  },
  "usernameMapping": {
    "default": 4160282282,
    "client_container_5489_test_client_test_moonshotai_kimi_k2_iter_2_20250917_220900_iter2": 1696785305
  },
  "playerIdToUsername": {
    "4160282282": "default",
    "1696785305": "client_container_5489_test_client_test_moonshotai_kimi_k2_iter_2_20250917_220900_iter2"
  }
}