{
  "gameId": "e4df24ed-8cf2-42bd-9f36-f6f62082f702",
  "rounds": {
    "0": {
      "pot": 15,
      "bets": {
        "4160282281": 5,
        "1696785304": 10
      },
      "actions": {
        "4160282281": "RAISE",
        "1696785304": "RAISE"
      },
      "action_sequence": [
        {
          "player": 4160282281,
          "action": "RAISE",
          "amount": 5,
          "timestamp": 1758172146838,
          "pot_after_action": 5,
          "side_pots_after_action": [
            {
              "amount": 5,
              "eligible_players": [
                1696785305,
                4160282282
              ]
            }
          ],
          "total_pot_after_action": 5,
          "total_side_pots_after_action": [
            {
              "id": 0,
              "amount": 5,
              "eligible_players": [
                1696785305,
                4160282282
              ]
            }
          ]
        },
        {
          "player": 1696785304,
          "action": "RAISE",
          "amount": 10,
          "timestamp": 1758172146838,
          "pot_after_action": 15,
          "side_pots_after_action": [
            {
              "amount": 10,
              "eligible_players": [
                1696785305,
                4160282282
              ]
            },
            {
              "amount": 5,
              "eligible_players": [
                1696785305
              ]
            }
          ],
          "total_pot_after_action": 15,
          "total_side_pots_after_action": [
            {
              "id": 0,
              "amount": 10,
              "eligible_players": [
                1696785305,
                4160282282
              ]
            },
            {
              "id": 1,
              "amount": 5,
              "eligible_players": [
                1696785305
              ]
            }
          ]
        }
      ],
      "actionTimes": {}
    },
    "1": {
      "pot": 100,
      "bets": {
        "4160282281": 100,
        "1696785304": 0
      },
      "actions": {
        "4160282281": "RAISE",
        "1696785304": "FOLD"
      },
      "action_sequence": [
        {
          "player": 4160282281,
          "action": "RAISE",
          "amount": 100,
          "timestamp": 1758172146841,
          "pot_after_action": 100,
          "side_pots_after_action": [
            {
              "amount": 100,
              "eligible_players": [
                1696785305,
                4160282282
              ]
            }
          ],
          "total_pot_after_action": 115,
          "total_side_pots_after_action": [
            {
              "id": 0,
              "amount": 10,
              "eligible_players": [
                1696785305,
                4160282282
              ]
            },
            {
              "id": 1,
              "amount": 5,
              "eligible_players": [
                1696785305
              ]
            },
            {
              "id": 2,
              "amount": 100,
              "eligible_players": [
                1696785305,
                4160282282
              ]
            }
          ]
        },
        {
          "player": 1696785304,
          "action": "FOLD",
          "amount": 0,
          "timestamp": 1758172146882,
          "pot_after_action": 100,
          "side_pots_after_action": [
            {
              "amount": 100,
              "eligible_players": [
                1696785305,
                4160282282
              ]
            }
          ],
          "total_pot_after_action": 115,
          "total_side_pots_after_action": [
            {
              "id": 0,
              "amount": 10,
              "eligible_players": [
                1696785305,
                4160282282
              ]
            },
            {
              "id": 1,
              "amount": 5,
              "eligible_players": [
                1696785305
              ]
            },
            {
              "id": 2,
              "amount": 100,
              "eligible_players": [
                1696785305,
                4160282282
              ]
            }
          ]
        }
      ],
      "actionTimes": {
        "4160282281": 3,
        "1696785304": 44
      }
    }
  },
  "playerNames": {
    "4160282281": "player4160282282",
    "1696785304": "player1696785305"
  },
  "blinds": {
    "small": 5,
    "big": 10
  },
  "finalBoard": [
    "2s",
    "Td",
    "Jh",
    "Ks"
  ],
  "sidePots": [
    {
      "amount": 0,
      "eligible_players": [
        4160282281
      ]
    }
  ],
  "playerMoney": {
    "initialAmount": 10000,
    "startingMoney": {
      "4160282282": 10140,
      "1696785305": 9860
    },
    "startingDelta": {
      "4160282282": 140,
      "1696785305": -140
    },
    "finalDelta": {
      "4160282282": 150,
      "1696785305": -150
    },
    "gameScores": {
      "4160282282": 10,
      "1696785305": -10
    },
    "finalMoney": {
      "4160282282": 10150,
      "1696785305": 9850
    },
    "thisGameDelta": {
      "4160282282": 10,
      "1696785305": -10
    }
  },
  "playerHands": {
    "4160282281": [
      "Tc",
      "Ts"
    ],
    "1696785304": [
      "9s",
      "4s"
    ]
  },
  "usernameMapping": {
    "default": 4160282282,
    "client_container_5489_test_client_test_moonshotai_kimi_k2_iter_2_20250917_220900_iter2": 1696785305
  },
  "playerIdToUsername": {
    "4160282282": "default",
    "1696785305": "client_container_5489_test_client_test_moonshotai_kimi_k2_iter_2_20250917_220900_iter2"
  }
}