{
  "gameId": "ffb179a7-927f-4281-b1e1-a9a7807e51d2",
  "rounds": {
    "0": {
      "pot": 15,
      "bets": {
        "3162018938": 5,
        "345219158": 10
      },
      "actions": {
        "3162018938": "RAISE",
        "345219158": "RAISE"
      },
      "action_sequence": [
        {
          "player": 3162018938,
          "action": "RAISE",
          "amount": 5,
          "timestamp": 1757699941712,
          "pot_after_action": 5,
          "side_pots_after_action": [
            {
              "amount": 5,
              "eligible_players": [
                3162018939,
                345219159
              ]
            }
          ],
          "total_pot_after_action": 5,
          "total_side_pots_after_action": [
            {
              "id": 0,
              "amount": 5,
              "eligible_players": [
                3162018939,
                345219159
              ]
            }
          ]
        },
        {
          "player": 345219158,
          "action": "RAISE",
          "amount": 10,
          "timestamp": 1757699941713,
          "pot_after_action": 15,
          "side_pots_after_action": [
            {
              "amount": 10,
              "eligible_players": [
                3162018939,
                345219159
              ]
            },
            {
              "amount": 5,
              "eligible_players": [
                345219159
              ]
            }
          ],
          "total_pot_after_action": 15,
          "total_side_pots_after_action": [
            {
              "id": 0,
              "amount": 10,
              "eligible_players": [
                3162018939,
                345219159
              ]
            },
            {
              "id": 1,
              "amount": 5,
              "eligible_players": [
                345219159
              ]
            }
          ]
        }
      ],
      "actionTimes": {}
    },
    "1": {
      "pot": 100,
      "bets": {
        "3162018938": 100,
        "345219158": 0
      },
      "actions": {
        "3162018938": "RAISE",
        "345219158": "FOLD"
      },
      "action_sequence": [
        {
          "player": 3162018938,
          "action": "RAISE",
          "amount": 100,
          "timestamp": 1757699941715,
          "pot_after_action": 100,
          "side_pots_after_action": [
            {
              "amount": 100,
              "eligible_players": [
                3162018939,
                345219159
              ]
            }
          ],
          "total_pot_after_action": 115,
          "total_side_pots_after_action": [
            {
              "id": 0,
              "amount": 10,
              "eligible_players": [
                3162018939,
                345219159
              ]
            },
            {
              "id": 1,
              "amount": 5,
              "eligible_players": [
                345219159
              ]
            },
            {
              "id": 2,
              "amount": 100,
              "eligible_players": [
                3162018939,
                345219159
              ]
            }
          ]
        },
        {
          "player": 345219158,
          "action": "FOLD",
          "amount": 0,
          "timestamp": 1757699941760,
          "pot_after_action": 100,
          "side_pots_after_action": [
            {
              "amount": 100,
              "eligible_players": [
                3162018939,
                345219159
              ]
            }
          ],
          "total_pot_after_action": 115,
          "total_side_pots_after_action": [
            {
              "id": 0,
              "amount": 10,
              "eligible_players": [
                3162018939,
                345219159
              ]
            },
            {
              "id": 1,
              "amount": 5,
              "eligible_players": [
                345219159
              ]
            },
            {
              "id": 2,
              "amount": 100,
              "eligible_players": [
                3162018939,
                345219159
              ]
            }
          ]
        }
      ],
      "actionTimes": {
        "3162018938": 3,
        "345219158": 48
      }
    }
  },
  "playerNames": {
    "3162018938": "player3162018939",
    "345219158": "player345219159"
  },
  "blinds": {
    "small": 5,
    "big": 10
  },
  "finalBoard": [
    "3d",
    "5s",
    "8d",
    "4c"
  ],
  "sidePots": [
    {
      "amount": 0,
      "eligible_players": [
        3162018938
      ]
    }
  ],
  "playerMoney": {
    "initialAmount": 10000,
    "startingMoney": {
      "3162018939": 10060,
      "345219159": 9940
    },
    "startingDelta": {
      "3162018939": 60,
      "345219159": -60
    },
    "finalDelta": {
      "3162018939": 70,
      "345219159": -70
    },
    "gameScores": {
      "3162018939": 10,
      "345219159": -10
    },
    "finalMoney": {
      "3162018939": 10070,
      "345219159": 9930
    },
    "thisGameDelta": {
      "3162018939": 10,
      "345219159": -10
    }
  },
  "playerHands": {
    "3162018938": [
      "Kh",
      "Ad"
    ],
    "345219158": [
      "2d",
      "6c"
    ]
  },
  "usernameMapping": {
    "default": 3162018939,
    "client_container_5543_test_client_test_x_ai_grok_4_iter_4_20250912_105855_iter4": 345219159
  },
  "playerIdToUsername": {
    "3162018939": "default",
    "345219159": "client_container_5543_test_client_test_x_ai_grok_4_iter_4_20250912_105855_iter4"
  }
}