{
  "gameId": "ffb179a7-927f-4281-b1e1-a9a7807e51d2",
  "rounds": {
    "0": {
      "pot": 15,
      "bets": {
        "3162018938": 5,
        "345219158": 10
      },
      "actions": {
        "3162018938": "RAISE",
        "345219158": "RAISE"
      },
      "action_sequence": [
        {
          "player": 3162018938,
          "action": "RAISE",
          "amount": 5,
          "timestamp": 1757699941588,
          "pot_after_action": 5,
          "side_pots_after_action": [
            {
              "amount": 5,
              "eligible_players": [
                3162018939,
                345219159
              ]
            }
          ],
          "total_pot_after_action": 5,
          "total_side_pots_after_action": [
            {
              "id": 0,
              "amount": 5,
              "eligible_players": [
                3162018939,
                345219159
              ]
            }
          ]
        },
        {
          "player": 345219158,
          "action": "RAISE",
          "amount": 10,
          "timestamp": 1757699941588,
          "pot_after_action": 15,
          "side_pots_after_action": [
            {
              "amount": 10,
              "eligible_players": [
                3162018939,
                345219159
              ]
            },
            {
              "amount": 5,
              "eligible_players": [
                345219159
              ]
            }
          ],
          "total_pot_after_action": 15,
          "total_side_pots_after_action": [
            {
              "id": 0,
              "amount": 10,
              "eligible_players": [
                3162018939,
                345219159
              ]
            },
            {
              "id": 1,
              "amount": 5,
              "eligible_players": [
                345219159
              ]
            }
          ]
        }
      ],
      "actionTimes": {}
    },
    "1": {
      "pot": 100,
      "bets": {
        "3162018938": 100,
        "345219158": 0
      },
      "actions": {
        "3162018938": "RAISE",
        "345219158": "FOLD"
      },
      "action_sequence": [
        {
          "player": 3162018938,
          "action": "RAISE",
          "amount": 100,
          "timestamp": 1757699941591,
          "pot_after_action": 100,
          "side_pots_after_action": [
            {
              "amount": 100,
              "eligible_players": [
                3162018939,
                345219159
              ]
            }
          ],
          "total_pot_after_action": 115,
          "total_side_pots_after_action": [
            {
              "id": 0,
              "amount": 10,
              "eligible_players": [
                3162018939,
                345219159
              ]
            },
            {
              "id": 1,
              "amount": 5,
              "eligible_players": [
                345219159
              ]
            },
            {
              "id": 2,
              "amount": 100,
              "eligible_players": [
                3162018939,
                345219159
              ]
            }
          ]
        },
        {
          "player": 345219158,
          "action": "FOLD",
          "amount": 0,
          "timestamp": 1757699941633,
          "pot_after_action": 100,
          "side_pots_after_action": [
            {
              "amount": 100,
              "eligible_players": [
                3162018939,
                345219159
              ]
            }
          ],
          "total_pot_after_action": 115,
          "total_side_pots_after_action": [
            {
              "id": 0,
              "amount": 10,
              "eligible_players": [
                3162018939,
                345219159
              ]
            },
            {
              "id": 1,
              "amount": 5,
              "eligible_players": [
                345219159
              ]
            },
            {
              "id": 2,
              "amount": 100,
              "eligible_players": [
                3162018939,
                345219159
              ]
            }
          ]
        }
      ],
      "actionTimes": {
        "3162018938": 3,
        "345219158": 45
      }
    }
  },
  "playerNames": {
    "3162018938": "player3162018939",
    "345219158": "player345219159"
  },
  "blinds": {
    "small": 5,
    "big": 10
  },
  "finalBoard": [
    "9s",
    "Ad",
    "Jh",
    "3s"
  ],
  "sidePots": [
    {
      "amount": 0,
      "eligible_players": [
        3162018938
      ]
    }
  ],
  "playerMoney": {
    "initialAmount": 10000,
    "startingMoney": {
      "3162018939": 10045,
      "345219159": 9955
    },
    "startingDelta": {
      "3162018939": 45,
      "345219159": -45
    },
    "finalDelta": {
      "3162018939": 55,
      "345219159": -55
    },
    "gameScores": {
      "3162018939": 10,
      "345219159": -10
    },
    "finalMoney": {
      "3162018939": 10055,
      "345219159": 9945
    },
    "thisGameDelta": {
      "3162018939": 10,
      "345219159": -10
    }
  },
  "playerHands": {
    "3162018938": [
      "Qc",
      "5c"
    ],
    "345219158": [
      "2d",
      "Td"
    ]
  },
  "usernameMapping": {
    "default": 3162018939,
    "client_container_5543_test_client_test_x_ai_grok_4_iter_4_20250912_105855_iter4": 345219159
  },
  "playerIdToUsername": {
    "3162018939": "default",
    "345219159": "client_container_5543_test_client_test_x_ai_grok_4_iter_4_20250912_105855_iter4"
  }
}