{
  "gameId": "ffb179a7-927f-4281-b1e1-a9a7807e51d2",
  "rounds": {
    "0": {
      "pot": 15,
      "bets": {
        "3162018938": 10,
        "345219158": 5
      },
      "actions": {
        "345219158": "RAISE",
        "3162018938": "RAISE"
      },
      "action_sequence": [
        {
          "player": 345219158,
          "action": "RAISE",
          "amount": 5,
          "timestamp": 1757699941777,
          "pot_after_action": 5,
          "side_pots_after_action": [
            {
              "amount": 5,
              "eligible_players": [
                3162018939,
                345219159
              ]
            }
          ],
          "total_pot_after_action": 5,
          "total_side_pots_after_action": [
            {
              "id": 0,
              "amount": 5,
              "eligible_players": [
                3162018939,
                345219159
              ]
            }
          ]
        },
        {
          "player": 3162018938,
          "action": "RAISE",
          "amount": 10,
          "timestamp": 1757699941777,
          "pot_after_action": 15,
          "side_pots_after_action": [
            {
              "amount": 10,
              "eligible_players": [
                3162018939,
                345219159
              ]
            },
            {
              "amount": 5,
              "eligible_players": [
                3162018939
              ]
            }
          ],
          "total_pot_after_action": 15,
          "total_side_pots_after_action": [
            {
              "id": 0,
              "amount": 10,
              "eligible_players": [
                3162018939,
                345219159
              ]
            },
            {
              "id": 1,
              "amount": 5,
              "eligible_players": [
                3162018939
              ]
            }
          ]
        }
      ],
      "actionTimes": {}
    },
    "1": {
      "pot": 100,
      "bets": {
        "3162018938": 100,
        "345219158": 0
      },
      "actions": {
        "345219158": "FOLD",
        "3162018938": "RAISE"
      },
      "action_sequence": [
        {
          "player": 345219158,
          "action": "CHECK",
          "amount": 0,
          "timestamp": 1757699941780,
          "pot_after_action": 0,
          "side_pots_after_action": [
            {
              "amount": 0,
              "eligible_players": [
                3162018939,
                345219159
              ]
            }
          ],
          "total_pot_after_action": 15,
          "total_side_pots_after_action": [
            {
              "id": 0,
              "amount": 10,
              "eligible_players": [
                3162018939,
                345219159
              ]
            },
            {
              "id": 1,
              "amount": 5,
              "eligible_players": [
                3162018939
              ]
            },
            {
              "id": 2,
              "amount": 0,
              "eligible_players": [
                3162018939,
                345219159
              ]
            }
          ]
        },
        {
          "player": 3162018938,
          "action": "RAISE",
          "amount": 100,
          "timestamp": 1757699941781,
          "pot_after_action": 100,
          "side_pots_after_action": [
            {
              "amount": 100,
              "eligible_players": [
                3162018939,
                345219159
              ]
            }
          ],
          "total_pot_after_action": 115,
          "total_side_pots_after_action": [
            {
              "id": 0,
              "amount": 10,
              "eligible_players": [
                3162018939,
                345219159
              ]
            },
            {
              "id": 1,
              "amount": 5,
              "eligible_players": [
                3162018939
              ]
            },
            {
              "id": 2,
              "amount": 100,
              "eligible_players": [
                3162018939,
                345219159
              ]
            }
          ]
        },
        {
          "player": 345219158,
          "action": "FOLD",
          "amount": 0,
          "timestamp": 1757699941822,
          "pot_after_action": 100,
          "side_pots_after_action": [
            {
              "amount": 100,
              "eligible_players": [
                3162018939,
                345219159
              ]
            }
          ],
          "total_pot_after_action": 115,
          "total_side_pots_after_action": [
            {
              "id": 0,
              "amount": 10,
              "eligible_players": [
                3162018939,
                345219159
              ]
            },
            {
              "id": 1,
              "amount": 5,
              "eligible_players": [
                3162018939
              ]
            },
            {
              "id": 2,
              "amount": 100,
              "eligible_players": [
                3162018939,
                345219159
              ]
            }
          ]
        }
      ],
      "actionTimes": {
        "345219158": 45,
        "3162018938": 4
      }
    }
  },
  "playerNames": {
    "3162018938": "player3162018939",
    "345219158": "player345219159"
  },
  "blinds": {
    "small": 5,
    "big": 10
  },
  "finalBoard": [
    "4c",
    "8c",
    "Jd",
    "9c"
  ],
  "sidePots": [
    {
      "amount": 0,
      "eligible_players": [
        3162018938
      ]
    }
  ],
  "playerMoney": {
    "initialAmount": 10000,
    "startingMoney": {
      "3162018939": 10070,
      "345219159": 9930
    },
    "startingDelta": {
      "3162018939": 70,
      "345219159": -70
    },
    "finalDelta": {
      "3162018939": 75,
      "345219159": -75
    },
    "gameScores": {
      "3162018939": 5,
      "345219159": -5
    },
    "finalMoney": {
      "3162018939": 10075,
      "345219159": 9925
    },
    "thisGameDelta": {
      "3162018939": 5,
      "345219159": -5
    }
  },
  "playerHands": {
    "3162018938": [
      "6s",
      "Qs"
    ],
    "345219158": [
      "7h",
      "Td"
    ]
  },
  "usernameMapping": {
    "default": 3162018939,
    "client_container_5543_test_client_test_x_ai_grok_4_iter_4_20250912_105855_iter4": 345219159
  },
  "playerIdToUsername": {
    "3162018939": "default",
    "345219159": "client_container_5543_test_client_test_x_ai_grok_4_iter_4_20250912_105855_iter4"
  }
}