{
  "gameId": "804caa50-ec2f-4930-b1e8-c9024a00e8e5",
  "rounds": {
    "0": {
      "pot": 15,
      "bets": {
        "3124628753": 5,
        "1507682157": 10
      },
      "actions": {
        "3124628753": "RAISE",
        "1507682157": "RAISE"
      },
      "action_sequence": [
        {
          "player": 3124628753,
          "action": "RAISE",
          "amount": 5,
          "timestamp": 1757781042694,
          "pot_after_action": 5,
          "side_pots_after_action": [
            {
              "amount": 5,
              "eligible_players": [
                3124628754,
                1507682158
              ]
            }
          ],
          "total_pot_after_action": 5,
          "total_side_pots_after_action": [
            {
              "id": 0,
              "amount": 5,
              "eligible_players": [
                3124628754,
                1507682158
              ]
            }
          ]
        },
        {
          "player": 1507682157,
          "action": "RAISE",
          "amount": 10,
          "timestamp": 1757781042694,
          "pot_after_action": 15,
          "side_pots_after_action": [
            {
              "amount": 10,
              "eligible_players": [
                3124628754,
                1507682158
              ]
            },
            {
              "amount": 5,
              "eligible_players": [
                1507682158
              ]
            }
          ],
          "total_pot_after_action": 15,
          "total_side_pots_after_action": [
            {
              "id": 0,
              "amount": 10,
              "eligible_players": [
                3124628754,
                1507682158
              ]
            },
            {
              "id": 1,
              "amount": 5,
              "eligible_players": [
                1507682158
              ]
            }
          ]
        }
      ],
      "actionTimes": {}
    },
    "1": {
      "pot": 100,
      "bets": {
        "3124628753": 100,
        "1507682157": 0
      },
      "actions": {
        "3124628753": "RAISE",
        "1507682157": "FOLD"
      },
      "action_sequence": [
        {
          "player": 3124628753,
          "action": "RAISE",
          "amount": 100,
          "timestamp": 1757781042697,
          "pot_after_action": 100,
          "side_pots_after_action": [
            {
              "amount": 100,
              "eligible_players": [
                3124628754,
                1507682158
              ]
            }
          ],
          "total_pot_after_action": 115,
          "total_side_pots_after_action": [
            {
              "id": 0,
              "amount": 10,
              "eligible_players": [
                3124628754,
                1507682158
              ]
            },
            {
              "id": 1,
              "amount": 5,
              "eligible_players": [
                1507682158
              ]
            },
            {
              "id": 2,
              "amount": 100,
              "eligible_players": [
                3124628754,
                1507682158
              ]
            }
          ]
        },
        {
          "player": 1507682157,
          "action": "FOLD",
          "amount": 0,
          "timestamp": 1757781042735,
          "pot_after_action": 100,
          "side_pots_after_action": [
            {
              "amount": 100,
              "eligible_players": [
                3124628754,
                1507682158
              ]
            }
          ],
          "total_pot_after_action": 115,
          "total_side_pots_after_action": [
            {
              "id": 0,
              "amount": 10,
              "eligible_players": [
                3124628754,
                1507682158
              ]
            },
            {
              "id": 1,
              "amount": 5,
              "eligible_players": [
                1507682158
              ]
            },
            {
              "id": 2,
              "amount": 100,
              "eligible_players": [
                3124628754,
                1507682158
              ]
            }
          ]
        }
      ],
      "actionTimes": {
        "3124628753": 3,
        "1507682157": 41
      }
    }
  },
  "playerNames": {
    "3124628753": "player3124628754",
    "1507682157": "player1507682158"
  },
  "blinds": {
    "small": 5,
    "big": 10
  },
  "finalBoard": [
    "Kd",
    "Jd",
    "7d",
    "Jc"
  ],
  "sidePots": [
    {
      "amount": 0,
      "eligible_players": [
        3124628753
      ]
    }
  ],
  "playerMoney": {
    "initialAmount": 10000,
    "startingMoney": {
      "3124628754": 10015,
      "1507682158": 9985
    },
    "startingDelta": {
      "3124628754": 15,
      "1507682158": -15
    },
    "finalDelta": {
      "3124628754": 25,
      "1507682158": -25
    },
    "gameScores": {
      "3124628754": 10,
      "1507682158": -10
    },
    "finalMoney": {
      "3124628754": 10025,
      "1507682158": 9975
    },
    "thisGameDelta": {
      "3124628754": 10,
      "1507682158": -10
    }
  },
  "playerHands": {
    "3124628753": [
      "7s",
      "4h"
    ],
    "1507682157": [
      "3c",
      "8s"
    ]
  },
  "usernameMapping": {
    "default": 3124628754,
    "client_container_5633_test_client_test_hermes_hermes_4_405b_iter_5_20250913_123036_iter5": 1507682158
  },
  "playerIdToUsername": {
    "3124628754": "default",
    "1507682158": "client_container_5633_test_client_test_hermes_hermes_4_405b_iter_5_20250913_123036_iter5"
  }
}