{
  "gameId": "804caa50-ec2f-4930-b1e8-c9024a00e8e5",
  "rounds": {
    "0": {
      "pot": 15,
      "bets": {
        "3124628753": 10,
        "1507682157": 5
      },
      "actions": {
        "1507682157": "RAISE",
        "3124628753": "RAISE"
      },
      "action_sequence": [
        {
          "player": 1507682157,
          "action": "RAISE",
          "amount": 5,
          "timestamp": 1757781042985,
          "pot_after_action": 5,
          "side_pots_after_action": [
            {
              "amount": 5,
              "eligible_players": [
                3124628754,
                1507682158
              ]
            }
          ],
          "total_pot_after_action": 5,
          "total_side_pots_after_action": [
            {
              "id": 0,
              "amount": 5,
              "eligible_players": [
                3124628754,
                1507682158
              ]
            }
          ]
        },
        {
          "player": 3124628753,
          "action": "RAISE",
          "amount": 10,
          "timestamp": 1757781042985,
          "pot_after_action": 15,
          "side_pots_after_action": [
            {
              "amount": 10,
              "eligible_players": [
                3124628754,
                1507682158
              ]
            },
            {
              "amount": 5,
              "eligible_players": [
                3124628754
              ]
            }
          ],
          "total_pot_after_action": 15,
          "total_side_pots_after_action": [
            {
              "id": 0,
              "amount": 10,
              "eligible_players": [
                3124628754,
                1507682158
              ]
            },
            {
              "id": 1,
              "amount": 5,
              "eligible_players": [
                3124628754
              ]
            }
          ]
        }
      ],
      "actionTimes": {}
    },
    "1": {
      "pot": 100,
      "bets": {
        "3124628753": 100,
        "1507682157": 0
      },
      "actions": {
        "1507682157": "FOLD",
        "3124628753": "RAISE"
      },
      "action_sequence": [
        {
          "player": 1507682157,
          "action": "FOLD",
          "amount": 0,
          "timestamp": 1757781042989,
          "pot_after_action": 0,
          "side_pots_after_action": [
            {
              "amount": 0,
              "eligible_players": [
                3124628754,
                1507682158
              ]
            }
          ],
          "total_pot_after_action": 15,
          "total_side_pots_after_action": [
            {
              "id": 0,
              "amount": 10,
              "eligible_players": [
                3124628754,
                1507682158
              ]
            },
            {
              "id": 1,
              "amount": 5,
              "eligible_players": [
                3124628754
              ]
            },
            {
              "id": 2,
              "amount": 0,
              "eligible_players": [
                3124628754,
                1507682158
              ]
            }
          ]
        },
        {
          "player": 3124628753,
          "action": "RAISE",
          "amount": 100,
          "timestamp": 1757781042990,
          "pot_after_action": 100,
          "side_pots_after_action": [
            {
              "amount": 100,
              "eligible_players": [
                3124628754,
                1507682158
              ]
            }
          ],
          "total_pot_after_action": 115,
          "total_side_pots_after_action": [
            {
              "id": 0,
              "amount": 10,
              "eligible_players": [
                3124628754,
                1507682158
              ]
            },
            {
              "id": 1,
              "amount": 5,
              "eligible_players": [
                3124628754
              ]
            },
            {
              "id": 2,
              "amount": 100,
              "eligible_players": [
                3124628754,
                1507682158
              ]
            }
          ]
        }
      ],
      "actionTimes": {
        "1507682157": 4,
        "3124628753": 5
      }
    }
  },
  "playerNames": {
    "3124628753": "player3124628754",
    "1507682157": "player1507682158"
  },
  "blinds": {
    "small": 5,
    "big": 10
  },
  "finalBoard": [
    "5d",
    "5c",
    "5h",
    "8c"
  ],
  "sidePots": [
    {
      "amount": 0,
      "eligible_players": [
        3124628753
      ]
    }
  ],
  "playerMoney": {
    "initialAmount": 10000,
    "startingMoney": {
      "3124628754": 10055,
      "1507682158": 9945
    },
    "startingDelta": {
      "3124628754": 55,
      "1507682158": -55
    },
    "finalDelta": {
      "3124628754": 60,
      "1507682158": -60
    },
    "gameScores": {
      "3124628754": 5,
      "1507682158": -5
    },
    "finalMoney": {
      "3124628754": 10060,
      "1507682158": 9940
    },
    "thisGameDelta": {
      "3124628754": 5,
      "1507682158": -5
    }
  },
  "playerHands": {
    "3124628753": [
      "4d",
      "Qd"
    ],
    "1507682157": [
      "Td",
      "6h"
    ]
  },
  "usernameMapping": {
    "default": 3124628754,
    "client_container_5633_test_client_test_hermes_hermes_4_405b_iter_5_20250913_123036_iter5": 1507682158
  },
  "playerIdToUsername": {
    "3124628754": "default",
    "1507682158": "client_container_5633_test_client_test_hermes_hermes_4_405b_iter_5_20250913_123036_iter5"
  }
}