{
  "gameId": "9fa2a2a1-db64-4e1c-93e3-5d988c445e8f",
  "rounds": {
    "0": {
      "pot": 15,
      "bets": {
        "1308993215": 10,
        "2091481270": 5
      },
      "actions": {
        "2091481270": "RAISE",
        "1308993215": "RAISE"
      },
      "action_sequence": [
        {
          "player": 2091481270,
          "action": "RAISE",
          "amount": 5,
          "timestamp": 1757694670396,
          "pot_after_action": 5,
          "side_pots_after_action": [
            {
              "amount": 5,
              "eligible_players": [
                1308993216,
                2091481271
              ]
            }
          ],
          "total_pot_after_action": 5,
          "total_side_pots_after_action": [
            {
              "id": 0,
              "amount": 5,
              "eligible_players": [
                1308993216,
                2091481271
              ]
            }
          ]
        },
        {
          "player": 1308993215,
          "action": "RAISE",
          "amount": 10,
          "timestamp": 1757694670396,
          "pot_after_action": 15,
          "side_pots_after_action": [
            {
              "amount": 10,
              "eligible_players": [
                1308993216,
                2091481271
              ]
            },
            {
              "amount": 5,
              "eligible_players": [
                1308993216
              ]
            }
          ],
          "total_pot_after_action": 15,
          "total_side_pots_after_action": [
            {
              "id": 0,
              "amount": 10,
              "eligible_players": [
                1308993216,
                2091481271
              ]
            },
            {
              "id": 1,
              "amount": 5,
              "eligible_players": [
                1308993216
              ]
            }
          ]
        }
      ],
      "actionTimes": {}
    },
    "1": {
      "pot": 400,
      "bets": {
        "1308993215": 200,
        "2091481270": 200
      },
      "actions": {
        "2091481270": "RAISE",
        "1308993215": "CALL"
      },
      "action_sequence": [
        {
          "player": 2091481270,
          "action": "CHECK",
          "amount": 0,
          "timestamp": 1757694670476,
          "pot_after_action": 0,
          "side_pots_after_action": [
            {
              "amount": 0,
              "eligible_players": [
                1308993216,
                2091481271
              ]
            }
          ],
          "total_pot_after_action": 15,
          "total_side_pots_after_action": [
            {
              "id": 0,
              "amount": 10,
              "eligible_players": [
                1308993216,
                2091481271
              ]
            },
            {
              "id": 1,
              "amount": 5,
              "eligible_players": [
                1308993216
              ]
            },
            {
              "id": 2,
              "amount": 0,
              "eligible_players": [
                1308993216,
                2091481271
              ]
            }
          ]
        },
        {
          "player": 1308993215,
          "action": "RAISE",
          "amount": 100,
          "timestamp": 1757694670477,
          "pot_after_action": 100,
          "side_pots_after_action": [
            {
              "amount": 100,
              "eligible_players": [
                1308993216,
                2091481271
              ]
            }
          ],
          "total_pot_after_action": 115,
          "total_side_pots_after_action": [
            {
              "id": 0,
              "amount": 10,
              "eligible_players": [
                1308993216,
                2091481271
              ]
            },
            {
              "id": 1,
              "amount": 5,
              "eligible_players": [
                1308993216
              ]
            },
            {
              "id": 2,
              "amount": 100,
              "eligible_players": [
                1308993216,
                2091481271
              ]
            }
          ]
        },
        {
          "player": 2091481270,
          "action": "RAISE",
          "amount": 200,
          "timestamp": 1757694670519,
          "pot_after_action": 300,
          "side_pots_after_action": [
            {
              "amount": 200,
              "eligible_players": [
                1308993216,
                2091481271
              ]
            },
            {
              "amount": 100,
              "eligible_players": [
                2091481271
              ]
            }
          ],
          "total_pot_after_action": 315,
          "total_side_pots_after_action": [
            {
              "id": 0,
              "amount": 10,
              "eligible_players": [
                1308993216,
                2091481271
              ]
            },
            {
              "id": 1,
              "amount": 5,
              "eligible_players": [
                1308993216
              ]
            },
            {
              "id": 2,
              "amount": 200,
              "eligible_players": [
                1308993216,
                2091481271
              ]
            },
            {
              "id": 3,
              "amount": 100,
              "eligible_players": [
                2091481271
              ]
            }
          ]
        },
        {
          "player": 1308993215,
          "action": "CALL",
          "amount": 100,
          "timestamp": 1757694670520,
          "pot_after_action": 400,
          "side_pots_after_action": [
            {
              "amount": 400,
              "eligible_players": [
                1308993216,
                2091481271
              ]
            }
          ],
          "total_pot_after_action": 415,
          "total_side_pots_after_action": [
            {
              "id": 0,
              "amount": 10,
              "eligible_players": [
                1308993216,
                2091481271
              ]
            },
            {
              "id": 1,
              "amount": 5,
              "eligible_players": [
                1308993216
              ]
            },
            {
              "id": 2,
              "amount": 400,
              "eligible_players": [
                1308993216,
                2091481271
              ]
            }
          ]
        }
      ],
      "actionTimes": {
        "2091481270": 124,
        "1308993215": 125
      }
    },
    "2": {
      "pot": 0,
      "bets": {
        "1308993215": 0,
        "2091481270": 0
      },
      "actions": {
        "2091481270": "CHECK",
        "1308993215": "CHECK"
      },
      "action_sequence": [
        {
          "player": 2091481270,
          "action": "CHECK",
          "amount": 0,
          "timestamp": 1757694670598,
          "pot_after_action": 0,
          "side_pots_after_action": [
            {
              "amount": 0,
              "eligible_players": [
                1308993216,
                2091481271
              ]
            }
          ],
          "total_pot_after_action": 415,
          "total_side_pots_after_action": [
            {
              "id": 0,
              "amount": 10,
              "eligible_players": [
                1308993216,
                2091481271
              ]
            },
            {
              "id": 1,
              "amount": 5,
              "eligible_players": [
                1308993216
              ]
            },
            {
              "id": 2,
              "amount": 400,
              "eligible_players": [
                1308993216,
                2091481271
              ]
            },
            {
              "id": 3,
              "amount": 0,
              "eligible_players": [
                1308993216,
                2091481271
              ]
            }
          ]
        },
        {
          "player": 1308993215,
          "action": "CHECK",
          "amount": 0,
          "timestamp": 1757694670598,
          "pot_after_action": 0,
          "side_pots_after_action": [
            {
              "amount": 0,
              "eligible_players": [
                1308993216,
                2091481271
              ]
            }
          ],
          "total_pot_after_action": 415,
          "total_side_pots_after_action": [
            {
              "id": 0,
              "amount": 10,
              "eligible_players": [
                1308993216,
                2091481271
              ]
            },
            {
              "id": 1,
              "amount": 5,
              "eligible_players": [
                1308993216
              ]
            },
            {
              "id": 2,
              "amount": 400,
              "eligible_players": [
                1308993216,
                2091481271
              ]
            },
            {
              "id": 3,
              "amount": 0,
              "eligible_players": [
                1308993216,
                2091481271
              ]
            }
          ]
        }
      ],
      "actionTimes": {
        "2091481270": 203,
        "1308993215": 203
      }
    },
    "3": {
      "pot": 0,
      "bets": {
        "1308993215": 0,
        "2091481270": 0
      },
      "actions": {
        "2091481270": "CHECK",
        "1308993215": "CHECK"
      },
      "action_sequence": [
        {
          "player": 2091481270,
          "action": "CHECK",
          "amount": 0,
          "timestamp": 1757694670670,
          "pot_after_action": 0,
          "side_pots_after_action": [
            {
              "amount": 0,
              "eligible_players": [
                1308993216,
                2091481271
              ]
            }
          ],
          "total_pot_after_action": 415,
          "total_side_pots_after_action": [
            {
              "id": 0,
              "amount": 10,
              "eligible_players": [
                1308993216,
                2091481271
              ]
            },
            {
              "id": 1,
              "amount": 5,
              "eligible_players": [
                1308993216
              ]
            },
            {
              "id": 2,
              "amount": 400,
              "eligible_players": [
                1308993216,
                2091481271
              ]
            },
            {
              "id": 3,
              "amount": 0,
              "eligible_players": [
                1308993216,
                2091481271
              ]
            },
            {
              "id": 4,
              "amount": 0,
              "eligible_players": [
                1308993216,
                2091481271
              ]
            }
          ]
        },
        {
          "player": 1308993215,
          "action": "CHECK",
          "amount": 0,
          "timestamp": 1757694670671,
          "pot_after_action": 0,
          "side_pots_after_action": [
            {
              "amount": 0,
              "eligible_players": [
                1308993216,
                2091481271
              ]
            }
          ],
          "total_pot_after_action": 415,
          "total_side_pots_after_action": [
            {
              "id": 0,
              "amount": 10,
              "eligible_players": [
                1308993216,
                2091481271
              ]
            },
            {
              "id": 1,
              "amount": 5,
              "eligible_players": [
                1308993216
              ]
            },
            {
              "id": 2,
              "amount": 400,
              "eligible_players": [
                1308993216,
                2091481271
              ]
            },
            {
              "id": 3,
              "amount": 0,
              "eligible_players": [
                1308993216,
                2091481271
              ]
            },
            {
              "id": 4,
              "amount": 0,
              "eligible_players": [
                1308993216,
                2091481271
              ]
            }
          ]
        }
      ],
      "actionTimes": {
        "2091481270": 275,
        "1308993215": 276
      }
    }
  },
  "playerNames": {
    "1308993215": "player1308993216",
    "2091481270": "player2091481271"
  },
  "blinds": {
    "small": 5,
    "big": 10
  },
  "finalBoard": [
    "7s",
    "Qs",
    "Ts",
    "Qh",
    "5s"
  ],
  "sidePots": [
    {
      "amount": 0,
      "eligible_players": [
        1308993215,
        2091481270
      ]
    }
  ],
  "playerMoney": {
    "initialAmount": 10000,
    "startingMoney": {
      "1308993216": 9795,
      "2091481271": 10205
    },
    "startingDelta": {
      "1308993216": -205,
      "2091481271": 205
    },
    "finalDelta": {
      "1308993216": 0,
      "2091481271": 0
    },
    "gameScores": {
      "1308993216": 205,
      "2091481271": -205
    },
    "finalMoney": {
      "1308993216": 10000,
      "2091481271": 10000
    },
    "thisGameDelta": {
      "1308993216": 205,
      "2091481271": -205
    }
  },
  "playerHands": {
    "1308993215": [
      "Qd",
      "6h"
    ],
    "2091481270": [
      "9c",
      "7c"
    ]
  },
  "usernameMapping": {
    "default": 1308993216,
    "client_container_5883_test_client_test_deepseek_deepseek_r1_0528_iter_2_20250912_093102_iter2": 2091481271
  },
  "playerIdToUsername": {
    "1308993216": "default",
    "2091481271": "client_container_5883_test_client_test_deepseek_deepseek_r1_0528_iter_2_20250912_093102_iter2"
  }
}