{
  "gameId": "0cbafc00-ecdc-41b3-8789-170ed614e642",
  "rounds": {
    "0": {
      "pot": 15,
      "bets": {
        "3683514149": 10,
        "2334672910": 5
      },
      "actions": {
        "2334672910": "RAISE",
        "3683514149": "RAISE"
      },
      "action_sequence": [
        {
          "player": 2334672910,
          "action": "RAISE",
          "amount": 5,
          "timestamp": 1756789475674,
          "pot_after_action": 5,
          "side_pots_after_action": [
            {
              "amount": 5,
              "eligible_players": [
                3683514150,
                2334672911
              ]
            }
          ],
          "total_pot_after_action": 5,
          "total_side_pots_after_action": [
            {
              "id": 0,
              "amount": 5,
              "eligible_players": [
                3683514150,
                2334672911
              ]
            }
          ]
        },
        {
          "player": 3683514149,
          "action": "RAISE",
          "amount": 10,
          "timestamp": 1756789475674,
          "pot_after_action": 15,
          "side_pots_after_action": [
            {
              "amount": 10,
              "eligible_players": [
                3683514150,
                2334672911
              ]
            },
            {
              "amount": 5,
              "eligible_players": [
                3683514150
              ]
            }
          ],
          "total_pot_after_action": 15,
          "total_side_pots_after_action": [
            {
              "id": 0,
              "amount": 10,
              "eligible_players": [
                3683514150,
                2334672911
              ]
            },
            {
              "id": 1,
              "amount": 5,
              "eligible_players": [
                3683514150
              ]
            }
          ]
        }
      ],
      "actionTimes": {}
    },
    "1": {
      "pot": 100,
      "bets": {
        "3683514149": 100,
        "2334672910": 0
      },
      "actions": {
        "2334672910": "FOLD",
        "3683514149": "RAISE"
      },
      "action_sequence": [
        {
          "player": 2334672910,
          "action": "CHECK",
          "amount": 0,
          "timestamp": 1756789475678,
          "pot_after_action": 0,
          "side_pots_after_action": [
            {
              "amount": 0,
              "eligible_players": [
                3683514150,
                2334672911
              ]
            }
          ],
          "total_pot_after_action": 15,
          "total_side_pots_after_action": [
            {
              "id": 0,
              "amount": 10,
              "eligible_players": [
                3683514150,
                2334672911
              ]
            },
            {
              "id": 1,
              "amount": 5,
              "eligible_players": [
                3683514150
              ]
            },
            {
              "id": 2,
              "amount": 0,
              "eligible_players": [
                3683514150,
                2334672911
              ]
            }
          ]
        },
        {
          "player": 3683514149,
          "action": "RAISE",
          "amount": 100,
          "timestamp": 1756789475678,
          "pot_after_action": 100,
          "side_pots_after_action": [
            {
              "amount": 100,
              "eligible_players": [
                3683514150,
                2334672911
              ]
            }
          ],
          "total_pot_after_action": 115,
          "total_side_pots_after_action": [
            {
              "id": 0,
              "amount": 10,
              "eligible_players": [
                3683514150,
                2334672911
              ]
            },
            {
              "id": 1,
              "amount": 5,
              "eligible_players": [
                3683514150
              ]
            },
            {
              "id": 2,
              "amount": 100,
              "eligible_players": [
                3683514150,
                2334672911
              ]
            }
          ]
        },
        {
          "player": 2334672910,
          "action": "FOLD",
          "amount": 0,
          "timestamp": 1756789475720,
          "pot_after_action": 100,
          "side_pots_after_action": [
            {
              "amount": 100,
              "eligible_players": [
                3683514150,
                2334672911
              ]
            }
          ],
          "total_pot_after_action": 115,
          "total_side_pots_after_action": [
            {
              "id": 0,
              "amount": 10,
              "eligible_players": [
                3683514150,
                2334672911
              ]
            },
            {
              "id": 1,
              "amount": 5,
              "eligible_players": [
                3683514150
              ]
            },
            {
              "id": 2,
              "amount": 100,
              "eligible_players": [
                3683514150,
                2334672911
              ]
            }
          ]
        }
      ],
      "actionTimes": {
        "2334672910": 46,
        "3683514149": 4
      }
    }
  },
  "playerNames": {
    "3683514149": "player3683514150",
    "2334672910": "player2334672911"
  },
  "blinds": {
    "small": 5,
    "big": 10
  },
  "finalBoard": [
    "7c",
    "3h",
    "Jc",
    "Js"
  ],
  "sidePots": [
    {
      "amount": 0,
      "eligible_players": [
        3683514149
      ]
    }
  ],
  "playerMoney": {
    "initialAmount": 10000,
    "startingMoney": {
      "3683514150": 10055,
      "2334672911": 9945
    },
    "startingDelta": {
      "3683514150": 55,
      "2334672911": -55
    },
    "finalDelta": {
      "3683514150": 60,
      "2334672911": -60
    },
    "gameScores": {
      "3683514150": 5,
      "2334672911": -5
    },
    "finalMoney": {
      "3683514150": 10060,
      "2334672911": 9940
    },
    "thisGameDelta": {
      "3683514150": 5,
      "2334672911": -5
    }
  },
  "playerHands": {
    "3683514149": [
      "9h",
      "Ad"
    ],
    "2334672910": [
      "Td",
      "8c"
    ]
  },
  "usernameMapping": {
    "default": 3683514150,
    "client_container_6941_test_client_test_z_ai_glm_4.5_iter_5_20250901_220429_iter5": 2334672911
  },
  "playerIdToUsername": {
    "3683514150": "default",
    "2334672911": "client_container_6941_test_client_test_z_ai_glm_4.5_iter_5_20250901_220429_iter5"
  }
}