{
  "gameId": "0cbafc00-ecdc-41b3-8789-170ed614e642",
  "rounds": {
    "0": {
      "pot": 15,
      "bets": {
        "3683514149": 5,
        "2334672910": 10
      },
      "actions": {
        "3683514149": "RAISE",
        "2334672910": "RAISE"
      },
      "action_sequence": [
        {
          "player": 3683514149,
          "action": "RAISE",
          "amount": 5,
          "timestamp": 1756789475734,
          "pot_after_action": 5,
          "side_pots_after_action": [
            {
              "amount": 5,
              "eligible_players": [
                3683514150,
                2334672911
              ]
            }
          ],
          "total_pot_after_action": 5,
          "total_side_pots_after_action": [
            {
              "id": 0,
              "amount": 5,
              "eligible_players": [
                3683514150,
                2334672911
              ]
            }
          ]
        },
        {
          "player": 2334672910,
          "action": "RAISE",
          "amount": 10,
          "timestamp": 1756789475734,
          "pot_after_action": 15,
          "side_pots_after_action": [
            {
              "amount": 10,
              "eligible_players": [
                3683514150,
                2334672911
              ]
            },
            {
              "amount": 5,
              "eligible_players": [
                2334672911
              ]
            }
          ],
          "total_pot_after_action": 15,
          "total_side_pots_after_action": [
            {
              "id": 0,
              "amount": 10,
              "eligible_players": [
                3683514150,
                2334672911
              ]
            },
            {
              "id": 1,
              "amount": 5,
              "eligible_players": [
                2334672911
              ]
            }
          ]
        }
      ],
      "actionTimes": {}
    },
    "1": {
      "pot": 100,
      "bets": {
        "3683514149": 100,
        "2334672910": 0
      },
      "actions": {
        "3683514149": "RAISE",
        "2334672910": "FOLD"
      },
      "action_sequence": [
        {
          "player": 3683514149,
          "action": "RAISE",
          "amount": 100,
          "timestamp": 1756789475737,
          "pot_after_action": 100,
          "side_pots_after_action": [
            {
              "amount": 100,
              "eligible_players": [
                3683514150,
                2334672911
              ]
            }
          ],
          "total_pot_after_action": 115,
          "total_side_pots_after_action": [
            {
              "id": 0,
              "amount": 10,
              "eligible_players": [
                3683514150,
                2334672911
              ]
            },
            {
              "id": 1,
              "amount": 5,
              "eligible_players": [
                2334672911
              ]
            },
            {
              "id": 2,
              "amount": 100,
              "eligible_players": [
                3683514150,
                2334672911
              ]
            }
          ]
        },
        {
          "player": 2334672910,
          "action": "FOLD",
          "amount": 0,
          "timestamp": 1756789475777,
          "pot_after_action": 100,
          "side_pots_after_action": [
            {
              "amount": 100,
              "eligible_players": [
                3683514150,
                2334672911
              ]
            }
          ],
          "total_pot_after_action": 115,
          "total_side_pots_after_action": [
            {
              "id": 0,
              "amount": 10,
              "eligible_players": [
                3683514150,
                2334672911
              ]
            },
            {
              "id": 1,
              "amount": 5,
              "eligible_players": [
                2334672911
              ]
            },
            {
              "id": 2,
              "amount": 100,
              "eligible_players": [
                3683514150,
                2334672911
              ]
            }
          ]
        }
      ],
      "actionTimes": {
        "3683514149": 3,
        "2334672910": 43
      }
    }
  },
  "playerNames": {
    "3683514149": "player3683514150",
    "2334672910": "player2334672911"
  },
  "blinds": {
    "small": 5,
    "big": 10
  },
  "finalBoard": [
    "Td",
    "Ks",
    "As",
    "Ts"
  ],
  "sidePots": [
    {
      "amount": 0,
      "eligible_players": [
        3683514149
      ]
    }
  ],
  "playerMoney": {
    "initialAmount": 10000,
    "startingMoney": {
      "3683514150": 10060,
      "2334672911": 9940
    },
    "startingDelta": {
      "3683514150": 60,
      "2334672911": -60
    },
    "finalDelta": {
      "3683514150": 70,
      "2334672911": -70
    },
    "gameScores": {
      "3683514150": 10,
      "2334672911": -10
    },
    "finalMoney": {
      "3683514150": 10070,
      "2334672911": 9930
    },
    "thisGameDelta": {
      "3683514150": 10,
      "2334672911": -10
    }
  },
  "playerHands": {
    "3683514149": [
      "Qs",
      "5s"
    ],
    "2334672910": [
      "Jh",
      "7s"
    ]
  },
  "usernameMapping": {
    "default": 3683514150,
    "client_container_6941_test_client_test_z_ai_glm_4.5_iter_5_20250901_220429_iter5": 2334672911
  },
  "playerIdToUsername": {
    "3683514150": "default",
    "2334672911": "client_container_6941_test_client_test_z_ai_glm_4.5_iter_5_20250901_220429_iter5"
  }
}