{
  "gameId": "4a92e46c-3239-4b37-8b97-dbfdd7fa8021",
  "rounds": {
    "0": {
      "pot": 15,
      "bets": {
        "4037565902": 5,
        "3784098735": 10
      },
      "actions": {
        "4037565902": "RAISE",
        "3784098735": "RAISE"
      },
      "action_sequence": [
        {
          "player": 4037565902,
          "action": "RAISE",
          "amount": 5,
          "timestamp": 1758170973160,
          "pot_after_action": 5,
          "side_pots_after_action": [
            {
              "amount": 5,
              "eligible_players": [
                3784098736,
                4037565903
              ]
            }
          ],
          "total_pot_after_action": 5,
          "total_side_pots_after_action": [
            {
              "id": 0,
              "amount": 5,
              "eligible_players": [
                3784098736,
                4037565903
              ]
            }
          ]
        },
        {
          "player": 3784098735,
          "action": "RAISE",
          "amount": 10,
          "timestamp": 1758170973160,
          "pot_after_action": 15,
          "side_pots_after_action": [
            {
              "amount": 10,
              "eligible_players": [
                3784098736,
                4037565903
              ]
            },
            {
              "amount": 5,
              "eligible_players": [
                3784098736
              ]
            }
          ],
          "total_pot_after_action": 15,
          "total_side_pots_after_action": [
            {
              "id": 0,
              "amount": 10,
              "eligible_players": [
                3784098736,
                4037565903
              ]
            },
            {
              "id": 1,
              "amount": 5,
              "eligible_players": [
                3784098736
              ]
            }
          ]
        }
      ],
      "actionTimes": {}
    },
    "1": {
      "pot": 100,
      "bets": {
        "4037565902": 100,
        "3784098735": 0
      },
      "actions": {
        "4037565902": "RAISE",
        "3784098735": "FOLD"
      },
      "action_sequence": [
        {
          "player": 4037565902,
          "action": "RAISE",
          "amount": 100,
          "timestamp": 1758170973163,
          "pot_after_action": 100,
          "side_pots_after_action": [
            {
              "amount": 100,
              "eligible_players": [
                3784098736,
                4037565903
              ]
            }
          ],
          "total_pot_after_action": 115,
          "total_side_pots_after_action": [
            {
              "id": 0,
              "amount": 10,
              "eligible_players": [
                3784098736,
                4037565903
              ]
            },
            {
              "id": 1,
              "amount": 5,
              "eligible_players": [
                3784098736
              ]
            },
            {
              "id": 2,
              "amount": 100,
              "eligible_players": [
                3784098736,
                4037565903
              ]
            }
          ]
        },
        {
          "player": 3784098735,
          "action": "FOLD",
          "amount": 0,
          "timestamp": 1758170973204,
          "pot_after_action": 100,
          "side_pots_after_action": [
            {
              "amount": 100,
              "eligible_players": [
                3784098736,
                4037565903
              ]
            }
          ],
          "total_pot_after_action": 115,
          "total_side_pots_after_action": [
            {
              "id": 0,
              "amount": 10,
              "eligible_players": [
                3784098736,
                4037565903
              ]
            },
            {
              "id": 1,
              "amount": 5,
              "eligible_players": [
                3784098736
              ]
            },
            {
              "id": 2,
              "amount": 100,
              "eligible_players": [
                3784098736,
                4037565903
              ]
            }
          ]
        }
      ],
      "actionTimes": {
        "4037565902": 3,
        "3784098735": 44
      }
    }
  },
  "playerNames": {
    "4037565902": "player4037565903",
    "3784098735": "player3784098736"
  },
  "blinds": {
    "small": 5,
    "big": 10
  },
  "finalBoard": [
    "Kd",
    "5c",
    "Td",
    "7s"
  ],
  "sidePots": [
    {
      "amount": 0,
      "eligible_players": [
        4037565902
      ]
    }
  ],
  "playerMoney": {
    "initialAmount": 10000,
    "startingMoney": {
      "4037565903": 10045,
      "3784098736": 9955
    },
    "startingDelta": {
      "4037565903": 45,
      "3784098736": -45
    },
    "finalDelta": {
      "4037565903": 55,
      "3784098736": -55
    },
    "gameScores": {
      "4037565903": 10,
      "3784098736": -10
    },
    "finalMoney": {
      "4037565903": 10055,
      "3784098736": 9945
    },
    "thisGameDelta": {
      "4037565903": 10,
      "3784098736": -10
    }
  },
  "playerHands": {
    "4037565902": [
      "2c",
      "4s"
    ],
    "3784098735": [
      "Jh",
      "3s"
    ]
  },
  "usernameMapping": {
    "default": 4037565903,
    "client_container_6730_test_client_test_x_ai_grok_4_iter_2_20250917_214926_iter2": 3784098736
  },
  "playerIdToUsername": {
    "4037565903": "default",
    "3784098736": "client_container_6730_test_client_test_x_ai_grok_4_iter_2_20250917_214926_iter2"
  }
}