{
  "gameId": "292770a6-57aa-45b9-812b-4b7df62642d8",
  "rounds": {
    "0": {
      "pot": 15,
      "bets": {
        "3175455063": 10,
        "516164749": 5
      },
      "actions": {
        "516164749": "RAISE",
        "3175455063": "RAISE"
      },
      "action_sequence": [
        {
          "player": 516164749,
          "action": "RAISE",
          "amount": 5,
          "timestamp": 1758152934833,
          "pot_after_action": 5,
          "side_pots_after_action": [
            {
              "amount": 5,
              "eligible_players": [
                3175455064,
                516164750
              ]
            }
          ],
          "total_pot_after_action": 5,
          "total_side_pots_after_action": [
            {
              "id": 0,
              "amount": 5,
              "eligible_players": [
                3175455064,
                516164750
              ]
            }
          ]
        },
        {
          "player": 3175455063,
          "action": "RAISE",
          "amount": 10,
          "timestamp": 1758152934833,
          "pot_after_action": 15,
          "side_pots_after_action": [
            {
              "amount": 10,
              "eligible_players": [
                3175455064,
                516164750
              ]
            },
            {
              "amount": 5,
              "eligible_players": [
                3175455064
              ]
            }
          ],
          "total_pot_after_action": 15,
          "total_side_pots_after_action": [
            {
              "id": 0,
              "amount": 10,
              "eligible_players": [
                3175455064,
                516164750
              ]
            },
            {
              "id": 1,
              "amount": 5,
              "eligible_players": [
                3175455064
              ]
            }
          ]
        }
      ],
      "actionTimes": {}
    },
    "1": {
      "pot": 100,
      "bets": {
        "3175455063": 100,
        "516164749": 0
      },
      "actions": {
        "516164749": "FOLD",
        "3175455063": "RAISE"
      },
      "action_sequence": [
        {
          "player": 516164749,
          "action": "CHECK",
          "amount": 0,
          "timestamp": 1758152934836,
          "pot_after_action": 0,
          "side_pots_after_action": [
            {
              "amount": 0,
              "eligible_players": [
                3175455064,
                516164750
              ]
            }
          ],
          "total_pot_after_action": 15,
          "total_side_pots_after_action": [
            {
              "id": 0,
              "amount": 10,
              "eligible_players": [
                3175455064,
                516164750
              ]
            },
            {
              "id": 1,
              "amount": 5,
              "eligible_players": [
                3175455064
              ]
            },
            {
              "id": 2,
              "amount": 0,
              "eligible_players": [
                3175455064,
                516164750
              ]
            }
          ]
        },
        {
          "player": 3175455063,
          "action": "RAISE",
          "amount": 100,
          "timestamp": 1758152934837,
          "pot_after_action": 100,
          "side_pots_after_action": [
            {
              "amount": 100,
              "eligible_players": [
                3175455064,
                516164750
              ]
            }
          ],
          "total_pot_after_action": 115,
          "total_side_pots_after_action": [
            {
              "id": 0,
              "amount": 10,
              "eligible_players": [
                3175455064,
                516164750
              ]
            },
            {
              "id": 1,
              "amount": 5,
              "eligible_players": [
                3175455064
              ]
            },
            {
              "id": 2,
              "amount": 100,
              "eligible_players": [
                3175455064,
                516164750
              ]
            }
          ]
        },
        {
          "player": 516164749,
          "action": "FOLD",
          "amount": 0,
          "timestamp": 1758152934887,
          "pot_after_action": 100,
          "side_pots_after_action": [
            {
              "amount": 100,
              "eligible_players": [
                3175455064,
                516164750
              ]
            }
          ],
          "total_pot_after_action": 115,
          "total_side_pots_after_action": [
            {
              "id": 0,
              "amount": 10,
              "eligible_players": [
                3175455064,
                516164750
              ]
            },
            {
              "id": 1,
              "amount": 5,
              "eligible_players": [
                3175455064
              ]
            },
            {
              "id": 2,
              "amount": 100,
              "eligible_players": [
                3175455064,
                516164750
              ]
            }
          ]
        }
      ],
      "actionTimes": {
        "516164749": 54,
        "3175455063": 4
      }
    }
  },
  "playerNames": {
    "3175455063": "player3175455064",
    "516164749": "player516164750"
  },
  "blinds": {
    "small": 5,
    "big": 10
  },
  "finalBoard": [
    "7c",
    "8h",
    "Kc",
    "Js"
  ],
  "sidePots": [
    {
      "amount": 0,
      "eligible_players": [
        3175455063
      ]
    }
  ],
  "playerMoney": {
    "initialAmount": 10000,
    "startingMoney": {
      "3175455064": 10070,
      "516164750": 9930
    },
    "startingDelta": {
      "3175455064": 70,
      "516164750": -70
    },
    "finalDelta": {
      "3175455064": 75,
      "516164750": -75
    },
    "gameScores": {
      "3175455064": 5,
      "516164750": -5
    },
    "finalMoney": {
      "3175455064": 10075,
      "516164750": 9925
    },
    "thisGameDelta": {
      "3175455064": 5,
      "516164750": -5
    }
  },
  "playerHands": {
    "3175455063": [
      "Qs",
      "As"
    ],
    "516164749": [
      "9s",
      "7s"
    ]
  },
  "usernameMapping": {
    "default": 3175455064,
    "client_container_5427_test_client_test_openai_o3_pro_iter_3_20250917_165047_iter3": 516164750
  },
  "playerIdToUsername": {
    "3175455064": "default",
    "516164750": "client_container_5427_test_client_test_openai_o3_pro_iter_3_20250917_165047_iter3"
  }
}