{
  "gameId": "292770a6-57aa-45b9-812b-4b7df62642d8",
  "rounds": {
    "0": {
      "pot": 15,
      "bets": {
        "3175455063": 5,
        "516164749": 10
      },
      "actions": {
        "3175455063": "RAISE",
        "516164749": "RAISE"
      },
      "action_sequence": [
        {
          "player": 3175455063,
          "action": "RAISE",
          "amount": 5,
          "timestamp": 1758152934651,
          "pot_after_action": 5,
          "side_pots_after_action": [
            {
              "amount": 5,
              "eligible_players": [
                3175455064,
                516164750
              ]
            }
          ],
          "total_pot_after_action": 5,
          "total_side_pots_after_action": [
            {
              "id": 0,
              "amount": 5,
              "eligible_players": [
                3175455064,
                516164750
              ]
            }
          ]
        },
        {
          "player": 516164749,
          "action": "RAISE",
          "amount": 10,
          "timestamp": 1758152934651,
          "pot_after_action": 15,
          "side_pots_after_action": [
            {
              "amount": 10,
              "eligible_players": [
                3175455064,
                516164750
              ]
            },
            {
              "amount": 5,
              "eligible_players": [
                516164750
              ]
            }
          ],
          "total_pot_after_action": 15,
          "total_side_pots_after_action": [
            {
              "id": 0,
              "amount": 10,
              "eligible_players": [
                3175455064,
                516164750
              ]
            },
            {
              "id": 1,
              "amount": 5,
              "eligible_players": [
                516164750
              ]
            }
          ]
        }
      ],
      "actionTimes": {}
    },
    "1": {
      "pot": 100,
      "bets": {
        "3175455063": 100,
        "516164749": 0
      },
      "actions": {
        "3175455063": "RAISE",
        "516164749": "FOLD"
      },
      "action_sequence": [
        {
          "player": 3175455063,
          "action": "RAISE",
          "amount": 100,
          "timestamp": 1758152934654,
          "pot_after_action": 100,
          "side_pots_after_action": [
            {
              "amount": 100,
              "eligible_players": [
                3175455064,
                516164750
              ]
            }
          ],
          "total_pot_after_action": 115,
          "total_side_pots_after_action": [
            {
              "id": 0,
              "amount": 10,
              "eligible_players": [
                3175455064,
                516164750
              ]
            },
            {
              "id": 1,
              "amount": 5,
              "eligible_players": [
                516164750
              ]
            },
            {
              "id": 2,
              "amount": 100,
              "eligible_players": [
                3175455064,
                516164750
              ]
            }
          ]
        },
        {
          "player": 516164749,
          "action": "FOLD",
          "amount": 0,
          "timestamp": 1758152934697,
          "pot_after_action": 100,
          "side_pots_after_action": [
            {
              "amount": 100,
              "eligible_players": [
                3175455064,
                516164750
              ]
            }
          ],
          "total_pot_after_action": 115,
          "total_side_pots_after_action": [
            {
              "id": 0,
              "amount": 10,
              "eligible_players": [
                3175455064,
                516164750
              ]
            },
            {
              "id": 1,
              "amount": 5,
              "eligible_players": [
                516164750
              ]
            },
            {
              "id": 2,
              "amount": 100,
              "eligible_players": [
                3175455064,
                516164750
              ]
            }
          ]
        }
      ],
      "actionTimes": {
        "3175455063": 3,
        "516164749": 46
      }
    }
  },
  "playerNames": {
    "3175455063": "player3175455064",
    "516164749": "player516164750"
  },
  "blinds": {
    "small": 5,
    "big": 10
  },
  "finalBoard": [
    "6h",
    "Jd",
    "9c",
    "Ac"
  ],
  "sidePots": [
    {
      "amount": 0,
      "eligible_players": [
        3175455063
      ]
    }
  ],
  "playerMoney": {
    "initialAmount": 10000,
    "startingMoney": {
      "3175455064": 10045,
      "516164750": 9955
    },
    "startingDelta": {
      "3175455064": 45,
      "516164750": -45
    },
    "finalDelta": {
      "3175455064": 55,
      "516164750": -55
    },
    "gameScores": {
      "3175455064": 10,
      "516164750": -10
    },
    "finalMoney": {
      "3175455064": 10055,
      "516164750": 9945
    },
    "thisGameDelta": {
      "3175455064": 10,
      "516164750": -10
    }
  },
  "playerHands": {
    "3175455063": [
      "6d",
      "Jc"
    ],
    "516164749": [
      "4d",
      "8d"
    ]
  },
  "usernameMapping": {
    "default": 3175455064,
    "client_container_5427_test_client_test_openai_o3_pro_iter_3_20250917_165047_iter3": 516164750
  },
  "playerIdToUsername": {
    "3175455064": "default",
    "516164750": "client_container_5427_test_client_test_openai_o3_pro_iter_3_20250917_165047_iter3"
  }
}