{
  "gameId": "ea7709f4-905a-4e6e-b13b-896f4fa6ef00",
  "rounds": {
    "0": {
      "pot": 15,
      "bets": {
        "1428908216": 10,
        "2855719633": 5
      },
      "actions": {
        "2855719633": "RAISE",
        "1428908216": "RAISE"
      },
      "action_sequence": [
        {
          "player": 2855719633,
          "action": "RAISE",
          "amount": 5,
          "timestamp": 1757017880980,
          "pot_after_action": 5,
          "side_pots_after_action": [
            {
              "amount": 5,
              "eligible_players": [
                1428908217,
                2855719634
              ]
            }
          ],
          "total_pot_after_action": 5,
          "total_side_pots_after_action": [
            {
              "id": 0,
              "amount": 5,
              "eligible_players": [
                1428908217,
                2855719634
              ]
            }
          ]
        },
        {
          "player": 1428908216,
          "action": "RAISE",
          "amount": 10,
          "timestamp": 1757017880980,
          "pot_after_action": 15,
          "side_pots_after_action": [
            {
              "amount": 10,
              "eligible_players": [
                1428908217,
                2855719634
              ]
            },
            {
              "amount": 5,
              "eligible_players": [
                1428908217
              ]
            }
          ],
          "total_pot_after_action": 15,
          "total_side_pots_after_action": [
            {
              "id": 0,
              "amount": 10,
              "eligible_players": [
                1428908217,
                2855719634
              ]
            },
            {
              "id": 1,
              "amount": 5,
              "eligible_players": [
                1428908217
              ]
            }
          ]
        }
      ],
      "actionTimes": {}
    },
    "1": {
      "pot": 100,
      "bets": {
        "1428908216": 100,
        "2855719633": 0
      },
      "actions": {
        "2855719633": "FOLD",
        "1428908216": "RAISE"
      },
      "action_sequence": [
        {
          "player": 2855719633,
          "action": "CHECK",
          "amount": 0,
          "timestamp": 1757017881022,
          "pot_after_action": 0,
          "side_pots_after_action": [
            {
              "amount": 0,
              "eligible_players": [
                1428908217,
                2855719634
              ]
            }
          ],
          "total_pot_after_action": 15,
          "total_side_pots_after_action": [
            {
              "id": 0,
              "amount": 10,
              "eligible_players": [
                1428908217,
                2855719634
              ]
            },
            {
              "id": 1,
              "amount": 5,
              "eligible_players": [
                1428908217
              ]
            },
            {
              "id": 2,
              "amount": 0,
              "eligible_players": [
                1428908217,
                2855719634
              ]
            }
          ]
        },
        {
          "player": 1428908216,
          "action": "RAISE",
          "amount": 100,
          "timestamp": 1757017881023,
          "pot_after_action": 100,
          "side_pots_after_action": [
            {
              "amount": 100,
              "eligible_players": [
                1428908217,
                2855719634
              ]
            }
          ],
          "total_pot_after_action": 115,
          "total_side_pots_after_action": [
            {
              "id": 0,
              "amount": 10,
              "eligible_players": [
                1428908217,
                2855719634
              ]
            },
            {
              "id": 1,
              "amount": 5,
              "eligible_players": [
                1428908217
              ]
            },
            {
              "id": 2,
              "amount": 100,
              "eligible_players": [
                1428908217,
                2855719634
              ]
            }
          ]
        },
        {
          "player": 2855719633,
          "action": "FOLD",
          "amount": 0,
          "timestamp": 1757017881065,
          "pot_after_action": 100,
          "side_pots_after_action": [
            {
              "amount": 100,
              "eligible_players": [
                1428908217,
                2855719634
              ]
            }
          ],
          "total_pot_after_action": 115,
          "total_side_pots_after_action": [
            {
              "id": 0,
              "amount": 10,
              "eligible_players": [
                1428908217,
                2855719634
              ]
            },
            {
              "id": 1,
              "amount": 5,
              "eligible_players": [
                1428908217
              ]
            },
            {
              "id": 2,
              "amount": 100,
              "eligible_players": [
                1428908217,
                2855719634
              ]
            }
          ]
        }
      ],
      "actionTimes": {
        "2855719633": 85,
        "1428908216": 43
      }
    }
  },
  "playerNames": {
    "1428908216": "player1428908217",
    "2855719633": "player2855719634"
  },
  "blinds": {
    "small": 5,
    "big": 10
  },
  "finalBoard": [
    "Kh",
    "7c",
    "8s",
    "Qs"
  ],
  "sidePots": [
    {
      "amount": 0,
      "eligible_players": [
        1428908216
      ]
    }
  ],
  "playerMoney": {
    "initialAmount": 10000,
    "startingMoney": {
      "1428908217": 10010,
      "2855719634": 9990
    },
    "startingDelta": {
      "1428908217": 10,
      "2855719634": -10
    },
    "finalDelta": {
      "1428908217": 15,
      "2855719634": -15
    },
    "gameScores": {
      "1428908217": 5,
      "2855719634": -5
    },
    "finalMoney": {
      "1428908217": 10015,
      "2855719634": 9985
    },
    "thisGameDelta": {
      "1428908217": 5,
      "2855719634": -5
    }
  },
  "playerHands": {
    "1428908216": [
      "Jd",
      "Qc"
    ],
    "2855719633": [
      "Js",
      "As"
    ]
  },
  "usernameMapping": {
    "default": 1428908217,
    "client_container_6279_test_client_test_z_ai_glm_4.5_iter_3_20250904_133114_iter3": 2855719634
  },
  "playerIdToUsername": {
    "1428908217": "default",
    "2855719634": "client_container_6279_test_client_test_z_ai_glm_4.5_iter_3_20250904_133114_iter3"
  }
}