{
  "gameId": "057afab6-d973-46e4-857e-3cac69f852c5",
  "rounds": {
    "0": {
      "pot": 15,
      "bets": {
        "4278722070": 10,
        "268390339": 5
      },
      "actions": {
        "268390339": "RAISE",
        "4278722070": "RAISE"
      },
      "action_sequence": [
        {
          "player": 268390339,
          "action": "RAISE",
          "amount": 5,
          "timestamp": 1757866552468,
          "pot_after_action": 5,
          "side_pots_after_action": [
            {
              "amount": 5,
              "eligible_players": [
                268390340,
                4278722071
              ]
            }
          ],
          "total_pot_after_action": 5,
          "total_side_pots_after_action": [
            {
              "id": 0,
              "amount": 5,
              "eligible_players": [
                268390340,
                4278722071
              ]
            }
          ]
        },
        {
          "player": 4278722070,
          "action": "RAISE",
          "amount": 10,
          "timestamp": 1757866552468,
          "pot_after_action": 15,
          "side_pots_after_action": [
            {
              "amount": 10,
              "eligible_players": [
                268390340,
                4278722071
              ]
            },
            {
              "amount": 5,
              "eligible_players": [
                4278722071
              ]
            }
          ],
          "total_pot_after_action": 15,
          "total_side_pots_after_action": [
            {
              "id": 0,
              "amount": 10,
              "eligible_players": [
                268390340,
                4278722071
              ]
            },
            {
              "id": 1,
              "amount": 5,
              "eligible_players": [
                4278722071
              ]
            }
          ]
        }
      ],
      "actionTimes": {}
    },
    "1": {
      "pot": 100,
      "bets": {
        "4278722070": 100,
        "268390339": 0
      },
      "actions": {
        "268390339": "FOLD",
        "4278722070": "RAISE"
      },
      "action_sequence": [
        {
          "player": 268390339,
          "action": "CHECK",
          "amount": 0,
          "timestamp": 1757866552471,
          "pot_after_action": 0,
          "side_pots_after_action": [
            {
              "amount": 0,
              "eligible_players": [
                268390340,
                4278722071
              ]
            }
          ],
          "total_pot_after_action": 15,
          "total_side_pots_after_action": [
            {
              "id": 0,
              "amount": 10,
              "eligible_players": [
                268390340,
                4278722071
              ]
            },
            {
              "id": 1,
              "amount": 5,
              "eligible_players": [
                4278722071
              ]
            },
            {
              "id": 2,
              "amount": 0,
              "eligible_players": [
                268390340,
                4278722071
              ]
            }
          ]
        },
        {
          "player": 4278722070,
          "action": "RAISE",
          "amount": 100,
          "timestamp": 1757866552472,
          "pot_after_action": 100,
          "side_pots_after_action": [
            {
              "amount": 100,
              "eligible_players": [
                268390340,
                4278722071
              ]
            }
          ],
          "total_pot_after_action": 115,
          "total_side_pots_after_action": [
            {
              "id": 0,
              "amount": 10,
              "eligible_players": [
                268390340,
                4278722071
              ]
            },
            {
              "id": 1,
              "amount": 5,
              "eligible_players": [
                4278722071
              ]
            },
            {
              "id": 2,
              "amount": 100,
              "eligible_players": [
                268390340,
                4278722071
              ]
            }
          ]
        },
        {
          "player": 268390339,
          "action": "FOLD",
          "amount": 0,
          "timestamp": 1757866552518,
          "pot_after_action": 100,
          "side_pots_after_action": [
            {
              "amount": 100,
              "eligible_players": [
                268390340,
                4278722071
              ]
            }
          ],
          "total_pot_after_action": 115,
          "total_side_pots_after_action": [
            {
              "id": 0,
              "amount": 10,
              "eligible_players": [
                268390340,
                4278722071
              ]
            },
            {
              "id": 1,
              "amount": 5,
              "eligible_players": [
                4278722071
              ]
            },
            {
              "id": 2,
              "amount": 100,
              "eligible_players": [
                268390340,
                4278722071
              ]
            }
          ]
        }
      ],
      "actionTimes": {
        "268390339": 51,
        "4278722070": 5
      }
    }
  },
  "playerNames": {
    "4278722070": "player4278722071",
    "268390339": "player268390340"
  },
  "blinds": {
    "small": 5,
    "big": 10
  },
  "finalBoard": [
    "4d",
    "9h",
    "9c",
    "4c"
  ],
  "sidePots": [
    {
      "amount": 0,
      "eligible_players": [
        4278722070
      ]
    }
  ],
  "playerMoney": {
    "initialAmount": 10000,
    "startingMoney": {
      "4278722071": 10070,
      "268390340": 9930
    },
    "startingDelta": {
      "4278722071": 70,
      "268390340": -70
    },
    "finalDelta": {
      "4278722071": 75,
      "268390340": -75
    },
    "gameScores": {
      "4278722071": 5,
      "268390340": -5
    },
    "finalMoney": {
      "4278722071": 10075,
      "268390340": 9925
    },
    "thisGameDelta": {
      "4278722071": 5,
      "268390340": -5
    }
  },
  "playerHands": {
    "4278722070": [
      "Qs",
      "5c"
    ],
    "268390339": [
      "Qd",
      "7h"
    ]
  },
  "usernameMapping": {
    "default": 4278722071,
    "client_container_5320_test_client_test_openai_o3_pro_iter_3_20250914_121545_iter3": 268390340
  },
  "playerIdToUsername": {
    "4278722071": "default",
    "268390340": "client_container_5320_test_client_test_openai_o3_pro_iter_3_20250914_121545_iter3"
  }
}