{
  "gameId": "057afab6-d973-46e4-857e-3cac69f852c5",
  "rounds": {
    "0": {
      "pot": 15,
      "bets": {
        "4278722070": 5,
        "268390339": 10
      },
      "actions": {
        "4278722070": "RAISE",
        "268390339": "RAISE"
      },
      "action_sequence": [
        {
          "player": 4278722070,
          "action": "RAISE",
          "amount": 5,
          "timestamp": 1757866552040,
          "pot_after_action": 5,
          "side_pots_after_action": [
            {
              "amount": 5,
              "eligible_players": [
                268390340,
                4278722071
              ]
            }
          ],
          "total_pot_after_action": 5,
          "total_side_pots_after_action": [
            {
              "id": 0,
              "amount": 5,
              "eligible_players": [
                268390340,
                4278722071
              ]
            }
          ]
        },
        {
          "player": 268390339,
          "action": "RAISE",
          "amount": 10,
          "timestamp": 1757866552040,
          "pot_after_action": 15,
          "side_pots_after_action": [
            {
              "amount": 10,
              "eligible_players": [
                268390340,
                4278722071
              ]
            },
            {
              "amount": 5,
              "eligible_players": [
                268390340
              ]
            }
          ],
          "total_pot_after_action": 15,
          "total_side_pots_after_action": [
            {
              "id": 0,
              "amount": 10,
              "eligible_players": [
                268390340,
                4278722071
              ]
            },
            {
              "id": 1,
              "amount": 5,
              "eligible_players": [
                268390340
              ]
            }
          ]
        }
      ],
      "actionTimes": {}
    },
    "1": {
      "pot": 100,
      "bets": {
        "4278722070": 100,
        "268390339": 0
      },
      "actions": {
        "4278722070": "RAISE",
        "268390339": "FOLD"
      },
      "action_sequence": [
        {
          "player": 4278722070,
          "action": "RAISE",
          "amount": 100,
          "timestamp": 1757866552042,
          "pot_after_action": 100,
          "side_pots_after_action": [
            {
              "amount": 100,
              "eligible_players": [
                268390340,
                4278722071
              ]
            }
          ],
          "total_pot_after_action": 115,
          "total_side_pots_after_action": [
            {
              "id": 0,
              "amount": 10,
              "eligible_players": [
                268390340,
                4278722071
              ]
            },
            {
              "id": 1,
              "amount": 5,
              "eligible_players": [
                268390340
              ]
            },
            {
              "id": 2,
              "amount": 100,
              "eligible_players": [
                268390340,
                4278722071
              ]
            }
          ]
        },
        {
          "player": 268390339,
          "action": "FOLD",
          "amount": 0,
          "timestamp": 1757866552082,
          "pot_after_action": 100,
          "side_pots_after_action": [
            {
              "amount": 100,
              "eligible_players": [
                268390340,
                4278722071
              ]
            }
          ],
          "total_pot_after_action": 115,
          "total_side_pots_after_action": [
            {
              "id": 0,
              "amount": 10,
              "eligible_players": [
                268390340,
                4278722071
              ]
            },
            {
              "id": 1,
              "amount": 5,
              "eligible_players": [
                268390340
              ]
            },
            {
              "id": 2,
              "amount": 100,
              "eligible_players": [
                268390340,
                4278722071
              ]
            }
          ]
        }
      ],
      "actionTimes": {
        "4278722070": 3,
        "268390339": 43
      }
    }
  },
  "playerNames": {
    "4278722070": "player4278722071",
    "268390339": "player268390340"
  },
  "blinds": {
    "small": 5,
    "big": 10
  },
  "finalBoard": [
    "7s",
    "5d",
    "Td",
    "4h"
  ],
  "sidePots": [
    {
      "amount": 0,
      "eligible_players": [
        4278722070
      ]
    }
  ],
  "playerMoney": {
    "initialAmount": 10000,
    "startingMoney": {
      "4278722071": 10015,
      "268390340": 9985
    },
    "startingDelta": {
      "4278722071": 15,
      "268390340": -15
    },
    "finalDelta": {
      "4278722071": 25,
      "268390340": -25
    },
    "gameScores": {
      "4278722071": 10,
      "268390340": -10
    },
    "finalMoney": {
      "4278722071": 10025,
      "268390340": 9975
    },
    "thisGameDelta": {
      "4278722071": 10,
      "268390340": -10
    }
  },
  "playerHands": {
    "4278722070": [
      "Ts",
      "7c"
    ],
    "268390339": [
      "Kd",
      "Ah"
    ]
  },
  "usernameMapping": {
    "default": 4278722071,
    "client_container_5320_test_client_test_openai_o3_pro_iter_3_20250914_121545_iter3": 268390340
  },
  "playerIdToUsername": {
    "4278722071": "default",
    "268390340": "client_container_5320_test_client_test_openai_o3_pro_iter_3_20250914_121545_iter3"
  }
}