{
  "gameId": "60a4f343-d3f1-4657-a41b-3e91b649cbc2",
  "rounds": {
    "0": {
      "pot": 15,
      "bets": {
        "3809836337": 10,
        "2624196832": 5
      },
      "actions": {
        "2624196832": "RAISE",
        "3809836337": "RAISE"
      },
      "action_sequence": [
        {
          "player": 2624196832,
          "action": "RAISE",
          "amount": 5,
          "timestamp": 1757645889768,
          "pot_after_action": 5,
          "side_pots_after_action": [
            {
              "amount": 5,
              "eligible_players": [
                2624196833,
                3809836338
              ]
            }
          ],
          "total_pot_after_action": 5,
          "total_side_pots_after_action": [
            {
              "id": 0,
              "amount": 5,
              "eligible_players": [
                2624196833,
                3809836338
              ]
            }
          ]
        },
        {
          "player": 3809836337,
          "action": "RAISE",
          "amount": 10,
          "timestamp": 1757645889768,
          "pot_after_action": 15,
          "side_pots_after_action": [
            {
              "amount": 10,
              "eligible_players": [
                2624196833,
                3809836338
              ]
            },
            {
              "amount": 5,
              "eligible_players": [
                3809836338
              ]
            }
          ],
          "total_pot_after_action": 15,
          "total_side_pots_after_action": [
            {
              "id": 0,
              "amount": 10,
              "eligible_players": [
                2624196833,
                3809836338
              ]
            },
            {
              "id": 1,
              "amount": 5,
              "eligible_players": [
                3809836338
              ]
            }
          ]
        }
      ],
      "actionTimes": {}
    },
    "1": {
      "pot": 100,
      "bets": {
        "3809836337": 100,
        "2624196832": 0
      },
      "actions": {
        "2624196832": "FOLD",
        "3809836337": "RAISE"
      },
      "action_sequence": [
        {
          "player": 2624196832,
          "action": "CHECK",
          "amount": 0,
          "timestamp": 1757645889771,
          "pot_after_action": 0,
          "side_pots_after_action": [
            {
              "amount": 0,
              "eligible_players": [
                2624196833,
                3809836338
              ]
            }
          ],
          "total_pot_after_action": 15,
          "total_side_pots_after_action": [
            {
              "id": 0,
              "amount": 10,
              "eligible_players": [
                2624196833,
                3809836338
              ]
            },
            {
              "id": 1,
              "amount": 5,
              "eligible_players": [
                3809836338
              ]
            },
            {
              "id": 2,
              "amount": 0,
              "eligible_players": [
                2624196833,
                3809836338
              ]
            }
          ]
        },
        {
          "player": 3809836337,
          "action": "RAISE",
          "amount": 100,
          "timestamp": 1757645889772,
          "pot_after_action": 100,
          "side_pots_after_action": [
            {
              "amount": 100,
              "eligible_players": [
                2624196833,
                3809836338
              ]
            }
          ],
          "total_pot_after_action": 115,
          "total_side_pots_after_action": [
            {
              "id": 0,
              "amount": 10,
              "eligible_players": [
                2624196833,
                3809836338
              ]
            },
            {
              "id": 1,
              "amount": 5,
              "eligible_players": [
                3809836338
              ]
            },
            {
              "id": 2,
              "amount": 100,
              "eligible_players": [
                2624196833,
                3809836338
              ]
            }
          ]
        },
        {
          "player": 2624196832,
          "action": "FOLD",
          "amount": 0,
          "timestamp": 1757645889812,
          "pot_after_action": 100,
          "side_pots_after_action": [
            {
              "amount": 100,
              "eligible_players": [
                2624196833,
                3809836338
              ]
            }
          ],
          "total_pot_after_action": 115,
          "total_side_pots_after_action": [
            {
              "id": 0,
              "amount": 10,
              "eligible_players": [
                2624196833,
                3809836338
              ]
            },
            {
              "id": 1,
              "amount": 5,
              "eligible_players": [
                3809836338
              ]
            },
            {
              "id": 2,
              "amount": 100,
              "eligible_players": [
                2624196833,
                3809836338
              ]
            }
          ]
        }
      ],
      "actionTimes": {
        "2624196832": 45,
        "3809836337": 5
      }
    }
  },
  "playerNames": {
    "3809836337": "player3809836338",
    "2624196832": "player2624196833"
  },
  "blinds": {
    "small": 5,
    "big": 10
  },
  "finalBoard": [
    "Ad",
    "Qd",
    "3h",
    "9d"
  ],
  "sidePots": [
    {
      "amount": 0,
      "eligible_players": [
        3809836337
      ]
    }
  ],
  "playerMoney": {
    "initialAmount": 10000,
    "startingMoney": {
      "3809836338": 10070,
      "2624196833": 9930
    },
    "startingDelta": {
      "3809836338": 70,
      "2624196833": -70
    },
    "finalDelta": {
      "3809836338": 75,
      "2624196833": -75
    },
    "gameScores": {
      "3809836338": 5,
      "2624196833": -5
    },
    "finalMoney": {
      "3809836338": 10075,
      "2624196833": 9925
    },
    "thisGameDelta": {
      "3809836338": 5,
      "2624196833": -5
    }
  },
  "playerHands": {
    "3809836337": [
      "8h",
      "9c"
    ],
    "2624196832": [
      "Qc",
      "6c"
    ]
  },
  "usernameMapping": {
    "default": 3809836338,
    "client_container_5489_test_client_test_deepseek_deepseek_r1_0528_iter_2_20250911_195803_iter2": 2624196833
  },
  "playerIdToUsername": {
    "3809836338": "default",
    "2624196833": "client_container_5489_test_client_test_deepseek_deepseek_r1_0528_iter_2_20250911_195803_iter2"
  }
}