{
  "gameId": "ee396e67-5ac9-4916-8df4-899b1d43e2c2",
  "rounds": {
    "0": {
      "pot": 15,
      "bets": {
        "4165077243": 10,
        "4094672376": 5
      },
      "actions": {
        "4094672376": "RAISE",
        "4165077243": "RAISE"
      },
      "action_sequence": [
        {
          "player": 4094672376,
          "action": "RAISE",
          "amount": 5,
          "timestamp": 1756690207312,
          "pot_after_action": 5,
          "side_pots_after_action": [
            {
              "amount": 5,
              "eligible_players": [
                4094672377,
                4165077244
              ]
            }
          ],
          "total_pot_after_action": 5,
          "total_side_pots_after_action": [
            {
              "id": 0,
              "amount": 5,
              "eligible_players": [
                4094672377,
                4165077244
              ]
            }
          ]
        },
        {
          "player": 4165077243,
          "action": "RAISE",
          "amount": 10,
          "timestamp": 1756690207312,
          "pot_after_action": 15,
          "side_pots_after_action": [
            {
              "amount": 10,
              "eligible_players": [
                4094672377,
                4165077244
              ]
            },
            {
              "amount": 5,
              "eligible_players": [
                4165077244
              ]
            }
          ],
          "total_pot_after_action": 15,
          "total_side_pots_after_action": [
            {
              "id": 0,
              "amount": 10,
              "eligible_players": [
                4094672377,
                4165077244
              ]
            },
            {
              "id": 1,
              "amount": 5,
              "eligible_players": [
                4165077244
              ]
            }
          ]
        }
      ],
      "actionTimes": {}
    },
    "1": {
      "pot": 100,
      "bets": {
        "4165077243": 100,
        "4094672376": 0
      },
      "actions": {
        "4094672376": "FOLD",
        "4165077243": "RAISE"
      },
      "action_sequence": [
        {
          "player": 4094672376,
          "action": "CHECK",
          "amount": 0,
          "timestamp": 1756690207316,
          "pot_after_action": 0,
          "side_pots_after_action": [
            {
              "amount": 0,
              "eligible_players": [
                4094672377,
                4165077244
              ]
            }
          ],
          "total_pot_after_action": 15,
          "total_side_pots_after_action": [
            {
              "id": 0,
              "amount": 10,
              "eligible_players": [
                4094672377,
                4165077244
              ]
            },
            {
              "id": 1,
              "amount": 5,
              "eligible_players": [
                4165077244
              ]
            },
            {
              "id": 2,
              "amount": 0,
              "eligible_players": [
                4094672377,
                4165077244
              ]
            }
          ]
        },
        {
          "player": 4165077243,
          "action": "RAISE",
          "amount": 100,
          "timestamp": 1756690207316,
          "pot_after_action": 100,
          "side_pots_after_action": [
            {
              "amount": 100,
              "eligible_players": [
                4094672377,
                4165077244
              ]
            }
          ],
          "total_pot_after_action": 115,
          "total_side_pots_after_action": [
            {
              "id": 0,
              "amount": 10,
              "eligible_players": [
                4094672377,
                4165077244
              ]
            },
            {
              "id": 1,
              "amount": 5,
              "eligible_players": [
                4165077244
              ]
            },
            {
              "id": 2,
              "amount": 100,
              "eligible_players": [
                4094672377,
                4165077244
              ]
            }
          ]
        },
        {
          "player": 4094672376,
          "action": "FOLD",
          "amount": 0,
          "timestamp": 1756690207358,
          "pot_after_action": 100,
          "side_pots_after_action": [
            {
              "amount": 100,
              "eligible_players": [
                4094672377,
                4165077244
              ]
            }
          ],
          "total_pot_after_action": 115,
          "total_side_pots_after_action": [
            {
              "id": 0,
              "amount": 10,
              "eligible_players": [
                4094672377,
                4165077244
              ]
            },
            {
              "id": 1,
              "amount": 5,
              "eligible_players": [
                4165077244
              ]
            },
            {
              "id": 2,
              "amount": 100,
              "eligible_players": [
                4094672377,
                4165077244
              ]
            }
          ]
        }
      ],
      "actionTimes": {
        "4094672376": 46,
        "4165077243": 4
      }
    }
  },
  "playerNames": {
    "4165077243": "player4165077244",
    "4094672376": "player4094672377"
  },
  "blinds": {
    "small": 5,
    "big": 10
  },
  "finalBoard": [
    "5c",
    "Qh",
    "5s",
    "7s"
  ],
  "sidePots": [
    {
      "amount": 0,
      "eligible_players": [
        4165077243
      ]
    }
  ],
  "playerMoney": {
    "initialAmount": 10000,
    "startingMoney": {
      "4165077244": 10040,
      "4094672377": 9960
    },
    "startingDelta": {
      "4165077244": 40,
      "4094672377": -40
    },
    "finalDelta": {
      "4165077244": 45,
      "4094672377": -45
    },
    "gameScores": {
      "4165077244": 5,
      "4094672377": -5
    },
    "finalMoney": {
      "4165077244": 10045,
      "4094672377": 9955
    },
    "thisGameDelta": {
      "4165077244": 5,
      "4094672377": -5
    }
  },
  "playerHands": {
    "4165077243": [
      "Js",
      "Ac"
    ],
    "4094672376": [
      "5d",
      "9h"
    ]
  },
  "usernameMapping": {
    "default": 4165077244,
    "client_container_6532_test_client_test_openai_o3_pro_iter_3_20250831_183000_iter3": 4094672377
  },
  "playerIdToUsername": {
    "4165077244": "default",
    "4094672377": "client_container_6532_test_client_test_openai_o3_pro_iter_3_20250831_183000_iter3"
  }
}