{
  "gameId": "55dbb7ec-8dae-4eb2-b5ad-e06f3b41d29f",
  "rounds": {
    "0": {
      "pot": 15,
      "bets": {
        "3757708060": 10,
        "2286292735": 5
      },
      "actions": {
        "2286292735": "RAISE",
        "3757708060": "RAISE"
      },
      "action_sequence": [
        {
          "player": 2286292735,
          "action": "RAISE",
          "amount": 5,
          "timestamp": 1757649698096,
          "pot_after_action": 5,
          "side_pots_after_action": [
            {
              "amount": 5,
              "eligible_players": [
                2286292736,
                3757708061
              ]
            }
          ],
          "total_pot_after_action": 5,
          "total_side_pots_after_action": [
            {
              "id": 0,
              "amount": 5,
              "eligible_players": [
                2286292736,
                3757708061
              ]
            }
          ]
        },
        {
          "player": 3757708060,
          "action": "RAISE",
          "amount": 10,
          "timestamp": 1757649698096,
          "pot_after_action": 15,
          "side_pots_after_action": [
            {
              "amount": 10,
              "eligible_players": [
                2286292736,
                3757708061
              ]
            },
            {
              "amount": 5,
              "eligible_players": [
                3757708061
              ]
            }
          ],
          "total_pot_after_action": 15,
          "total_side_pots_after_action": [
            {
              "id": 0,
              "amount": 10,
              "eligible_players": [
                2286292736,
                3757708061
              ]
            },
            {
              "id": 1,
              "amount": 5,
              "eligible_players": [
                3757708061
              ]
            }
          ]
        }
      ],
      "actionTimes": {}
    },
    "1": {
      "pot": 100,
      "bets": {
        "3757708060": 100,
        "2286292735": 0
      },
      "actions": {
        "2286292735": "FOLD",
        "3757708060": "RAISE"
      },
      "action_sequence": [
        {
          "player": 2286292735,
          "action": "FOLD",
          "amount": 0,
          "timestamp": 1757649698101,
          "pot_after_action": 0,
          "side_pots_after_action": [
            {
              "amount": 0,
              "eligible_players": [
                2286292736,
                3757708061
              ]
            }
          ],
          "total_pot_after_action": 15,
          "total_side_pots_after_action": [
            {
              "id": 0,
              "amount": 10,
              "eligible_players": [
                2286292736,
                3757708061
              ]
            },
            {
              "id": 1,
              "amount": 5,
              "eligible_players": [
                3757708061
              ]
            },
            {
              "id": 2,
              "amount": 0,
              "eligible_players": [
                2286292736,
                3757708061
              ]
            }
          ]
        },
        {
          "player": 3757708060,
          "action": "RAISE",
          "amount": 100,
          "timestamp": 1757649698139,
          "pot_after_action": 100,
          "side_pots_after_action": [
            {
              "amount": 100,
              "eligible_players": [
                2286292736,
                3757708061
              ]
            }
          ],
          "total_pot_after_action": 115,
          "total_side_pots_after_action": [
            {
              "id": 0,
              "amount": 10,
              "eligible_players": [
                2286292736,
                3757708061
              ]
            },
            {
              "id": 1,
              "amount": 5,
              "eligible_players": [
                3757708061
              ]
            },
            {
              "id": 2,
              "amount": 100,
              "eligible_players": [
                2286292736,
                3757708061
              ]
            }
          ]
        }
      ],
      "actionTimes": {
        "2286292735": 5,
        "3757708060": 43
      }
    }
  },
  "playerNames": {
    "3757708060": "player3757708061",
    "2286292735": "player2286292736"
  },
  "blinds": {
    "small": 5,
    "big": 10
  },
  "finalBoard": [
    "7s",
    "2s",
    "As",
    "5s"
  ],
  "sidePots": [
    {
      "amount": 0,
      "eligible_players": [
        3757708060
      ]
    }
  ],
  "playerMoney": {
    "initialAmount": 10000,
    "startingMoney": {
      "3757708061": 10040,
      "2286292736": 9960
    },
    "startingDelta": {
      "3757708061": 40,
      "2286292736": -40
    },
    "finalDelta": {
      "3757708061": 45,
      "2286292736": -45
    },
    "gameScores": {
      "3757708061": 5,
      "2286292736": -5
    },
    "finalMoney": {
      "3757708061": 10045,
      "2286292736": 9955
    },
    "thisGameDelta": {
      "3757708061": 5,
      "2286292736": -5
    }
  },
  "playerHands": {
    "3757708060": [
      "Qc",
      "3h"
    ],
    "2286292735": [
      "9s",
      "Jh"
    ]
  },
  "usernameMapping": {
    "default": 3757708061,
    "client_container_5442_test_client_test_hermes_hermes_4_405b_iter_4_20250911_210131_iter4": 2286292736
  },
  "playerIdToUsername": {
    "3757708061": "default",
    "2286292736": "client_container_5442_test_client_test_hermes_hermes_4_405b_iter_4_20250911_210131_iter4"
  }
}