{
  "gameId": "55dbb7ec-8dae-4eb2-b5ad-e06f3b41d29f",
  "rounds": {
    "0": {
      "pot": 15,
      "bets": {
        "3757708060": 5,
        "2286292735": 10
      },
      "actions": {
        "3757708060": "RAISE",
        "2286292735": "RAISE"
      },
      "action_sequence": [
        {
          "player": 3757708060,
          "action": "RAISE",
          "amount": 5,
          "timestamp": 1757649697961,
          "pot_after_action": 5,
          "side_pots_after_action": [
            {
              "amount": 5,
              "eligible_players": [
                2286292736,
                3757708061
              ]
            }
          ],
          "total_pot_after_action": 5,
          "total_side_pots_after_action": [
            {
              "id": 0,
              "amount": 5,
              "eligible_players": [
                2286292736,
                3757708061
              ]
            }
          ]
        },
        {
          "player": 2286292735,
          "action": "RAISE",
          "amount": 10,
          "timestamp": 1757649697961,
          "pot_after_action": 15,
          "side_pots_after_action": [
            {
              "amount": 10,
              "eligible_players": [
                2286292736,
                3757708061
              ]
            },
            {
              "amount": 5,
              "eligible_players": [
                2286292736
              ]
            }
          ],
          "total_pot_after_action": 15,
          "total_side_pots_after_action": [
            {
              "id": 0,
              "amount": 10,
              "eligible_players": [
                2286292736,
                3757708061
              ]
            },
            {
              "id": 1,
              "amount": 5,
              "eligible_players": [
                2286292736
              ]
            }
          ]
        }
      ],
      "actionTimes": {}
    },
    "1": {
      "pot": 100,
      "bets": {
        "3757708060": 100,
        "2286292735": 0
      },
      "actions": {
        "3757708060": "RAISE",
        "2286292735": "FOLD"
      },
      "action_sequence": [
        {
          "player": 3757708060,
          "action": "RAISE",
          "amount": 100,
          "timestamp": 1757649698002,
          "pot_after_action": 100,
          "side_pots_after_action": [
            {
              "amount": 100,
              "eligible_players": [
                2286292736,
                3757708061
              ]
            }
          ],
          "total_pot_after_action": 115,
          "total_side_pots_after_action": [
            {
              "id": 0,
              "amount": 10,
              "eligible_players": [
                2286292736,
                3757708061
              ]
            },
            {
              "id": 1,
              "amount": 5,
              "eligible_players": [
                2286292736
              ]
            },
            {
              "id": 2,
              "amount": 100,
              "eligible_players": [
                2286292736,
                3757708061
              ]
            }
          ]
        },
        {
          "player": 2286292735,
          "action": "FOLD",
          "amount": 0,
          "timestamp": 1757649698003,
          "pot_after_action": 100,
          "side_pots_after_action": [
            {
              "amount": 100,
              "eligible_players": [
                2286292736,
                3757708061
              ]
            }
          ],
          "total_pot_after_action": 115,
          "total_side_pots_after_action": [
            {
              "id": 0,
              "amount": 10,
              "eligible_players": [
                2286292736,
                3757708061
              ]
            },
            {
              "id": 1,
              "amount": 5,
              "eligible_players": [
                2286292736
              ]
            },
            {
              "id": 2,
              "amount": 100,
              "eligible_players": [
                2286292736,
                3757708061
              ]
            }
          ]
        }
      ],
      "actionTimes": {
        "3757708060": 41,
        "2286292735": 42
      }
    }
  },
  "playerNames": {
    "3757708060": "player3757708061",
    "2286292735": "player2286292736"
  },
  "blinds": {
    "small": 5,
    "big": 10
  },
  "finalBoard": [
    "As",
    "6c",
    "5d",
    "8d"
  ],
  "sidePots": [
    {
      "amount": 0,
      "eligible_players": [
        3757708060
      ]
    }
  ],
  "playerMoney": {
    "initialAmount": 10000,
    "startingMoney": {
      "3757708061": 10015,
      "2286292736": 9985
    },
    "startingDelta": {
      "3757708061": 15,
      "2286292736": -15
    },
    "finalDelta": {
      "3757708061": 25,
      "2286292736": -25
    },
    "gameScores": {
      "3757708061": 10,
      "2286292736": -10
    },
    "finalMoney": {
      "3757708061": 10025,
      "2286292736": 9975
    },
    "thisGameDelta": {
      "3757708061": 10,
      "2286292736": -10
    }
  },
  "playerHands": {
    "3757708060": [
      "3d",
      "Qd"
    ],
    "2286292735": [
      "2d",
      "3h"
    ]
  },
  "usernameMapping": {
    "default": 3757708061,
    "client_container_5442_test_client_test_hermes_hermes_4_405b_iter_4_20250911_210131_iter4": 2286292736
  },
  "playerIdToUsername": {
    "3757708061": "default",
    "2286292736": "client_container_5442_test_client_test_hermes_hermes_4_405b_iter_4_20250911_210131_iter4"
  }
}