{
  "gameId": "f7b9e9b1-f481-452d-9cdd-01d517f194a0",
  "rounds": {
    "0": {
      "pot": 15,
      "bets": {
        "2786079568": 5,
        "3301865957": 10
      },
      "actions": {
        "2786079568": "RAISE",
        "3301865957": "RAISE"
      },
      "action_sequence": [
        {
          "player": 2786079568,
          "action": "RAISE",
          "amount": 5,
          "timestamp": 1758145674116,
          "pot_after_action": 5,
          "side_pots_after_action": [
            {
              "amount": 5,
              "eligible_players": [
                2786079569,
                3301865958
              ]
            }
          ],
          "total_pot_after_action": 5,
          "total_side_pots_after_action": [
            {
              "id": 0,
              "amount": 5,
              "eligible_players": [
                2786079569,
                3301865958
              ]
            }
          ]
        },
        {
          "player": 3301865957,
          "action": "RAISE",
          "amount": 10,
          "timestamp": 1758145674116,
          "pot_after_action": 15,
          "side_pots_after_action": [
            {
              "amount": 10,
              "eligible_players": [
                2786079569,
                3301865958
              ]
            },
            {
              "amount": 5,
              "eligible_players": [
                3301865958
              ]
            }
          ],
          "total_pot_after_action": 15,
          "total_side_pots_after_action": [
            {
              "id": 0,
              "amount": 10,
              "eligible_players": [
                2786079569,
                3301865958
              ]
            },
            {
              "id": 1,
              "amount": 5,
              "eligible_players": [
                3301865958
              ]
            }
          ]
        }
      ],
      "actionTimes": {}
    },
    "1": {
      "pot": 100,
      "bets": {
        "2786079568": 100,
        "3301865957": 0
      },
      "actions": {
        "2786079568": "RAISE",
        "3301865957": "FOLD"
      },
      "action_sequence": [
        {
          "player": 2786079568,
          "action": "RAISE",
          "amount": 100,
          "timestamp": 1758145674118,
          "pot_after_action": 100,
          "side_pots_after_action": [
            {
              "amount": 100,
              "eligible_players": [
                2786079569,
                3301865958
              ]
            }
          ],
          "total_pot_after_action": 115,
          "total_side_pots_after_action": [
            {
              "id": 0,
              "amount": 10,
              "eligible_players": [
                2786079569,
                3301865958
              ]
            },
            {
              "id": 1,
              "amount": 5,
              "eligible_players": [
                3301865958
              ]
            },
            {
              "id": 2,
              "amount": 100,
              "eligible_players": [
                2786079569,
                3301865958
              ]
            }
          ]
        },
        {
          "player": 3301865957,
          "action": "FOLD",
          "amount": 0,
          "timestamp": 1758145674158,
          "pot_after_action": 100,
          "side_pots_after_action": [
            {
              "amount": 100,
              "eligible_players": [
                2786079569,
                3301865958
              ]
            }
          ],
          "total_pot_after_action": 115,
          "total_side_pots_after_action": [
            {
              "id": 0,
              "amount": 10,
              "eligible_players": [
                2786079569,
                3301865958
              ]
            },
            {
              "id": 1,
              "amount": 5,
              "eligible_players": [
                3301865958
              ]
            },
            {
              "id": 2,
              "amount": 100,
              "eligible_players": [
                2786079569,
                3301865958
              ]
            }
          ]
        }
      ],
      "actionTimes": {
        "2786079568": 2,
        "3301865957": 42
      }
    }
  },
  "playerNames": {
    "2786079568": "player2786079569",
    "3301865957": "player3301865958"
  },
  "blinds": {
    "small": 5,
    "big": 10
  },
  "finalBoard": [
    "Kh",
    "Qc",
    "7d",
    "Td"
  ],
  "sidePots": [
    {
      "amount": 0,
      "eligible_players": [
        2786079568
      ]
    }
  ],
  "playerMoney": {
    "initialAmount": 10000,
    "startingMoney": {
      "2786079569": 10015,
      "3301865958": 9985
    },
    "startingDelta": {
      "2786079569": 15,
      "3301865958": -15
    },
    "finalDelta": {
      "2786079569": 25,
      "3301865958": -25
    },
    "gameScores": {
      "2786079569": 10,
      "3301865958": -10
    },
    "finalMoney": {
      "2786079569": 10025,
      "3301865958": 9975
    },
    "thisGameDelta": {
      "2786079569": 10,
      "3301865958": -10
    }
  },
  "playerHands": {
    "2786079568": [
      "6s",
      "5c"
    ],
    "3301865957": [
      "3h",
      "2d"
    ]
  },
  "usernameMapping": {
    "default": 2786079569,
    "client_container_5976_test_client_test_z_ai_glm_4.5_iter_2_20250917_144747_iter2": 3301865958
  },
  "playerIdToUsername": {
    "2786079569": "default",
    "3301865958": "client_container_5976_test_client_test_z_ai_glm_4.5_iter_2_20250917_144747_iter2"
  }
}