{
  "gameId": "f7b9e9b1-f481-452d-9cdd-01d517f194a0",
  "rounds": {
    "0": {
      "pot": 15,
      "bets": {
        "2786079568": 10,
        "3301865957": 5
      },
      "actions": {
        "3301865957": "RAISE",
        "2786079568": "RAISE"
      },
      "action_sequence": [
        {
          "player": 3301865957,
          "action": "RAISE",
          "amount": 5,
          "timestamp": 1758145674292,
          "pot_after_action": 5,
          "side_pots_after_action": [
            {
              "amount": 5,
              "eligible_players": [
                2786079569,
                3301865958
              ]
            }
          ],
          "total_pot_after_action": 5,
          "total_side_pots_after_action": [
            {
              "id": 0,
              "amount": 5,
              "eligible_players": [
                2786079569,
                3301865958
              ]
            }
          ]
        },
        {
          "player": 2786079568,
          "action": "RAISE",
          "amount": 10,
          "timestamp": 1758145674292,
          "pot_after_action": 15,
          "side_pots_after_action": [
            {
              "amount": 10,
              "eligible_players": [
                2786079569,
                3301865958
              ]
            },
            {
              "amount": 5,
              "eligible_players": [
                2786079569
              ]
            }
          ],
          "total_pot_after_action": 15,
          "total_side_pots_after_action": [
            {
              "id": 0,
              "amount": 10,
              "eligible_players": [
                2786079569,
                3301865958
              ]
            },
            {
              "id": 1,
              "amount": 5,
              "eligible_players": [
                2786079569
              ]
            }
          ]
        }
      ],
      "actionTimes": {}
    },
    "1": {
      "pot": 100,
      "bets": {
        "2786079568": 100,
        "3301865957": 0
      },
      "actions": {
        "3301865957": "FOLD",
        "2786079568": "RAISE"
      },
      "action_sequence": [
        {
          "player": 3301865957,
          "action": "CHECK",
          "amount": 0,
          "timestamp": 1758145674335,
          "pot_after_action": 0,
          "side_pots_after_action": [
            {
              "amount": 0,
              "eligible_players": [
                2786079569,
                3301865958
              ]
            }
          ],
          "total_pot_after_action": 15,
          "total_side_pots_after_action": [
            {
              "id": 0,
              "amount": 10,
              "eligible_players": [
                2786079569,
                3301865958
              ]
            },
            {
              "id": 1,
              "amount": 5,
              "eligible_players": [
                2786079569
              ]
            },
            {
              "id": 2,
              "amount": 0,
              "eligible_players": [
                2786079569,
                3301865958
              ]
            }
          ]
        },
        {
          "player": 2786079568,
          "action": "RAISE",
          "amount": 100,
          "timestamp": 1758145674336,
          "pot_after_action": 100,
          "side_pots_after_action": [
            {
              "amount": 100,
              "eligible_players": [
                2786079569,
                3301865958
              ]
            }
          ],
          "total_pot_after_action": 115,
          "total_side_pots_after_action": [
            {
              "id": 0,
              "amount": 10,
              "eligible_players": [
                2786079569,
                3301865958
              ]
            },
            {
              "id": 1,
              "amount": 5,
              "eligible_players": [
                2786079569
              ]
            },
            {
              "id": 2,
              "amount": 100,
              "eligible_players": [
                2786079569,
                3301865958
              ]
            }
          ]
        },
        {
          "player": 3301865957,
          "action": "FOLD",
          "amount": 0,
          "timestamp": 1758145674377,
          "pot_after_action": 100,
          "side_pots_after_action": [
            {
              "amount": 100,
              "eligible_players": [
                2786079569,
                3301865958
              ]
            }
          ],
          "total_pot_after_action": 115,
          "total_side_pots_after_action": [
            {
              "id": 0,
              "amount": 10,
              "eligible_players": [
                2786079569,
                3301865958
              ]
            },
            {
              "id": 1,
              "amount": 5,
              "eligible_players": [
                2786079569
              ]
            },
            {
              "id": 2,
              "amount": 100,
              "eligible_players": [
                2786079569,
                3301865958
              ]
            }
          ]
        }
      ],
      "actionTimes": {
        "3301865957": 85,
        "2786079568": 44
      }
    }
  },
  "playerNames": {
    "2786079568": "player2786079569",
    "3301865957": "player3301865958"
  },
  "blinds": {
    "small": 5,
    "big": 10
  },
  "finalBoard": [
    "3h",
    "6d",
    "Qd",
    "Th"
  ],
  "sidePots": [
    {
      "amount": 0,
      "eligible_players": [
        2786079568
      ]
    }
  ],
  "playerMoney": {
    "initialAmount": 10000,
    "startingMoney": {
      "2786079569": 10040,
      "3301865958": 9960
    },
    "startingDelta": {
      "2786079569": 40,
      "3301865958": -40
    },
    "finalDelta": {
      "2786079569": 45,
      "3301865958": -45
    },
    "gameScores": {
      "2786079569": 5,
      "3301865958": -5
    },
    "finalMoney": {
      "2786079569": 10045,
      "3301865958": 9955
    },
    "thisGameDelta": {
      "2786079569": 5,
      "3301865958": -5
    }
  },
  "playerHands": {
    "2786079568": [
      "8s",
      "5d"
    ],
    "3301865957": [
      "4c",
      "2h"
    ]
  },
  "usernameMapping": {
    "default": 2786079569,
    "client_container_5976_test_client_test_z_ai_glm_4.5_iter_2_20250917_144747_iter2": 3301865958
  },
  "playerIdToUsername": {
    "2786079569": "default",
    "3301865958": "client_container_5976_test_client_test_z_ai_glm_4.5_iter_2_20250917_144747_iter2"
  }
}