{
  "gameId": "e5b71b9f-2d7d-4fde-8c77-90834d2f7d79",
  "rounds": {
    "0": {
      "pot": 15,
      "bets": {
        "3791345511": 10,
        "3593386440": 5
      },
      "actions": {
        "3593386440": "RAISE",
        "3791345511": "RAISE"
      },
      "action_sequence": [
        {
          "player": 3593386440,
          "action": "RAISE",
          "amount": 5,
          "timestamp": 1756712410934,
          "pot_after_action": 5,
          "side_pots_after_action": [
            {
              "amount": 5,
              "eligible_players": [
                3791345512,
                3593386441
              ]
            }
          ],
          "total_pot_after_action": 5,
          "total_side_pots_after_action": [
            {
              "id": 0,
              "amount": 5,
              "eligible_players": [
                3791345512,
                3593386441
              ]
            }
          ]
        },
        {
          "player": 3791345511,
          "action": "RAISE",
          "amount": 10,
          "timestamp": 1756712410934,
          "pot_after_action": 15,
          "side_pots_after_action": [
            {
              "amount": 10,
              "eligible_players": [
                3791345512,
                3593386441
              ]
            },
            {
              "amount": 5,
              "eligible_players": [
                3791345512
              ]
            }
          ],
          "total_pot_after_action": 15,
          "total_side_pots_after_action": [
            {
              "id": 0,
              "amount": 10,
              "eligible_players": [
                3791345512,
                3593386441
              ]
            },
            {
              "id": 1,
              "amount": 5,
              "eligible_players": [
                3791345512
              ]
            }
          ]
        }
      ],
      "actionTimes": {}
    },
    "1": {
      "pot": 100,
      "bets": {
        "3791345511": 100,
        "3593386440": 0
      },
      "actions": {
        "3593386440": "FOLD",
        "3791345511": "RAISE"
      },
      "action_sequence": [
        {
          "player": 3593386440,
          "action": "CALL",
          "amount": 0,
          "timestamp": 1756712410938,
          "pot_after_action": 0,
          "side_pots_after_action": [
            {
              "amount": 0,
              "eligible_players": [
                3791345512,
                3593386441
              ]
            }
          ],
          "total_pot_after_action": 15,
          "total_side_pots_after_action": [
            {
              "id": 0,
              "amount": 10,
              "eligible_players": [
                3791345512,
                3593386441
              ]
            },
            {
              "id": 1,
              "amount": 5,
              "eligible_players": [
                3791345512
              ]
            },
            {
              "id": 2,
              "amount": 0,
              "eligible_players": [
                3791345512,
                3593386441
              ]
            }
          ]
        },
        {
          "player": 3791345511,
          "action": "RAISE",
          "amount": 100,
          "timestamp": 1756712410939,
          "pot_after_action": 100,
          "side_pots_after_action": [
            {
              "amount": 100,
              "eligible_players": [
                3791345512,
                3593386441
              ]
            }
          ],
          "total_pot_after_action": 115,
          "total_side_pots_after_action": [
            {
              "id": 0,
              "amount": 10,
              "eligible_players": [
                3791345512,
                3593386441
              ]
            },
            {
              "id": 1,
              "amount": 5,
              "eligible_players": [
                3791345512
              ]
            },
            {
              "id": 2,
              "amount": 100,
              "eligible_players": [
                3791345512,
                3593386441
              ]
            }
          ]
        },
        {
          "player": 3593386440,
          "action": "FOLD",
          "amount": 0,
          "timestamp": 1756712410980,
          "pot_after_action": 100,
          "side_pots_after_action": [
            {
              "amount": 100,
              "eligible_players": [
                3791345512,
                3593386441
              ]
            }
          ],
          "total_pot_after_action": 115,
          "total_side_pots_after_action": [
            {
              "id": 0,
              "amount": 10,
              "eligible_players": [
                3791345512,
                3593386441
              ]
            },
            {
              "id": 1,
              "amount": 5,
              "eligible_players": [
                3791345512
              ]
            },
            {
              "id": 2,
              "amount": 100,
              "eligible_players": [
                3791345512,
                3593386441
              ]
            }
          ]
        }
      ],
      "actionTimes": {
        "3593386440": 46,
        "3791345511": 5
      }
    }
  },
  "playerNames": {
    "3791345511": "player3791345512",
    "3593386440": "player3593386441"
  },
  "blinds": {
    "small": 5,
    "big": 10
  },
  "finalBoard": [
    "Qd",
    "7c",
    "Ks",
    "Tc"
  ],
  "sidePots": [
    {
      "amount": 0,
      "eligible_players": [
        3791345511
      ]
    }
  ],
  "playerMoney": {
    "initialAmount": 10000,
    "startingMoney": {
      "3791345512": 10040,
      "3593386441": 9960
    },
    "startingDelta": {
      "3791345512": 40,
      "3593386441": -40
    },
    "finalDelta": {
      "3791345512": 45,
      "3593386441": -45
    },
    "gameScores": {
      "3791345512": 5,
      "3593386441": -5
    },
    "finalMoney": {
      "3791345512": 10045,
      "3593386441": 9955
    },
    "thisGameDelta": {
      "3791345512": 5,
      "3593386441": -5
    }
  },
  "playerHands": {
    "3791345511": [
      "6h",
      "8c"
    ],
    "3593386440": [
      "3h",
      "Th"
    ]
  },
  "usernameMapping": {
    "default": 3791345512,
    "client_container_6702_test_client_test_moonshotai_kimi_k2_iter_1_20250901_004004_iter1": 3593386441
  },
  "playerIdToUsername": {
    "3791345512": "default",
    "3593386441": "client_container_6702_test_client_test_moonshotai_kimi_k2_iter_1_20250901_004004_iter1"
  }
}