{
  "gameId": "e5b71b9f-2d7d-4fde-8c77-90834d2f7d79",
  "rounds": {
    "0": {
      "pot": 15,
      "bets": {
        "3791345511": 10,
        "3593386440": 5
      },
      "actions": {
        "3593386440": "RAISE",
        "3791345511": "RAISE"
      },
      "action_sequence": [
        {
          "player": 3593386440,
          "action": "RAISE",
          "amount": 5,
          "timestamp": 1756712410817,
          "pot_after_action": 5,
          "side_pots_after_action": [
            {
              "amount": 5,
              "eligible_players": [
                3791345512,
                3593386441
              ]
            }
          ],
          "total_pot_after_action": 5,
          "total_side_pots_after_action": [
            {
              "id": 0,
              "amount": 5,
              "eligible_players": [
                3791345512,
                3593386441
              ]
            }
          ]
        },
        {
          "player": 3791345511,
          "action": "RAISE",
          "amount": 10,
          "timestamp": 1756712410818,
          "pot_after_action": 15,
          "side_pots_after_action": [
            {
              "amount": 10,
              "eligible_players": [
                3791345512,
                3593386441
              ]
            },
            {
              "amount": 5,
              "eligible_players": [
                3791345512
              ]
            }
          ],
          "total_pot_after_action": 15,
          "total_side_pots_after_action": [
            {
              "id": 0,
              "amount": 10,
              "eligible_players": [
                3791345512,
                3593386441
              ]
            },
            {
              "id": 1,
              "amount": 5,
              "eligible_players": [
                3791345512
              ]
            }
          ]
        }
      ],
      "actionTimes": {}
    },
    "1": {
      "pot": 100,
      "bets": {
        "3791345511": 100,
        "3593386440": 0
      },
      "actions": {
        "3593386440": "FOLD",
        "3791345511": "RAISE"
      },
      "action_sequence": [
        {
          "player": 3593386440,
          "action": "CALL",
          "amount": 0,
          "timestamp": 1756712410822,
          "pot_after_action": 0,
          "side_pots_after_action": [
            {
              "amount": 0,
              "eligible_players": [
                3791345512,
                3593386441
              ]
            }
          ],
          "total_pot_after_action": 15,
          "total_side_pots_after_action": [
            {
              "id": 0,
              "amount": 10,
              "eligible_players": [
                3791345512,
                3593386441
              ]
            },
            {
              "id": 1,
              "amount": 5,
              "eligible_players": [
                3791345512
              ]
            },
            {
              "id": 2,
              "amount": 0,
              "eligible_players": [
                3791345512,
                3593386441
              ]
            }
          ]
        },
        {
          "player": 3791345511,
          "action": "RAISE",
          "amount": 100,
          "timestamp": 1756712410823,
          "pot_after_action": 100,
          "side_pots_after_action": [
            {
              "amount": 100,
              "eligible_players": [
                3791345512,
                3593386441
              ]
            }
          ],
          "total_pot_after_action": 115,
          "total_side_pots_after_action": [
            {
              "id": 0,
              "amount": 10,
              "eligible_players": [
                3791345512,
                3593386441
              ]
            },
            {
              "id": 1,
              "amount": 5,
              "eligible_players": [
                3791345512
              ]
            },
            {
              "id": 2,
              "amount": 100,
              "eligible_players": [
                3791345512,
                3593386441
              ]
            }
          ]
        },
        {
          "player": 3593386440,
          "action": "FOLD",
          "amount": 0,
          "timestamp": 1756712410864,
          "pot_after_action": 100,
          "side_pots_after_action": [
            {
              "amount": 100,
              "eligible_players": [
                3791345512,
                3593386441
              ]
            }
          ],
          "total_pot_after_action": 115,
          "total_side_pots_after_action": [
            {
              "id": 0,
              "amount": 10,
              "eligible_players": [
                3791345512,
                3593386441
              ]
            },
            {
              "id": 1,
              "amount": 5,
              "eligible_players": [
                3791345512
              ]
            },
            {
              "id": 2,
              "amount": 100,
              "eligible_players": [
                3791345512,
                3593386441
              ]
            }
          ]
        }
      ],
      "actionTimes": {
        "3593386440": 47,
        "3791345511": 6
      }
    }
  },
  "playerNames": {
    "3791345511": "player3791345512",
    "3593386440": "player3593386441"
  },
  "blinds": {
    "small": 5,
    "big": 10
  },
  "finalBoard": [
    "Kc",
    "7s",
    "Td",
    "9c"
  ],
  "sidePots": [
    {
      "amount": 0,
      "eligible_players": [
        3791345511
      ]
    }
  ],
  "playerMoney": {
    "initialAmount": 10000,
    "startingMoney": {
      "3791345512": 10025,
      "3593386441": 9975
    },
    "startingDelta": {
      "3791345512": 25,
      "3593386441": -25
    },
    "finalDelta": {
      "3791345512": 30,
      "3593386441": -30
    },
    "gameScores": {
      "3791345512": 5,
      "3593386441": -5
    },
    "finalMoney": {
      "3791345512": 10030,
      "3593386441": 9970
    },
    "thisGameDelta": {
      "3791345512": 5,
      "3593386441": -5
    }
  },
  "playerHands": {
    "3791345511": [
      "9s",
      "Ts"
    ],
    "3593386440": [
      "Ac",
      "Qd"
    ]
  },
  "usernameMapping": {
    "default": 3791345512,
    "client_container_6702_test_client_test_moonshotai_kimi_k2_iter_1_20250901_004004_iter1": 3593386441
  },
  "playerIdToUsername": {
    "3791345512": "default",
    "3593386441": "client_container_6702_test_client_test_moonshotai_kimi_k2_iter_1_20250901_004004_iter1"
  }
}