{
  "gameId": "532e9682-aea6-4159-a24b-367bfa83645a",
  "rounds": {
    "0": {
      "pot": 15,
      "bets": {
        "1707121455": 5,
        "1336062973": 10
      },
      "actions": {
        "1707121455": "RAISE",
        "1336062973": "RAISE"
      },
      "action_sequence": [
        {
          "player": 1707121455,
          "action": "RAISE",
          "amount": 5,
          "timestamp": 1756958190022,
          "pot_after_action": 5,
          "side_pots_after_action": [
            {
              "amount": 5,
              "eligible_players": [
                1707121456,
                1336062974
              ]
            }
          ],
          "total_pot_after_action": 5,
          "total_side_pots_after_action": [
            {
              "id": 0,
              "amount": 5,
              "eligible_players": [
                1707121456,
                1336062974
              ]
            }
          ]
        },
        {
          "player": 1336062973,
          "action": "RAISE",
          "amount": 10,
          "timestamp": 1756958190022,
          "pot_after_action": 15,
          "side_pots_after_action": [
            {
              "amount": 10,
              "eligible_players": [
                1707121456,
                1336062974
              ]
            },
            {
              "amount": 5,
              "eligible_players": [
                1336062974
              ]
            }
          ],
          "total_pot_after_action": 15,
          "total_side_pots_after_action": [
            {
              "id": 0,
              "amount": 10,
              "eligible_players": [
                1707121456,
                1336062974
              ]
            },
            {
              "id": 1,
              "amount": 5,
              "eligible_players": [
                1336062974
              ]
            }
          ]
        }
      ],
      "actionTimes": {}
    },
    "1": {
      "pot": 100,
      "bets": {
        "1707121455": 100,
        "1336062973": 0
      },
      "actions": {
        "1707121455": "RAISE",
        "1336062973": "FOLD"
      },
      "action_sequence": [
        {
          "player": 1707121455,
          "action": "RAISE",
          "amount": 100,
          "timestamp": 1756958190025,
          "pot_after_action": 100,
          "side_pots_after_action": [
            {
              "amount": 100,
              "eligible_players": [
                1707121456,
                1336062974
              ]
            }
          ],
          "total_pot_after_action": 115,
          "total_side_pots_after_action": [
            {
              "id": 0,
              "amount": 10,
              "eligible_players": [
                1707121456,
                1336062974
              ]
            },
            {
              "id": 1,
              "amount": 5,
              "eligible_players": [
                1336062974
              ]
            },
            {
              "id": 2,
              "amount": 100,
              "eligible_players": [
                1707121456,
                1336062974
              ]
            }
          ]
        },
        {
          "player": 1336062973,
          "action": "FOLD",
          "amount": 0,
          "timestamp": 1756958190026,
          "pot_after_action": 100,
          "side_pots_after_action": [
            {
              "amount": 100,
              "eligible_players": [
                1707121456,
                1336062974
              ]
            }
          ],
          "total_pot_after_action": 115,
          "total_side_pots_after_action": [
            {
              "id": 0,
              "amount": 10,
              "eligible_players": [
                1707121456,
                1336062974
              ]
            },
            {
              "id": 1,
              "amount": 5,
              "eligible_players": [
                1336062974
              ]
            },
            {
              "id": 2,
              "amount": 100,
              "eligible_players": [
                1707121456,
                1336062974
              ]
            }
          ]
        }
      ],
      "actionTimes": {
        "1707121455": 4,
        "1336062973": 5
      }
    }
  },
  "playerNames": {
    "1707121455": "player1707121456",
    "1336062973": "player1336062974"
  },
  "blinds": {
    "small": 5,
    "big": 10
  },
  "finalBoard": [
    "Ac",
    "3d",
    "Td",
    "7d"
  ],
  "sidePots": [
    {
      "amount": 0,
      "eligible_players": [
        1707121455
      ]
    }
  ],
  "playerMoney": {
    "initialAmount": 10000,
    "startingMoney": {
      "1707121456": 10000,
      "1336062974": 10000
    },
    "startingDelta": {
      "1707121456": 0,
      "1336062974": 0
    },
    "finalDelta": {
      "1707121456": 10,
      "1336062974": -10
    },
    "gameScores": {
      "1707121456": 10,
      "1336062974": -10
    },
    "finalMoney": {
      "1707121456": 10010,
      "1336062974": 9990
    },
    "thisGameDelta": {
      "1707121456": 10,
      "1336062974": -10
    }
  },
  "playerHands": {
    "1707121455": [
      "Jc",
      "7s"
    ],
    "1336062973": [
      "5d",
      "6d"
    ]
  },
  "usernameMapping": {
    "default": 1707121456,
    "client_container_5031_test_client_test_moonshotai_kimi_k2_iter_1_20250903_205623_iter1": 1336062974
  },
  "playerIdToUsername": {
    "1707121456": "default",
    "1336062974": "client_container_5031_test_client_test_moonshotai_kimi_k2_iter_1_20250903_205623_iter1"
  }
}