{
  "gameId": "532e9682-aea6-4159-a24b-367bfa83645a",
  "rounds": {
    "0": {
      "pot": 15,
      "bets": {
        "1707121455": 10,
        "1336062973": 5
      },
      "actions": {
        "1336062973": "RAISE",
        "1707121455": "RAISE"
      },
      "action_sequence": [
        {
          "player": 1336062973,
          "action": "RAISE",
          "amount": 5,
          "timestamp": 1756958190042,
          "pot_after_action": 5,
          "side_pots_after_action": [
            {
              "amount": 5,
              "eligible_players": [
                1707121456,
                1336062974
              ]
            }
          ],
          "total_pot_after_action": 5,
          "total_side_pots_after_action": [
            {
              "id": 0,
              "amount": 5,
              "eligible_players": [
                1707121456,
                1336062974
              ]
            }
          ]
        },
        {
          "player": 1707121455,
          "action": "RAISE",
          "amount": 10,
          "timestamp": 1756958190042,
          "pot_after_action": 15,
          "side_pots_after_action": [
            {
              "amount": 10,
              "eligible_players": [
                1707121456,
                1336062974
              ]
            },
            {
              "amount": 5,
              "eligible_players": [
                1707121456
              ]
            }
          ],
          "total_pot_after_action": 15,
          "total_side_pots_after_action": [
            {
              "id": 0,
              "amount": 10,
              "eligible_players": [
                1707121456,
                1336062974
              ]
            },
            {
              "id": 1,
              "amount": 5,
              "eligible_players": [
                1707121456
              ]
            }
          ]
        }
      ],
      "actionTimes": {}
    },
    "1": {
      "pot": 100,
      "bets": {
        "1707121455": 100,
        "1336062973": 0
      },
      "actions": {
        "1336062973": "FOLD",
        "1707121455": "RAISE"
      },
      "action_sequence": [
        {
          "player": 1336062973,
          "action": "CHECK",
          "amount": 0,
          "timestamp": 1756958190084,
          "pot_after_action": 0,
          "side_pots_after_action": [
            {
              "amount": 0,
              "eligible_players": [
                1707121456,
                1336062974
              ]
            }
          ],
          "total_pot_after_action": 15,
          "total_side_pots_after_action": [
            {
              "id": 0,
              "amount": 10,
              "eligible_players": [
                1707121456,
                1336062974
              ]
            },
            {
              "id": 1,
              "amount": 5,
              "eligible_players": [
                1707121456
              ]
            },
            {
              "id": 2,
              "amount": 0,
              "eligible_players": [
                1707121456,
                1336062974
              ]
            }
          ]
        },
        {
          "player": 1707121455,
          "action": "RAISE",
          "amount": 100,
          "timestamp": 1756958190084,
          "pot_after_action": 100,
          "side_pots_after_action": [
            {
              "amount": 100,
              "eligible_players": [
                1707121456,
                1336062974
              ]
            }
          ],
          "total_pot_after_action": 115,
          "total_side_pots_after_action": [
            {
              "id": 0,
              "amount": 10,
              "eligible_players": [
                1707121456,
                1336062974
              ]
            },
            {
              "id": 1,
              "amount": 5,
              "eligible_players": [
                1707121456
              ]
            },
            {
              "id": 2,
              "amount": 100,
              "eligible_players": [
                1707121456,
                1336062974
              ]
            }
          ]
        },
        {
          "player": 1336062973,
          "action": "FOLD",
          "amount": 0,
          "timestamp": 1756958190126,
          "pot_after_action": 100,
          "side_pots_after_action": [
            {
              "amount": 100,
              "eligible_players": [
                1707121456,
                1336062974
              ]
            }
          ],
          "total_pot_after_action": 115,
          "total_side_pots_after_action": [
            {
              "id": 0,
              "amount": 10,
              "eligible_players": [
                1707121456,
                1336062974
              ]
            },
            {
              "id": 1,
              "amount": 5,
              "eligible_players": [
                1707121456
              ]
            },
            {
              "id": 2,
              "amount": 100,
              "eligible_players": [
                1707121456,
                1336062974
              ]
            }
          ]
        }
      ],
      "actionTimes": {
        "1336062973": 84,
        "1707121455": 42
      }
    }
  },
  "playerNames": {
    "1707121455": "player1707121456",
    "1336062973": "player1336062974"
  },
  "blinds": {
    "small": 5,
    "big": 10
  },
  "finalBoard": [
    "4h",
    "Js",
    "6c",
    "Qc"
  ],
  "sidePots": [
    {
      "amount": 0,
      "eligible_players": [
        1707121455
      ]
    }
  ],
  "playerMoney": {
    "initialAmount": 10000,
    "startingMoney": {
      "1707121456": 10010,
      "1336062974": 9990
    },
    "startingDelta": {
      "1707121456": 10,
      "1336062974": -10
    },
    "finalDelta": {
      "1707121456": 15,
      "1336062974": -15
    },
    "gameScores": {
      "1707121456": 5,
      "1336062974": -5
    },
    "finalMoney": {
      "1707121456": 10015,
      "1336062974": 9985
    },
    "thisGameDelta": {
      "1707121456": 5,
      "1336062974": -5
    }
  },
  "playerHands": {
    "1707121455": [
      "5h",
      "3c"
    ],
    "1336062973": [
      "7c",
      "Qd"
    ]
  },
  "usernameMapping": {
    "default": 1707121456,
    "client_container_5031_test_client_test_moonshotai_kimi_k2_iter_1_20250903_205623_iter1": 1336062974
  },
  "playerIdToUsername": {
    "1707121456": "default",
    "1336062974": "client_container_5031_test_client_test_moonshotai_kimi_k2_iter_1_20250903_205623_iter1"
  }
}