{
  "gameId": "9eec0711-645e-4fde-b4cf-42985b9a1e0e",
  "rounds": {
    "0": {
      "pot": 15,
      "bets": {
        "2021748830": 10,
        "1432331938": 5
      },
      "actions": {
        "1432331938": "RAISE",
        "2021748830": "RAISE"
      },
      "action_sequence": [
        {
          "player": 1432331938,
          "action": "RAISE",
          "amount": 5,
          "timestamp": 1756689256166,
          "pot_after_action": 5,
          "side_pots_after_action": [
            {
              "amount": 5,
              "eligible_players": [
                1432331939,
                2021748831
              ]
            }
          ],
          "total_pot_after_action": 5,
          "total_side_pots_after_action": [
            {
              "id": 0,
              "amount": 5,
              "eligible_players": [
                1432331939,
                2021748831
              ]
            }
          ]
        },
        {
          "player": 2021748830,
          "action": "RAISE",
          "amount": 10,
          "timestamp": 1756689256166,
          "pot_after_action": 15,
          "side_pots_after_action": [
            {
              "amount": 10,
              "eligible_players": [
                1432331939,
                2021748831
              ]
            },
            {
              "amount": 5,
              "eligible_players": [
                2021748831
              ]
            }
          ],
          "total_pot_after_action": 15,
          "total_side_pots_after_action": [
            {
              "id": 0,
              "amount": 10,
              "eligible_players": [
                1432331939,
                2021748831
              ]
            },
            {
              "id": 1,
              "amount": 5,
              "eligible_players": [
                2021748831
              ]
            }
          ]
        }
      ],
      "actionTimes": {}
    },
    "1": {
      "pot": 100,
      "bets": {
        "2021748830": 100,
        "1432331938": 0
      },
      "actions": {
        "1432331938": "FOLD",
        "2021748830": "RAISE"
      },
      "action_sequence": [
        {
          "player": 1432331938,
          "action": "CHECK",
          "amount": 0,
          "timestamp": 1756689256174,
          "pot_after_action": 0,
          "side_pots_after_action": [
            {
              "amount": 0,
              "eligible_players": [
                1432331939,
                2021748831
              ]
            }
          ],
          "total_pot_after_action": 15,
          "total_side_pots_after_action": [
            {
              "id": 0,
              "amount": 10,
              "eligible_players": [
                1432331939,
                2021748831
              ]
            },
            {
              "id": 1,
              "amount": 5,
              "eligible_players": [
                2021748831
              ]
            },
            {
              "id": 2,
              "amount": 0,
              "eligible_players": [
                1432331939,
                2021748831
              ]
            }
          ]
        },
        {
          "player": 2021748830,
          "action": "RAISE",
          "amount": 100,
          "timestamp": 1756689256176,
          "pot_after_action": 100,
          "side_pots_after_action": [
            {
              "amount": 100,
              "eligible_players": [
                1432331939,
                2021748831
              ]
            }
          ],
          "total_pot_after_action": 115,
          "total_side_pots_after_action": [
            {
              "id": 0,
              "amount": 10,
              "eligible_players": [
                1432331939,
                2021748831
              ]
            },
            {
              "id": 1,
              "amount": 5,
              "eligible_players": [
                2021748831
              ]
            },
            {
              "id": 2,
              "amount": 100,
              "eligible_players": [
                1432331939,
                2021748831
              ]
            }
          ]
        },
        {
          "player": 1432331938,
          "action": "FOLD",
          "amount": 0,
          "timestamp": 1756689256218,
          "pot_after_action": 100,
          "side_pots_after_action": [
            {
              "amount": 100,
              "eligible_players": [
                1432331939,
                2021748831
              ]
            }
          ],
          "total_pot_after_action": 115,
          "total_side_pots_after_action": [
            {
              "id": 0,
              "amount": 10,
              "eligible_players": [
                1432331939,
                2021748831
              ]
            },
            {
              "id": 1,
              "amount": 5,
              "eligible_players": [
                2021748831
              ]
            },
            {
              "id": 2,
              "amount": 100,
              "eligible_players": [
                1432331939,
                2021748831
              ]
            }
          ]
        }
      ],
      "actionTimes": {
        "1432331938": 53,
        "2021748830": 11
      }
    }
  },
  "playerNames": {
    "2021748830": "player2021748831",
    "1432331938": "player1432331939"
  },
  "blinds": {
    "small": 5,
    "big": 10
  },
  "finalBoard": [
    "Qd",
    "7c",
    "Jc",
    "5d"
  ],
  "sidePots": [
    {
      "amount": 0,
      "eligible_players": [
        2021748830
      ]
    }
  ],
  "playerMoney": {
    "initialAmount": 10000,
    "startingMoney": {
      "2021748831": 9645,
      "1432331939": 10355
    },
    "startingDelta": {
      "2021748831": -355,
      "1432331939": 355
    },
    "finalDelta": {
      "2021748831": -350,
      "1432331939": 350
    },
    "gameScores": {
      "2021748831": 5,
      "1432331939": -5
    },
    "finalMoney": {
      "2021748831": 9650,
      "1432331939": 10350
    },
    "thisGameDelta": {
      "2021748831": 5,
      "1432331939": -5
    }
  },
  "playerHands": {
    "2021748830": [
      "7d",
      "2s"
    ],
    "1432331938": [
      "4d",
      "2h"
    ]
  },
  "usernameMapping": {
    "default": 2021748831,
    "client_container_6570_test_client_test_x_ai_grok_4_iter_5_20250831_181409_iter5": 1432331939
  },
  "playerIdToUsername": {
    "2021748831": "default",
    "1432331939": "client_container_6570_test_client_test_x_ai_grok_4_iter_5_20250831_181409_iter5"
  }
}