{
  "gameId": "9d96291e-65c1-41d4-b3c9-44833cbbfb5d",
  "rounds": {
    "0": {
      "pot": 15,
      "bets": {
        "3624236738": 10,
        "2864800533": 5
      },
      "actions": {
        "2864800533": "RAISE",
        "3624236738": "RAISE"
      },
      "action_sequence": [
        {
          "player": 2864800533,
          "action": "RAISE",
          "amount": 5,
          "timestamp": 1756817363647,
          "pot_after_action": 5,
          "side_pots_after_action": [
            {
              "amount": 5,
              "eligible_players": [
                3624236739,
                2864800534
              ]
            }
          ],
          "total_pot_after_action": 5,
          "total_side_pots_after_action": [
            {
              "id": 0,
              "amount": 5,
              "eligible_players": [
                3624236739,
                2864800534
              ]
            }
          ]
        },
        {
          "player": 3624236738,
          "action": "RAISE",
          "amount": 10,
          "timestamp": 1756817363647,
          "pot_after_action": 15,
          "side_pots_after_action": [
            {
              "amount": 10,
              "eligible_players": [
                3624236739,
                2864800534
              ]
            },
            {
              "amount": 5,
              "eligible_players": [
                3624236739
              ]
            }
          ],
          "total_pot_after_action": 15,
          "total_side_pots_after_action": [
            {
              "id": 0,
              "amount": 10,
              "eligible_players": [
                3624236739,
                2864800534
              ]
            },
            {
              "id": 1,
              "amount": 5,
              "eligible_players": [
                3624236739
              ]
            }
          ]
        }
      ],
      "actionTimes": {}
    },
    "1": {
      "pot": 100,
      "bets": {
        "3624236738": 100,
        "2864800533": 0
      },
      "actions": {
        "2864800533": "FOLD",
        "3624236738": "RAISE"
      },
      "action_sequence": [
        {
          "player": 2864800533,
          "action": "CHECK",
          "amount": 0,
          "timestamp": 1756817363650,
          "pot_after_action": 0,
          "side_pots_after_action": [
            {
              "amount": 0,
              "eligible_players": [
                3624236739,
                2864800534
              ]
            }
          ],
          "total_pot_after_action": 15,
          "total_side_pots_after_action": [
            {
              "id": 0,
              "amount": 10,
              "eligible_players": [
                3624236739,
                2864800534
              ]
            },
            {
              "id": 1,
              "amount": 5,
              "eligible_players": [
                3624236739
              ]
            },
            {
              "id": 2,
              "amount": 0,
              "eligible_players": [
                3624236739,
                2864800534
              ]
            }
          ]
        },
        {
          "player": 3624236738,
          "action": "RAISE",
          "amount": 100,
          "timestamp": 1756817363651,
          "pot_after_action": 100,
          "side_pots_after_action": [
            {
              "amount": 100,
              "eligible_players": [
                3624236739,
                2864800534
              ]
            }
          ],
          "total_pot_after_action": 115,
          "total_side_pots_after_action": [
            {
              "id": 0,
              "amount": 10,
              "eligible_players": [
                3624236739,
                2864800534
              ]
            },
            {
              "id": 1,
              "amount": 5,
              "eligible_players": [
                3624236739
              ]
            },
            {
              "id": 2,
              "amount": 100,
              "eligible_players": [
                3624236739,
                2864800534
              ]
            }
          ]
        },
        {
          "player": 2864800533,
          "action": "FOLD",
          "amount": 0,
          "timestamp": 1756817363692,
          "pot_after_action": 100,
          "side_pots_after_action": [
            {
              "amount": 100,
              "eligible_players": [
                3624236739,
                2864800534
              ]
            }
          ],
          "total_pot_after_action": 115,
          "total_side_pots_after_action": [
            {
              "id": 0,
              "amount": 10,
              "eligible_players": [
                3624236739,
                2864800534
              ]
            },
            {
              "id": 1,
              "amount": 5,
              "eligible_players": [
                3624236739
              ]
            },
            {
              "id": 2,
              "amount": 100,
              "eligible_players": [
                3624236739,
                2864800534
              ]
            }
          ]
        }
      ],
      "actionTimes": {
        "2864800533": 45,
        "3624236738": 4
      }
    }
  },
  "playerNames": {
    "3624236738": "player3624236739",
    "2864800533": "player2864800534"
  },
  "blinds": {
    "small": 5,
    "big": 10
  },
  "finalBoard": [
    "7d",
    "4s",
    "5s",
    "Ah"
  ],
  "sidePots": [
    {
      "amount": 0,
      "eligible_players": [
        3624236738
      ]
    }
  ],
  "playerMoney": {
    "initialAmount": 10000,
    "startingMoney": {
      "3624236739": 10055,
      "2864800534": 9945
    },
    "startingDelta": {
      "3624236739": 55,
      "2864800534": -55
    },
    "finalDelta": {
      "3624236739": 60,
      "2864800534": -60
    },
    "gameScores": {
      "3624236739": 5,
      "2864800534": -5
    },
    "finalMoney": {
      "3624236739": 10060,
      "2864800534": 9940
    },
    "thisGameDelta": {
      "3624236739": 5,
      "2864800534": -5
    }
  },
  "playerHands": {
    "3624236738": [
      "Qc",
      "8d"
    ],
    "2864800533": [
      "2s",
      "Kc"
    ]
  },
  "usernameMapping": {
    "default": 3624236739,
    "client_container_5442_test_client_test_moonshotai_kimi_k2_iter_3_20250902_054916_iter3": 2864800534
  },
  "playerIdToUsername": {
    "3624236739": "default",
    "2864800534": "client_container_5442_test_client_test_moonshotai_kimi_k2_iter_3_20250902_054916_iter3"
  }
}