{
  "gameId": "9d96291e-65c1-41d4-b3c9-44833cbbfb5d",
  "rounds": {
    "0": {
      "pot": 15,
      "bets": {
        "3624236738": 5,
        "2864800533": 10
      },
      "actions": {
        "3624236738": "RAISE",
        "2864800533": "RAISE"
      },
      "action_sequence": [
        {
          "player": 3624236738,
          "action": "RAISE",
          "amount": 5,
          "timestamp": 1756817363469,
          "pot_after_action": 5,
          "side_pots_after_action": [
            {
              "amount": 5,
              "eligible_players": [
                3624236739,
                2864800534
              ]
            }
          ],
          "total_pot_after_action": 5,
          "total_side_pots_after_action": [
            {
              "id": 0,
              "amount": 5,
              "eligible_players": [
                3624236739,
                2864800534
              ]
            }
          ]
        },
        {
          "player": 2864800533,
          "action": "RAISE",
          "amount": 10,
          "timestamp": 1756817363469,
          "pot_after_action": 15,
          "side_pots_after_action": [
            {
              "amount": 10,
              "eligible_players": [
                3624236739,
                2864800534
              ]
            },
            {
              "amount": 5,
              "eligible_players": [
                2864800534
              ]
            }
          ],
          "total_pot_after_action": 15,
          "total_side_pots_after_action": [
            {
              "id": 0,
              "amount": 10,
              "eligible_players": [
                3624236739,
                2864800534
              ]
            },
            {
              "id": 1,
              "amount": 5,
              "eligible_players": [
                2864800534
              ]
            }
          ]
        }
      ],
      "actionTimes": {}
    },
    "1": {
      "pot": 100,
      "bets": {
        "3624236738": 100,
        "2864800533": 0
      },
      "actions": {
        "3624236738": "RAISE",
        "2864800533": "FOLD"
      },
      "action_sequence": [
        {
          "player": 3624236738,
          "action": "RAISE",
          "amount": 100,
          "timestamp": 1756817363471,
          "pot_after_action": 100,
          "side_pots_after_action": [
            {
              "amount": 100,
              "eligible_players": [
                3624236739,
                2864800534
              ]
            }
          ],
          "total_pot_after_action": 115,
          "total_side_pots_after_action": [
            {
              "id": 0,
              "amount": 10,
              "eligible_players": [
                3624236739,
                2864800534
              ]
            },
            {
              "id": 1,
              "amount": 5,
              "eligible_players": [
                2864800534
              ]
            },
            {
              "id": 2,
              "amount": 100,
              "eligible_players": [
                3624236739,
                2864800534
              ]
            }
          ]
        },
        {
          "player": 2864800533,
          "action": "FOLD",
          "amount": 0,
          "timestamp": 1756817363513,
          "pot_after_action": 100,
          "side_pots_after_action": [
            {
              "amount": 100,
              "eligible_players": [
                3624236739,
                2864800534
              ]
            }
          ],
          "total_pot_after_action": 115,
          "total_side_pots_after_action": [
            {
              "id": 0,
              "amount": 10,
              "eligible_players": [
                3624236739,
                2864800534
              ]
            },
            {
              "id": 1,
              "amount": 5,
              "eligible_players": [
                2864800534
              ]
            },
            {
              "id": 2,
              "amount": 100,
              "eligible_players": [
                3624236739,
                2864800534
              ]
            }
          ]
        }
      ],
      "actionTimes": {
        "3624236738": 2,
        "2864800533": 44
      }
    }
  },
  "playerNames": {
    "3624236738": "player3624236739",
    "2864800533": "player2864800534"
  },
  "blinds": {
    "small": 5,
    "big": 10
  },
  "finalBoard": [
    "6s",
    "3c",
    "Ks",
    "6d"
  ],
  "sidePots": [
    {
      "amount": 0,
      "eligible_players": [
        3624236738
      ]
    }
  ],
  "playerMoney": {
    "initialAmount": 10000,
    "startingMoney": {
      "3624236739": 10030,
      "2864800534": 9970
    },
    "startingDelta": {
      "3624236739": 30,
      "2864800534": -30
    },
    "finalDelta": {
      "3624236739": 40,
      "2864800534": -40
    },
    "gameScores": {
      "3624236739": 10,
      "2864800534": -10
    },
    "finalMoney": {
      "3624236739": 10040,
      "2864800534": 9960
    },
    "thisGameDelta": {
      "3624236739": 10,
      "2864800534": -10
    }
  },
  "playerHands": {
    "3624236738": [
      "Tc",
      "6c"
    ],
    "2864800533": [
      "Qc",
      "7c"
    ]
  },
  "usernameMapping": {
    "default": 3624236739,
    "client_container_5442_test_client_test_moonshotai_kimi_k2_iter_3_20250902_054916_iter3": 2864800534
  },
  "playerIdToUsername": {
    "3624236739": "default",
    "2864800534": "client_container_5442_test_client_test_moonshotai_kimi_k2_iter_3_20250902_054916_iter3"
  }
}