{
  "gameId": "5a978bd9-dab7-4f9d-be70-ca20d3d7b20c",
  "rounds": {
    "0": {
      "pot": 15,
      "bets": {
        "1179899369": 5,
        "1321044745": 10
      },
      "actions": {
        "1179899369": "RAISE",
        "1321044745": "RAISE"
      },
      "action_sequence": [
        {
          "player": 1179899369,
          "action": "RAISE",
          "amount": 5,
          "timestamp": 1756715853122,
          "pot_after_action": 5,
          "side_pots_after_action": [
            {
              "amount": 5,
              "eligible_players": [
                1179899370,
                1321044746
              ]
            }
          ],
          "total_pot_after_action": 5,
          "total_side_pots_after_action": [
            {
              "id": 0,
              "amount": 5,
              "eligible_players": [
                1179899370,
                1321044746
              ]
            }
          ]
        },
        {
          "player": 1321044745,
          "action": "RAISE",
          "amount": 10,
          "timestamp": 1756715853122,
          "pot_after_action": 15,
          "side_pots_after_action": [
            {
              "amount": 10,
              "eligible_players": [
                1179899370,
                1321044746
              ]
            },
            {
              "amount": 5,
              "eligible_players": [
                1321044746
              ]
            }
          ],
          "total_pot_after_action": 15,
          "total_side_pots_after_action": [
            {
              "id": 0,
              "amount": 10,
              "eligible_players": [
                1179899370,
                1321044746
              ]
            },
            {
              "id": 1,
              "amount": 5,
              "eligible_players": [
                1321044746
              ]
            }
          ]
        }
      ],
      "actionTimes": {}
    },
    "1": {
      "pot": 100,
      "bets": {
        "1179899369": 100,
        "1321044745": 0
      },
      "actions": {
        "1179899369": "RAISE",
        "1321044745": "FOLD"
      },
      "action_sequence": [
        {
          "player": 1179899369,
          "action": "RAISE",
          "amount": 100,
          "timestamp": 1756715853126,
          "pot_after_action": 100,
          "side_pots_after_action": [
            {
              "amount": 100,
              "eligible_players": [
                1179899370,
                1321044746
              ]
            }
          ],
          "total_pot_after_action": 115,
          "total_side_pots_after_action": [
            {
              "id": 0,
              "amount": 10,
              "eligible_players": [
                1179899370,
                1321044746
              ]
            },
            {
              "id": 1,
              "amount": 5,
              "eligible_players": [
                1321044746
              ]
            },
            {
              "id": 2,
              "amount": 100,
              "eligible_players": [
                1179899370,
                1321044746
              ]
            }
          ]
        },
        {
          "player": 1321044745,
          "action": "FOLD",
          "amount": 0,
          "timestamp": 1756715853127,
          "pot_after_action": 100,
          "side_pots_after_action": [
            {
              "amount": 100,
              "eligible_players": [
                1179899370,
                1321044746
              ]
            }
          ],
          "total_pot_after_action": 115,
          "total_side_pots_after_action": [
            {
              "id": 0,
              "amount": 10,
              "eligible_players": [
                1179899370,
                1321044746
              ]
            },
            {
              "id": 1,
              "amount": 5,
              "eligible_players": [
                1321044746
              ]
            },
            {
              "id": 2,
              "amount": 100,
              "eligible_players": [
                1179899370,
                1321044746
              ]
            }
          ]
        }
      ],
      "actionTimes": {
        "1179899369": 5,
        "1321044745": 6
      }
    }
  },
  "playerNames": {
    "1179899369": "player1179899370",
    "1321044745": "player1321044746"
  },
  "blinds": {
    "small": 5,
    "big": 10
  },
  "finalBoard": [
    "Ad",
    "8d",
    "Kh",
    "Ks"
  ],
  "sidePots": [
    {
      "amount": 0,
      "eligible_players": [
        1179899369
      ]
    }
  ],
  "playerMoney": {
    "initialAmount": 10000,
    "startingMoney": {
      "1179899370": 10000,
      "1321044746": 10000
    },
    "startingDelta": {
      "1179899370": 0,
      "1321044746": 0
    },
    "finalDelta": {
      "1179899370": 10,
      "1321044746": -10
    },
    "gameScores": {
      "1179899370": 10,
      "1321044746": -10
    },
    "finalMoney": {
      "1179899370": 10010,
      "1321044746": 9990
    },
    "thisGameDelta": {
      "1179899370": 10,
      "1321044746": -10
    }
  },
  "playerHands": {
    "1179899369": [
      "5d",
      "Ac"
    ],
    "1321044745": [
      "Jc",
      "As"
    ]
  },
  "usernameMapping": {
    "default": 1179899370,
    "client_container_5169_test_client_test_deepseek_deepseek_r1_0528_iter_5_20250901_013726_iter5": 1321044746
  },
  "playerIdToUsername": {
    "1179899370": "default",
    "1321044746": "client_container_5169_test_client_test_deepseek_deepseek_r1_0528_iter_5_20250901_013726_iter5"
  }
}