{
  "gameId": "5a978bd9-dab7-4f9d-be70-ca20d3d7b20c",
  "rounds": {
    "0": {
      "pot": 15,
      "bets": {
        "1179899369": 10,
        "1321044745": 5
      },
      "actions": {
        "1321044745": "RAISE",
        "1179899369": "RAISE"
      },
      "action_sequence": [
        {
          "player": 1321044745,
          "action": "RAISE",
          "amount": 5,
          "timestamp": 1756715853660,
          "pot_after_action": 5,
          "side_pots_after_action": [
            {
              "amount": 5,
              "eligible_players": [
                1179899370,
                1321044746
              ]
            }
          ],
          "total_pot_after_action": 5,
          "total_side_pots_after_action": [
            {
              "id": 0,
              "amount": 5,
              "eligible_players": [
                1179899370,
                1321044746
              ]
            }
          ]
        },
        {
          "player": 1179899369,
          "action": "RAISE",
          "amount": 10,
          "timestamp": 1756715853660,
          "pot_after_action": 15,
          "side_pots_after_action": [
            {
              "amount": 10,
              "eligible_players": [
                1179899370,
                1321044746
              ]
            },
            {
              "amount": 5,
              "eligible_players": [
                1179899370
              ]
            }
          ],
          "total_pot_after_action": 15,
          "total_side_pots_after_action": [
            {
              "id": 0,
              "amount": 10,
              "eligible_players": [
                1179899370,
                1321044746
              ]
            },
            {
              "id": 1,
              "amount": 5,
              "eligible_players": [
                1179899370
              ]
            }
          ]
        }
      ],
      "actionTimes": {}
    },
    "1": {
      "pot": 100,
      "bets": {
        "1179899369": 100,
        "1321044745": 0
      },
      "actions": {
        "1321044745": "FOLD",
        "1179899369": "RAISE"
      },
      "action_sequence": [
        {
          "player": 1321044745,
          "action": "CHECK",
          "amount": 0,
          "timestamp": 1756715853664,
          "pot_after_action": 0,
          "side_pots_after_action": [
            {
              "amount": 0,
              "eligible_players": [
                1179899370,
                1321044746
              ]
            }
          ],
          "total_pot_after_action": 15,
          "total_side_pots_after_action": [
            {
              "id": 0,
              "amount": 10,
              "eligible_players": [
                1179899370,
                1321044746
              ]
            },
            {
              "id": 1,
              "amount": 5,
              "eligible_players": [
                1179899370
              ]
            },
            {
              "id": 2,
              "amount": 0,
              "eligible_players": [
                1179899370,
                1321044746
              ]
            }
          ]
        },
        {
          "player": 1179899369,
          "action": "RAISE",
          "amount": 100,
          "timestamp": 1756715853665,
          "pot_after_action": 100,
          "side_pots_after_action": [
            {
              "amount": 100,
              "eligible_players": [
                1179899370,
                1321044746
              ]
            }
          ],
          "total_pot_after_action": 115,
          "total_side_pots_after_action": [
            {
              "id": 0,
              "amount": 10,
              "eligible_players": [
                1179899370,
                1321044746
              ]
            },
            {
              "id": 1,
              "amount": 5,
              "eligible_players": [
                1179899370
              ]
            },
            {
              "id": 2,
              "amount": 100,
              "eligible_players": [
                1179899370,
                1321044746
              ]
            }
          ]
        },
        {
          "player": 1321044745,
          "action": "FOLD",
          "amount": 0,
          "timestamp": 1756715853707,
          "pot_after_action": 100,
          "side_pots_after_action": [
            {
              "amount": 100,
              "eligible_players": [
                1179899370,
                1321044746
              ]
            }
          ],
          "total_pot_after_action": 115,
          "total_side_pots_after_action": [
            {
              "id": 0,
              "amount": 10,
              "eligible_players": [
                1179899370,
                1321044746
              ]
            },
            {
              "id": 1,
              "amount": 5,
              "eligible_players": [
                1179899370
              ]
            },
            {
              "id": 2,
              "amount": 100,
              "eligible_players": [
                1179899370,
                1321044746
              ]
            }
          ]
        }
      ],
      "actionTimes": {
        "1321044745": 47,
        "1179899369": 5
      }
    }
  },
  "playerNames": {
    "1179899369": "player1179899370",
    "1321044745": "player1321044746"
  },
  "blinds": {
    "small": 5,
    "big": 10
  },
  "finalBoard": [
    "3h",
    "Kh",
    "6c",
    "Js"
  ],
  "sidePots": [
    {
      "amount": 0,
      "eligible_players": [
        1179899369
      ]
    }
  ],
  "playerMoney": {
    "initialAmount": 10000,
    "startingMoney": {
      "1179899370": 10070,
      "1321044746": 9930
    },
    "startingDelta": {
      "1179899370": 70,
      "1321044746": -70
    },
    "finalDelta": {
      "1179899370": 75,
      "1321044746": -75
    },
    "gameScores": {
      "1179899370": 5,
      "1321044746": -5
    },
    "finalMoney": {
      "1179899370": 10075,
      "1321044746": 9925
    },
    "thisGameDelta": {
      "1179899370": 5,
      "1321044746": -5
    }
  },
  "playerHands": {
    "1179899369": [
      "6h",
      "As"
    ],
    "1321044745": [
      "Qc",
      "Ad"
    ]
  },
  "usernameMapping": {
    "default": 1179899370,
    "client_container_5169_test_client_test_deepseek_deepseek_r1_0528_iter_5_20250901_013726_iter5": 1321044746
  },
  "playerIdToUsername": {
    "1179899370": "default",
    "1321044746": "client_container_5169_test_client_test_deepseek_deepseek_r1_0528_iter_5_20250901_013726_iter5"
  }
}