{
  "gameId": "e96d024d-91b1-4613-9d83-ffd314a94269",
  "rounds": {
    "0": {
      "pot": 15,
      "bets": {
        "3287845385": 10,
        "4052108549": 5
      },
      "actions": {
        "4052108549": "RAISE",
        "3287845385": "RAISE"
      },
      "action_sequence": [
        {
          "player": 4052108549,
          "action": "RAISE",
          "amount": 5,
          "timestamp": 1758146895051,
          "pot_after_action": 5,
          "side_pots_after_action": [
            {
              "amount": 5,
              "eligible_players": [
                3287845386,
                4052108550
              ]
            }
          ],
          "total_pot_after_action": 5,
          "total_side_pots_after_action": [
            {
              "id": 0,
              "amount": 5,
              "eligible_players": [
                3287845386,
                4052108550
              ]
            }
          ]
        },
        {
          "player": 3287845385,
          "action": "RAISE",
          "amount": 10,
          "timestamp": 1758146895051,
          "pot_after_action": 15,
          "side_pots_after_action": [
            {
              "amount": 10,
              "eligible_players": [
                3287845386,
                4052108550
              ]
            },
            {
              "amount": 5,
              "eligible_players": [
                3287845386
              ]
            }
          ],
          "total_pot_after_action": 15,
          "total_side_pots_after_action": [
            {
              "id": 0,
              "amount": 10,
              "eligible_players": [
                3287845386,
                4052108550
              ]
            },
            {
              "id": 1,
              "amount": 5,
              "eligible_players": [
                3287845386
              ]
            }
          ]
        }
      ],
      "actionTimes": {}
    },
    "1": {
      "pot": 100,
      "bets": {
        "3287845385": 100,
        "4052108549": 0
      },
      "actions": {
        "4052108549": "FOLD",
        "3287845385": "RAISE"
      },
      "action_sequence": [
        {
          "player": 4052108549,
          "action": "FOLD",
          "amount": 0,
          "timestamp": 1758146895055,
          "pot_after_action": 0,
          "side_pots_after_action": [
            {
              "amount": 0,
              "eligible_players": [
                3287845386,
                4052108550
              ]
            }
          ],
          "total_pot_after_action": 15,
          "total_side_pots_after_action": [
            {
              "id": 0,
              "amount": 10,
              "eligible_players": [
                3287845386,
                4052108550
              ]
            },
            {
              "id": 1,
              "amount": 5,
              "eligible_players": [
                3287845386
              ]
            },
            {
              "id": 2,
              "amount": 0,
              "eligible_players": [
                3287845386,
                4052108550
              ]
            }
          ]
        },
        {
          "player": 3287845385,
          "action": "RAISE",
          "amount": 100,
          "timestamp": 1758146895093,
          "pot_after_action": 100,
          "side_pots_after_action": [
            {
              "amount": 100,
              "eligible_players": [
                3287845386,
                4052108550
              ]
            }
          ],
          "total_pot_after_action": 115,
          "total_side_pots_after_action": [
            {
              "id": 0,
              "amount": 10,
              "eligible_players": [
                3287845386,
                4052108550
              ]
            },
            {
              "id": 1,
              "amount": 5,
              "eligible_players": [
                3287845386
              ]
            },
            {
              "id": 2,
              "amount": 100,
              "eligible_players": [
                3287845386,
                4052108550
              ]
            }
          ]
        }
      ],
      "actionTimes": {
        "4052108549": 5,
        "3287845385": 43
      }
    }
  },
  "playerNames": {
    "3287845385": "player3287845386",
    "4052108549": "player4052108550"
  },
  "blinds": {
    "small": 5,
    "big": 10
  },
  "finalBoard": [
    "7h",
    "Js",
    "3d",
    "7d"
  ],
  "sidePots": [
    {
      "amount": 0,
      "eligible_players": [
        3287845385
      ]
    }
  ],
  "playerMoney": {
    "initialAmount": 10000,
    "startingMoney": {
      "3287845386": 10040,
      "4052108550": 9960
    },
    "startingDelta": {
      "3287845386": 40,
      "4052108550": -40
    },
    "finalDelta": {
      "3287845386": 45,
      "4052108550": -45
    },
    "gameScores": {
      "3287845386": 5,
      "4052108550": -5
    },
    "finalMoney": {
      "3287845386": 10045,
      "4052108550": 9955
    },
    "thisGameDelta": {
      "3287845386": 5,
      "4052108550": -5
    }
  },
  "playerHands": {
    "3287845385": [
      "9s",
      "7s"
    ],
    "4052108549": [
      "Qh",
      "Jc"
    ]
  },
  "usernameMapping": {
    "default": 3287845386,
    "client_container_5352_test_client_test_deepseek_deepseek_r1_0528_iter_5_20250917_150808_iter5": 4052108550
  },
  "playerIdToUsername": {
    "3287845386": "default",
    "4052108550": "client_container_5352_test_client_test_deepseek_deepseek_r1_0528_iter_5_20250917_150808_iter5"
  }
}