{
  "gameId": "e96d024d-91b1-4613-9d83-ffd314a94269",
  "rounds": {
    "0": {
      "pot": 15,
      "bets": {
        "3287845385": 5,
        "4052108549": 10
      },
      "actions": {
        "3287845385": "RAISE",
        "4052108549": "RAISE"
      },
      "action_sequence": [
        {
          "player": 3287845385,
          "action": "RAISE",
          "amount": 5,
          "timestamp": 1758146895181,
          "pot_after_action": 5,
          "side_pots_after_action": [
            {
              "amount": 5,
              "eligible_players": [
                3287845386,
                4052108550
              ]
            }
          ],
          "total_pot_after_action": 5,
          "total_side_pots_after_action": [
            {
              "id": 0,
              "amount": 5,
              "eligible_players": [
                3287845386,
                4052108550
              ]
            }
          ]
        },
        {
          "player": 4052108549,
          "action": "RAISE",
          "amount": 10,
          "timestamp": 1758146895181,
          "pot_after_action": 15,
          "side_pots_after_action": [
            {
              "amount": 10,
              "eligible_players": [
                3287845386,
                4052108550
              ]
            },
            {
              "amount": 5,
              "eligible_players": [
                4052108550
              ]
            }
          ],
          "total_pot_after_action": 15,
          "total_side_pots_after_action": [
            {
              "id": 0,
              "amount": 10,
              "eligible_players": [
                3287845386,
                4052108550
              ]
            },
            {
              "id": 1,
              "amount": 5,
              "eligible_players": [
                4052108550
              ]
            }
          ]
        }
      ],
      "actionTimes": {}
    },
    "1": {
      "pot": 100,
      "bets": {
        "3287845385": 100,
        "4052108549": 0
      },
      "actions": {
        "3287845385": "RAISE",
        "4052108549": "FOLD"
      },
      "action_sequence": [
        {
          "player": 3287845385,
          "action": "RAISE",
          "amount": 100,
          "timestamp": 1758146895184,
          "pot_after_action": 100,
          "side_pots_after_action": [
            {
              "amount": 100,
              "eligible_players": [
                3287845386,
                4052108550
              ]
            }
          ],
          "total_pot_after_action": 115,
          "total_side_pots_after_action": [
            {
              "id": 0,
              "amount": 10,
              "eligible_players": [
                3287845386,
                4052108550
              ]
            },
            {
              "id": 1,
              "amount": 5,
              "eligible_players": [
                4052108550
              ]
            },
            {
              "id": 2,
              "amount": 100,
              "eligible_players": [
                3287845386,
                4052108550
              ]
            }
          ]
        },
        {
          "player": 4052108549,
          "action": "FOLD",
          "amount": 0,
          "timestamp": 1758146895185,
          "pot_after_action": 100,
          "side_pots_after_action": [
            {
              "amount": 100,
              "eligible_players": [
                3287845386,
                4052108550
              ]
            }
          ],
          "total_pot_after_action": 115,
          "total_side_pots_after_action": [
            {
              "id": 0,
              "amount": 10,
              "eligible_players": [
                3287845386,
                4052108550
              ]
            },
            {
              "id": 1,
              "amount": 5,
              "eligible_players": [
                4052108550
              ]
            },
            {
              "id": 2,
              "amount": 100,
              "eligible_players": [
                3287845386,
                4052108550
              ]
            }
          ]
        }
      ],
      "actionTimes": {
        "3287845385": 4,
        "4052108549": 5
      }
    }
  },
  "playerNames": {
    "3287845385": "player3287845386",
    "4052108549": "player4052108550"
  },
  "blinds": {
    "small": 5,
    "big": 10
  },
  "finalBoard": [
    "As",
    "Jc",
    "4s",
    "7c"
  ],
  "sidePots": [
    {
      "amount": 0,
      "eligible_players": [
        3287845385
      ]
    }
  ],
  "playerMoney": {
    "initialAmount": 10000,
    "startingMoney": {
      "3287845386": 10060,
      "4052108550": 9940
    },
    "startingDelta": {
      "3287845386": 60,
      "4052108550": -60
    },
    "finalDelta": {
      "3287845386": 70,
      "4052108550": -70
    },
    "gameScores": {
      "3287845386": 10,
      "4052108550": -10
    },
    "finalMoney": {
      "3287845386": 10070,
      "4052108550": 9930
    },
    "thisGameDelta": {
      "3287845386": 10,
      "4052108550": -10
    }
  },
  "playerHands": {
    "3287845385": [
      "2s",
      "Ks"
    ],
    "4052108549": [
      "Qc",
      "6d"
    ]
  },
  "usernameMapping": {
    "default": 3287845386,
    "client_container_5352_test_client_test_deepseek_deepseek_r1_0528_iter_5_20250917_150808_iter5": 4052108550
  },
  "playerIdToUsername": {
    "3287845386": "default",
    "4052108550": "client_container_5352_test_client_test_deepseek_deepseek_r1_0528_iter_5_20250917_150808_iter5"
  }
}