{
  "gameId": "2a48da5f-e546-4aab-8f47-791c1a1fc00d",
  "rounds": {
    "0": {
      "pot": 15,
      "bets": {
        "2222459936": 10,
        "2367481386": 5
      },
      "actions": {
        "2367481386": "RAISE",
        "2222459936": "RAISE"
      },
      "action_sequence": [
        {
          "player": 2367481386,
          "action": "RAISE",
          "amount": 5,
          "timestamp": 1757693583302,
          "pot_after_action": 5,
          "side_pots_after_action": [
            {
              "amount": 5,
              "eligible_players": [
                2222459937,
                2367481387
              ]
            }
          ],
          "total_pot_after_action": 5,
          "total_side_pots_after_action": [
            {
              "id": 0,
              "amount": 5,
              "eligible_players": [
                2222459937,
                2367481387
              ]
            }
          ]
        },
        {
          "player": 2222459936,
          "action": "RAISE",
          "amount": 10,
          "timestamp": 1757693583302,
          "pot_after_action": 15,
          "side_pots_after_action": [
            {
              "amount": 10,
              "eligible_players": [
                2222459937,
                2367481387
              ]
            },
            {
              "amount": 5,
              "eligible_players": [
                2222459937
              ]
            }
          ],
          "total_pot_after_action": 15,
          "total_side_pots_after_action": [
            {
              "id": 0,
              "amount": 10,
              "eligible_players": [
                2222459937,
                2367481387
              ]
            },
            {
              "id": 1,
              "amount": 5,
              "eligible_players": [
                2222459937
              ]
            }
          ]
        }
      ],
      "actionTimes": {}
    },
    "1": {
      "pot": 100,
      "bets": {
        "2222459936": 100,
        "2367481386": 0
      },
      "actions": {
        "2367481386": "FOLD",
        "2222459936": "RAISE"
      },
      "action_sequence": [
        {
          "player": 2367481386,
          "action": "CHECK",
          "amount": 0,
          "timestamp": 1757693583306,
          "pot_after_action": 0,
          "side_pots_after_action": [
            {
              "amount": 0,
              "eligible_players": [
                2222459937,
                2367481387
              ]
            }
          ],
          "total_pot_after_action": 15,
          "total_side_pots_after_action": [
            {
              "id": 0,
              "amount": 10,
              "eligible_players": [
                2222459937,
                2367481387
              ]
            },
            {
              "id": 1,
              "amount": 5,
              "eligible_players": [
                2222459937
              ]
            },
            {
              "id": 2,
              "amount": 0,
              "eligible_players": [
                2222459937,
                2367481387
              ]
            }
          ]
        },
        {
          "player": 2222459936,
          "action": "RAISE",
          "amount": 100,
          "timestamp": 1757693583306,
          "pot_after_action": 100,
          "side_pots_after_action": [
            {
              "amount": 100,
              "eligible_players": [
                2222459937,
                2367481387
              ]
            }
          ],
          "total_pot_after_action": 115,
          "total_side_pots_after_action": [
            {
              "id": 0,
              "amount": 10,
              "eligible_players": [
                2222459937,
                2367481387
              ]
            },
            {
              "id": 1,
              "amount": 5,
              "eligible_players": [
                2222459937
              ]
            },
            {
              "id": 2,
              "amount": 100,
              "eligible_players": [
                2222459937,
                2367481387
              ]
            }
          ]
        },
        {
          "player": 2367481386,
          "action": "FOLD",
          "amount": 0,
          "timestamp": 1757693583350,
          "pot_after_action": 100,
          "side_pots_after_action": [
            {
              "amount": 100,
              "eligible_players": [
                2222459937,
                2367481387
              ]
            }
          ],
          "total_pot_after_action": 115,
          "total_side_pots_after_action": [
            {
              "id": 0,
              "amount": 10,
              "eligible_players": [
                2222459937,
                2367481387
              ]
            },
            {
              "id": 1,
              "amount": 5,
              "eligible_players": [
                2222459937
              ]
            },
            {
              "id": 2,
              "amount": 100,
              "eligible_players": [
                2222459937,
                2367481387
              ]
            }
          ]
        }
      ],
      "actionTimes": {
        "2367481386": 48,
        "2222459936": 4
      }
    }
  },
  "playerNames": {
    "2222459936": "player2222459937",
    "2367481386": "player2367481387"
  },
  "blinds": {
    "small": 5,
    "big": 10
  },
  "finalBoard": [
    "6c",
    "Ks",
    "8h",
    "Kc"
  ],
  "sidePots": [
    {
      "amount": 0,
      "eligible_players": [
        2222459936
      ]
    }
  ],
  "playerMoney": {
    "initialAmount": 10000,
    "startingMoney": {
      "2222459937": 10070,
      "2367481387": 9930
    },
    "startingDelta": {
      "2222459937": 70,
      "2367481387": -70
    },
    "finalDelta": {
      "2222459937": 75,
      "2367481387": -75
    },
    "gameScores": {
      "2222459937": 5,
      "2367481387": -5
    },
    "finalMoney": {
      "2222459937": 10075,
      "2367481387": 9925
    },
    "thisGameDelta": {
      "2222459937": 5,
      "2367481387": -5
    }
  },
  "playerHands": {
    "2222459936": [
      "5h",
      "Td"
    ],
    "2367481386": [
      "4c",
      "9s"
    ]
  },
  "usernameMapping": {
    "default": 2222459937,
    "client_container_6793_test_client_test_x_ai_grok_4_iter_5_20250912_091256_iter5": 2367481387
  },
  "playerIdToUsername": {
    "2222459937": "default",
    "2367481387": "client_container_6793_test_client_test_x_ai_grok_4_iter_5_20250912_091256_iter5"
  }
}