{
  "gameId": "2a48da5f-e546-4aab-8f47-791c1a1fc00d",
  "rounds": {
    "0": {
      "pot": 15,
      "bets": {
        "2222459936": 5,
        "2367481386": 10
      },
      "actions": {
        "2222459936": "RAISE",
        "2367481386": "RAISE"
      },
      "action_sequence": [
        {
          "player": 2222459936,
          "action": "RAISE",
          "amount": 5,
          "timestamp": 1757693583125,
          "pot_after_action": 5,
          "side_pots_after_action": [
            {
              "amount": 5,
              "eligible_players": [
                2222459937,
                2367481387
              ]
            }
          ],
          "total_pot_after_action": 5,
          "total_side_pots_after_action": [
            {
              "id": 0,
              "amount": 5,
              "eligible_players": [
                2222459937,
                2367481387
              ]
            }
          ]
        },
        {
          "player": 2367481386,
          "action": "RAISE",
          "amount": 10,
          "timestamp": 1757693583125,
          "pot_after_action": 15,
          "side_pots_after_action": [
            {
              "amount": 10,
              "eligible_players": [
                2222459937,
                2367481387
              ]
            },
            {
              "amount": 5,
              "eligible_players": [
                2367481387
              ]
            }
          ],
          "total_pot_after_action": 15,
          "total_side_pots_after_action": [
            {
              "id": 0,
              "amount": 10,
              "eligible_players": [
                2222459937,
                2367481387
              ]
            },
            {
              "id": 1,
              "amount": 5,
              "eligible_players": [
                2367481387
              ]
            }
          ]
        }
      ],
      "actionTimes": {}
    },
    "1": {
      "pot": 100,
      "bets": {
        "2222459936": 100,
        "2367481386": 0
      },
      "actions": {
        "2222459936": "RAISE",
        "2367481386": "FOLD"
      },
      "action_sequence": [
        {
          "player": 2222459936,
          "action": "RAISE",
          "amount": 100,
          "timestamp": 1757693583129,
          "pot_after_action": 100,
          "side_pots_after_action": [
            {
              "amount": 100,
              "eligible_players": [
                2222459937,
                2367481387
              ]
            }
          ],
          "total_pot_after_action": 115,
          "total_side_pots_after_action": [
            {
              "id": 0,
              "amount": 10,
              "eligible_players": [
                2222459937,
                2367481387
              ]
            },
            {
              "id": 1,
              "amount": 5,
              "eligible_players": [
                2367481387
              ]
            },
            {
              "id": 2,
              "amount": 100,
              "eligible_players": [
                2222459937,
                2367481387
              ]
            }
          ]
        },
        {
          "player": 2367481386,
          "action": "FOLD",
          "amount": 0,
          "timestamp": 1757693583171,
          "pot_after_action": 100,
          "side_pots_after_action": [
            {
              "amount": 100,
              "eligible_players": [
                2222459937,
                2367481387
              ]
            }
          ],
          "total_pot_after_action": 115,
          "total_side_pots_after_action": [
            {
              "id": 0,
              "amount": 10,
              "eligible_players": [
                2222459937,
                2367481387
              ]
            },
            {
              "id": 1,
              "amount": 5,
              "eligible_players": [
                2367481387
              ]
            },
            {
              "id": 2,
              "amount": 100,
              "eligible_players": [
                2222459937,
                2367481387
              ]
            }
          ]
        }
      ],
      "actionTimes": {
        "2222459936": 4,
        "2367481386": 46
      }
    }
  },
  "playerNames": {
    "2222459936": "player2222459937",
    "2367481386": "player2367481387"
  },
  "blinds": {
    "small": 5,
    "big": 10
  },
  "finalBoard": [
    "Ks",
    "Qc",
    "Kc",
    "Qd"
  ],
  "sidePots": [
    {
      "amount": 0,
      "eligible_players": [
        2222459936
      ]
    }
  ],
  "playerMoney": {
    "initialAmount": 10000,
    "startingMoney": {
      "2222459937": 10045,
      "2367481387": 9955
    },
    "startingDelta": {
      "2222459937": 45,
      "2367481387": -45
    },
    "finalDelta": {
      "2222459937": 55,
      "2367481387": -55
    },
    "gameScores": {
      "2222459937": 10,
      "2367481387": -10
    },
    "finalMoney": {
      "2222459937": 10055,
      "2367481387": 9945
    },
    "thisGameDelta": {
      "2222459937": 10,
      "2367481387": -10
    }
  },
  "playerHands": {
    "2222459936": [
      "Ac",
      "4h"
    ],
    "2367481386": [
      "6h",
      "7c"
    ]
  },
  "usernameMapping": {
    "default": 2222459937,
    "client_container_6793_test_client_test_x_ai_grok_4_iter_5_20250912_091256_iter5": 2367481387
  },
  "playerIdToUsername": {
    "2222459937": "default",
    "2367481387": "client_container_6793_test_client_test_x_ai_grok_4_iter_5_20250912_091256_iter5"
  }
}