{
  "gameId": "639c2eac-98a2-482e-b769-adf230dfecce",
  "rounds": {
    "0": {
      "pot": 15,
      "bets": {
        "1842745787": 5,
        "3194559551": 10
      },
      "actions": {
        "1842745787": "RAISE",
        "3194559551": "RAISE"
      },
      "action_sequence": [
        {
          "player": 1842745787,
          "action": "RAISE",
          "amount": 5,
          "timestamp": 1756689720806,
          "pot_after_action": 5,
          "side_pots_after_action": [
            {
              "amount": 5,
              "eligible_players": [
                3194559552,
                1842745788
              ]
            }
          ],
          "total_pot_after_action": 5,
          "total_side_pots_after_action": [
            {
              "id": 0,
              "amount": 5,
              "eligible_players": [
                3194559552,
                1842745788
              ]
            }
          ]
        },
        {
          "player": 3194559551,
          "action": "RAISE",
          "amount": 10,
          "timestamp": 1756689720806,
          "pot_after_action": 15,
          "side_pots_after_action": [
            {
              "amount": 10,
              "eligible_players": [
                3194559552,
                1842745788
              ]
            },
            {
              "amount": 5,
              "eligible_players": [
                3194559552
              ]
            }
          ],
          "total_pot_after_action": 15,
          "total_side_pots_after_action": [
            {
              "id": 0,
              "amount": 10,
              "eligible_players": [
                3194559552,
                1842745788
              ]
            },
            {
              "id": 1,
              "amount": 5,
              "eligible_players": [
                3194559552
              ]
            }
          ]
        }
      ],
      "actionTimes": {}
    },
    "1": {
      "pot": 100,
      "bets": {
        "1842745787": 100,
        "3194559551": 0
      },
      "actions": {
        "1842745787": "RAISE",
        "3194559551": "FOLD"
      },
      "action_sequence": [
        {
          "player": 1842745787,
          "action": "RAISE",
          "amount": 100,
          "timestamp": 1756689720809,
          "pot_after_action": 100,
          "side_pots_after_action": [
            {
              "amount": 100,
              "eligible_players": [
                3194559552,
                1842745788
              ]
            }
          ],
          "total_pot_after_action": 115,
          "total_side_pots_after_action": [
            {
              "id": 0,
              "amount": 10,
              "eligible_players": [
                3194559552,
                1842745788
              ]
            },
            {
              "id": 1,
              "amount": 5,
              "eligible_players": [
                3194559552
              ]
            },
            {
              "id": 2,
              "amount": 100,
              "eligible_players": [
                3194559552,
                1842745788
              ]
            }
          ]
        },
        {
          "player": 3194559551,
          "action": "FOLD",
          "amount": 0,
          "timestamp": 1756689720850,
          "pot_after_action": 100,
          "side_pots_after_action": [
            {
              "amount": 100,
              "eligible_players": [
                3194559552,
                1842745788
              ]
            }
          ],
          "total_pot_after_action": 115,
          "total_side_pots_after_action": [
            {
              "id": 0,
              "amount": 10,
              "eligible_players": [
                3194559552,
                1842745788
              ]
            },
            {
              "id": 1,
              "amount": 5,
              "eligible_players": [
                3194559552
              ]
            },
            {
              "id": 2,
              "amount": 100,
              "eligible_players": [
                3194559552,
                1842745788
              ]
            }
          ]
        }
      ],
      "actionTimes": {
        "1842745787": 4,
        "3194559551": 45
      }
    }
  },
  "playerNames": {
    "1842745787": "player1842745788",
    "3194559551": "player3194559552"
  },
  "blinds": {
    "small": 5,
    "big": 10
  },
  "finalBoard": [
    "Ks",
    "6d",
    "Kh",
    "7h"
  ],
  "sidePots": [
    {
      "amount": 0,
      "eligible_players": [
        1842745787
      ]
    }
  ],
  "playerMoney": {
    "initialAmount": 10000,
    "startingMoney": {
      "1842745788": 10045,
      "3194559552": 9955
    },
    "startingDelta": {
      "1842745788": 45,
      "3194559552": -45
    },
    "finalDelta": {
      "1842745788": 55,
      "3194559552": -55
    },
    "gameScores": {
      "1842745788": 10,
      "3194559552": -10
    },
    "finalMoney": {
      "1842745788": 10055,
      "3194559552": 9945
    },
    "thisGameDelta": {
      "1842745788": 10,
      "3194559552": -10
    }
  },
  "playerHands": {
    "1842745787": [
      "8d",
      "Ts"
    ],
    "3194559551": [
      "8c",
      "4d"
    ]
  },
  "usernameMapping": {
    "default": 1842745788,
    "client_container_6532_test_client_test_openai_o3_pro_iter_1_20250831_182154_iter1": 3194559552
  },
  "playerIdToUsername": {
    "1842745788": "default",
    "3194559552": "client_container_6532_test_client_test_openai_o3_pro_iter_1_20250831_182154_iter1"
  }
}