{
  "gameId": "639c2eac-98a2-482e-b769-adf230dfecce",
  "rounds": {
    "0": {
      "pot": 15,
      "bets": {
        "1842745787": 10,
        "3194559551": 5
      },
      "actions": {
        "3194559551": "RAISE",
        "1842745787": "RAISE"
      },
      "action_sequence": [
        {
          "player": 3194559551,
          "action": "RAISE",
          "amount": 5,
          "timestamp": 1756689720516,
          "pot_after_action": 5,
          "side_pots_after_action": [
            {
              "amount": 5,
              "eligible_players": [
                3194559552,
                1842745788
              ]
            }
          ],
          "total_pot_after_action": 5,
          "total_side_pots_after_action": [
            {
              "id": 0,
              "amount": 5,
              "eligible_players": [
                3194559552,
                1842745788
              ]
            }
          ]
        },
        {
          "player": 1842745787,
          "action": "RAISE",
          "amount": 10,
          "timestamp": 1756689720517,
          "pot_after_action": 15,
          "side_pots_after_action": [
            {
              "amount": 10,
              "eligible_players": [
                3194559552,
                1842745788
              ]
            },
            {
              "amount": 5,
              "eligible_players": [
                1842745788
              ]
            }
          ],
          "total_pot_after_action": 15,
          "total_side_pots_after_action": [
            {
              "id": 0,
              "amount": 10,
              "eligible_players": [
                3194559552,
                1842745788
              ]
            },
            {
              "id": 1,
              "amount": 5,
              "eligible_players": [
                1842745788
              ]
            }
          ]
        }
      ],
      "actionTimes": {}
    },
    "1": {
      "pot": 100,
      "bets": {
        "1842745787": 100,
        "3194559551": 0
      },
      "actions": {
        "3194559551": "FOLD",
        "1842745787": "RAISE"
      },
      "action_sequence": [
        {
          "player": 3194559551,
          "action": "CHECK",
          "amount": 0,
          "timestamp": 1756689720559,
          "pot_after_action": 0,
          "side_pots_after_action": [
            {
              "amount": 0,
              "eligible_players": [
                3194559552,
                1842745788
              ]
            }
          ],
          "total_pot_after_action": 15,
          "total_side_pots_after_action": [
            {
              "id": 0,
              "amount": 10,
              "eligible_players": [
                3194559552,
                1842745788
              ]
            },
            {
              "id": 1,
              "amount": 5,
              "eligible_players": [
                1842745788
              ]
            },
            {
              "id": 2,
              "amount": 0,
              "eligible_players": [
                3194559552,
                1842745788
              ]
            }
          ]
        },
        {
          "player": 1842745787,
          "action": "RAISE",
          "amount": 100,
          "timestamp": 1756689720560,
          "pot_after_action": 100,
          "side_pots_after_action": [
            {
              "amount": 100,
              "eligible_players": [
                3194559552,
                1842745788
              ]
            }
          ],
          "total_pot_after_action": 115,
          "total_side_pots_after_action": [
            {
              "id": 0,
              "amount": 10,
              "eligible_players": [
                3194559552,
                1842745788
              ]
            },
            {
              "id": 1,
              "amount": 5,
              "eligible_players": [
                1842745788
              ]
            },
            {
              "id": 2,
              "amount": 100,
              "eligible_players": [
                3194559552,
                1842745788
              ]
            }
          ]
        },
        {
          "player": 3194559551,
          "action": "FOLD",
          "amount": 0,
          "timestamp": 1756689720601,
          "pot_after_action": 100,
          "side_pots_after_action": [
            {
              "amount": 100,
              "eligible_players": [
                3194559552,
                1842745788
              ]
            }
          ],
          "total_pot_after_action": 115,
          "total_side_pots_after_action": [
            {
              "id": 0,
              "amount": 10,
              "eligible_players": [
                3194559552,
                1842745788
              ]
            },
            {
              "id": 1,
              "amount": 5,
              "eligible_players": [
                1842745788
              ]
            },
            {
              "id": 2,
              "amount": 100,
              "eligible_players": [
                3194559552,
                1842745788
              ]
            }
          ]
        }
      ],
      "actionTimes": {
        "3194559551": 85,
        "1842745787": 44
      }
    }
  },
  "playerNames": {
    "1842745787": "player1842745788",
    "3194559551": "player3194559552"
  },
  "blinds": {
    "small": 5,
    "big": 10
  },
  "finalBoard": [
    "2d",
    "8s",
    "5c",
    "Kc"
  ],
  "sidePots": [
    {
      "amount": 0,
      "eligible_players": [
        1842745787
      ]
    }
  ],
  "playerMoney": {
    "initialAmount": 10000,
    "startingMoney": {
      "1842745788": 10010,
      "3194559552": 9990
    },
    "startingDelta": {
      "1842745788": 10,
      "3194559552": -10
    },
    "finalDelta": {
      "1842745788": 15,
      "3194559552": -15
    },
    "gameScores": {
      "1842745788": 5,
      "3194559552": -5
    },
    "finalMoney": {
      "1842745788": 10015,
      "3194559552": 9985
    },
    "thisGameDelta": {
      "1842745788": 5,
      "3194559552": -5
    }
  },
  "playerHands": {
    "1842745787": [
      "Qc",
      "7h"
    ],
    "3194559551": [
      "Tc",
      "Kh"
    ]
  },
  "usernameMapping": {
    "default": 1842745788,
    "client_container_6532_test_client_test_openai_o3_pro_iter_1_20250831_182154_iter1": 3194559552
  },
  "playerIdToUsername": {
    "1842745788": "default",
    "3194559552": "client_container_6532_test_client_test_openai_o3_pro_iter_1_20250831_182154_iter1"
  }
}