{
  "gameId": "9d95d174-8f54-4816-aa56-cee0d12afd89",
  "rounds": {
    "0": {
      "pot": 15,
      "bets": {
        "3351410134": 5,
        "1406907063": 10
      },
      "actions": {
        "3351410134": "RAISE",
        "1406907063": "RAISE"
      },
      "action_sequence": [
        {
          "player": 3351410134,
          "action": "RAISE",
          "amount": 5,
          "timestamp": 1758171904492,
          "pot_after_action": 5,
          "side_pots_after_action": [
            {
              "amount": 5,
              "eligible_players": [
                1406907064,
                3351410135
              ]
            }
          ],
          "total_pot_after_action": 5,
          "total_side_pots_after_action": [
            {
              "id": 0,
              "amount": 5,
              "eligible_players": [
                1406907064,
                3351410135
              ]
            }
          ]
        },
        {
          "player": 1406907063,
          "action": "RAISE",
          "amount": 10,
          "timestamp": 1758171904492,
          "pot_after_action": 15,
          "side_pots_after_action": [
            {
              "amount": 10,
              "eligible_players": [
                1406907064,
                3351410135
              ]
            },
            {
              "amount": 5,
              "eligible_players": [
                1406907064
              ]
            }
          ],
          "total_pot_after_action": 15,
          "total_side_pots_after_action": [
            {
              "id": 0,
              "amount": 10,
              "eligible_players": [
                1406907064,
                3351410135
              ]
            },
            {
              "id": 1,
              "amount": 5,
              "eligible_players": [
                1406907064
              ]
            }
          ]
        }
      ],
      "actionTimes": {}
    },
    "1": {
      "pot": 200,
      "bets": {
        "3351410134": 100,
        "1406907063": 100
      },
      "actions": {
        "3351410134": "RAISE",
        "1406907063": "CALL"
      },
      "action_sequence": [
        {
          "player": 3351410134,
          "action": "RAISE",
          "amount": 100,
          "timestamp": 1758171904495,
          "pot_after_action": 100,
          "side_pots_after_action": [
            {
              "amount": 100,
              "eligible_players": [
                1406907064,
                3351410135
              ]
            }
          ],
          "total_pot_after_action": 115,
          "total_side_pots_after_action": [
            {
              "id": 0,
              "amount": 10,
              "eligible_players": [
                1406907064,
                3351410135
              ]
            },
            {
              "id": 1,
              "amount": 5,
              "eligible_players": [
                1406907064
              ]
            },
            {
              "id": 2,
              "amount": 100,
              "eligible_players": [
                1406907064,
                3351410135
              ]
            }
          ]
        },
        {
          "player": 1406907063,
          "action": "CALL",
          "amount": 100,
          "timestamp": 1758171904550,
          "pot_after_action": 200,
          "side_pots_after_action": [
            {
              "amount": 200,
              "eligible_players": [
                1406907064,
                3351410135
              ]
            }
          ],
          "total_pot_after_action": 215,
          "total_side_pots_after_action": [
            {
              "id": 0,
              "amount": 10,
              "eligible_players": [
                1406907064,
                3351410135
              ]
            },
            {
              "id": 1,
              "amount": 5,
              "eligible_players": [
                1406907064
              ]
            },
            {
              "id": 2,
              "amount": 200,
              "eligible_players": [
                1406907064,
                3351410135
              ]
            }
          ]
        }
      ],
      "actionTimes": {
        "3351410134": 4,
        "1406907063": 59
      }
    },
    "2": {
      "pot": 0,
      "bets": {
        "3351410134": 0,
        "1406907063": 0
      },
      "actions": {
        "3351410134": "CHECK",
        "1406907063": "CHECK"
      },
      "action_sequence": [
        {
          "player": 3351410134,
          "action": "CHECK",
          "amount": 0,
          "timestamp": 1758171904552,
          "pot_after_action": 0,
          "side_pots_after_action": [
            {
              "amount": 0,
              "eligible_players": [
                1406907064,
                3351410135
              ]
            }
          ],
          "total_pot_after_action": 215,
          "total_side_pots_after_action": [
            {
              "id": 0,
              "amount": 10,
              "eligible_players": [
                1406907064,
                3351410135
              ]
            },
            {
              "id": 1,
              "amount": 5,
              "eligible_players": [
                1406907064
              ]
            },
            {
              "id": 2,
              "amount": 200,
              "eligible_players": [
                1406907064,
                3351410135
              ]
            },
            {
              "id": 3,
              "amount": 0,
              "eligible_players": [
                1406907064,
                3351410135
              ]
            }
          ]
        },
        {
          "player": 1406907063,
          "action": "CHECK",
          "amount": 0,
          "timestamp": 1758171904603,
          "pot_after_action": 0,
          "side_pots_after_action": [
            {
              "amount": 0,
              "eligible_players": [
                1406907064,
                3351410135
              ]
            }
          ],
          "total_pot_after_action": 215,
          "total_side_pots_after_action": [
            {
              "id": 0,
              "amount": 10,
              "eligible_players": [
                1406907064,
                3351410135
              ]
            },
            {
              "id": 1,
              "amount": 5,
              "eligible_players": [
                1406907064
              ]
            },
            {
              "id": 2,
              "amount": 200,
              "eligible_players": [
                1406907064,
                3351410135
              ]
            },
            {
              "id": 3,
              "amount": 0,
              "eligible_players": [
                1406907064,
                3351410135
              ]
            }
          ]
        }
      ],
      "actionTimes": {
        "3351410134": 61,
        "1406907063": 112
      }
    },
    "3": {
      "pot": 0,
      "bets": {
        "3351410134": 0,
        "1406907063": 0
      },
      "actions": {
        "3351410134": "CHECK",
        "1406907063": "CHECK"
      },
      "action_sequence": [
        {
          "player": 3351410134,
          "action": "CHECK",
          "amount": 0,
          "timestamp": 1758171904605,
          "pot_after_action": 0,
          "side_pots_after_action": [
            {
              "amount": 0,
              "eligible_players": [
                1406907064,
                3351410135
              ]
            }
          ],
          "total_pot_after_action": 215,
          "total_side_pots_after_action": [
            {
              "id": 0,
              "amount": 10,
              "eligible_players": [
                1406907064,
                3351410135
              ]
            },
            {
              "id": 1,
              "amount": 5,
              "eligible_players": [
                1406907064
              ]
            },
            {
              "id": 2,
              "amount": 200,
              "eligible_players": [
                1406907064,
                3351410135
              ]
            },
            {
              "id": 3,
              "amount": 0,
              "eligible_players": [
                1406907064,
                3351410135
              ]
            },
            {
              "id": 4,
              "amount": 0,
              "eligible_players": [
                1406907064,
                3351410135
              ]
            }
          ]
        },
        {
          "player": 1406907063,
          "action": "CHECK",
          "amount": 0,
          "timestamp": 1758171904656,
          "pot_after_action": 0,
          "side_pots_after_action": [
            {
              "amount": 0,
              "eligible_players": [
                1406907064,
                3351410135
              ]
            }
          ],
          "total_pot_after_action": 215,
          "total_side_pots_after_action": [
            {
              "id": 0,
              "amount": 10,
              "eligible_players": [
                1406907064,
                3351410135
              ]
            },
            {
              "id": 1,
              "amount": 5,
              "eligible_players": [
                1406907064
              ]
            },
            {
              "id": 2,
              "amount": 200,
              "eligible_players": [
                1406907064,
                3351410135
              ]
            },
            {
              "id": 3,
              "amount": 0,
              "eligible_players": [
                1406907064,
                3351410135
              ]
            },
            {
              "id": 4,
              "amount": 0,
              "eligible_players": [
                1406907064,
                3351410135
              ]
            }
          ]
        }
      ],
      "actionTimes": {
        "3351410134": 114,
        "1406907063": 165
      }
    }
  },
  "playerNames": {
    "3351410134": "player3351410135",
    "1406907063": "player1406907064"
  },
  "blinds": {
    "small": 5,
    "big": 10
  },
  "finalBoard": [
    "2c",
    "6c",
    "7h",
    "5d",
    "Qd"
  ],
  "sidePots": [
    {
      "amount": 0,
      "eligible_players": [
        1406907063,
        3351410134
      ]
    }
  ],
  "playerMoney": {
    "initialAmount": 10000,
    "startingMoney": {
      "3351410135": 10030,
      "1406907064": 9970
    },
    "startingDelta": {
      "3351410135": 30,
      "1406907064": -30
    },
    "finalDelta": {
      "3351410135": -75,
      "1406907064": 75
    },
    "gameScores": {
      "3351410135": -105,
      "1406907064": 105
    },
    "finalMoney": {
      "3351410135": 9925,
      "1406907064": 10075
    },
    "thisGameDelta": {
      "3351410135": -105,
      "1406907064": 105
    }
  },
  "playerHands": {
    "3351410134": [
      "Tc",
      "4s"
    ],
    "1406907063": [
      "Kh",
      "6d"
    ]
  },
  "usernameMapping": {
    "default": 3351410135,
    "client_container_6730_test_client_test_x_ai_grok_4_iter_5_20250917_220458_iter5": 1406907064
  },
  "playerIdToUsername": {
    "3351410135": "default",
    "1406907064": "client_container_6730_test_client_test_x_ai_grok_4_iter_5_20250917_220458_iter5"
  }
}