{
  "gameId": "9d95d174-8f54-4816-aa56-cee0d12afd89",
  "rounds": {
    "0": {
      "pot": 15,
      "bets": {
        "3351410134": 10,
        "1406907063": 5
      },
      "actions": {
        "1406907063": "RAISE",
        "3351410134": "RAISE"
      },
      "action_sequence": [
        {
          "player": 1406907063,
          "action": "RAISE",
          "amount": 5,
          "timestamp": 1758171904959,
          "pot_after_action": 5,
          "side_pots_after_action": [
            {
              "amount": 5,
              "eligible_players": [
                1406907064,
                3351410135
              ]
            }
          ],
          "total_pot_after_action": 5,
          "total_side_pots_after_action": [
            {
              "id": 0,
              "amount": 5,
              "eligible_players": [
                1406907064,
                3351410135
              ]
            }
          ]
        },
        {
          "player": 3351410134,
          "action": "RAISE",
          "amount": 10,
          "timestamp": 1758171904959,
          "pot_after_action": 15,
          "side_pots_after_action": [
            {
              "amount": 10,
              "eligible_players": [
                1406907064,
                3351410135
              ]
            },
            {
              "amount": 5,
              "eligible_players": [
                3351410135
              ]
            }
          ],
          "total_pot_after_action": 15,
          "total_side_pots_after_action": [
            {
              "id": 0,
              "amount": 10,
              "eligible_players": [
                1406907064,
                3351410135
              ]
            },
            {
              "id": 1,
              "amount": 5,
              "eligible_players": [
                3351410135
              ]
            }
          ]
        }
      ],
      "actionTimes": {}
    },
    "1": {
      "pot": 100,
      "bets": {
        "3351410134": 100,
        "1406907063": 0
      },
      "actions": {
        "1406907063": "FOLD",
        "3351410134": "RAISE"
      },
      "action_sequence": [
        {
          "player": 1406907063,
          "action": "CHECK",
          "amount": 0,
          "timestamp": 1758171905012,
          "pot_after_action": 0,
          "side_pots_after_action": [
            {
              "amount": 0,
              "eligible_players": [
                1406907064,
                3351410135
              ]
            }
          ],
          "total_pot_after_action": 15,
          "total_side_pots_after_action": [
            {
              "id": 0,
              "amount": 10,
              "eligible_players": [
                1406907064,
                3351410135
              ]
            },
            {
              "id": 1,
              "amount": 5,
              "eligible_players": [
                3351410135
              ]
            },
            {
              "id": 2,
              "amount": 0,
              "eligible_players": [
                1406907064,
                3351410135
              ]
            }
          ]
        },
        {
          "player": 3351410134,
          "action": "RAISE",
          "amount": 100,
          "timestamp": 1758171905012,
          "pot_after_action": 100,
          "side_pots_after_action": [
            {
              "amount": 100,
              "eligible_players": [
                1406907064,
                3351410135
              ]
            }
          ],
          "total_pot_after_action": 115,
          "total_side_pots_after_action": [
            {
              "id": 0,
              "amount": 10,
              "eligible_players": [
                1406907064,
                3351410135
              ]
            },
            {
              "id": 1,
              "amount": 5,
              "eligible_players": [
                3351410135
              ]
            },
            {
              "id": 2,
              "amount": 100,
              "eligible_players": [
                1406907064,
                3351410135
              ]
            }
          ]
        },
        {
          "player": 1406907063,
          "action": "FOLD",
          "amount": 0,
          "timestamp": 1758171905063,
          "pot_after_action": 100,
          "side_pots_after_action": [
            {
              "amount": 100,
              "eligible_players": [
                1406907064,
                3351410135
              ]
            }
          ],
          "total_pot_after_action": 115,
          "total_side_pots_after_action": [
            {
              "id": 0,
              "amount": 10,
              "eligible_players": [
                1406907064,
                3351410135
              ]
            },
            {
              "id": 1,
              "amount": 5,
              "eligible_players": [
                3351410135
              ]
            },
            {
              "id": 2,
              "amount": 100,
              "eligible_players": [
                1406907064,
                3351410135
              ]
            }
          ]
        }
      ],
      "actionTimes": {
        "1406907063": 105,
        "3351410134": 54
      }
    }
  },
  "playerNames": {
    "3351410134": "player3351410135",
    "1406907063": "player1406907064"
  },
  "blinds": {
    "small": 5,
    "big": 10
  },
  "finalBoard": [
    "Tc",
    "Jc",
    "7s",
    "Jh"
  ],
  "sidePots": [
    {
      "amount": 0,
      "eligible_players": [
        3351410134
      ]
    }
  ],
  "playerMoney": {
    "initialAmount": 10000,
    "startingMoney": {
      "3351410135": 9825,
      "1406907064": 10175
    },
    "startingDelta": {
      "3351410135": -175,
      "1406907064": 175
    },
    "finalDelta": {
      "3351410135": -170,
      "1406907064": 170
    },
    "gameScores": {
      "3351410135": 5,
      "1406907064": -5
    },
    "finalMoney": {
      "3351410135": 9830,
      "1406907064": 10170
    },
    "thisGameDelta": {
      "3351410135": 5,
      "1406907064": -5
    }
  },
  "playerHands": {
    "3351410134": [
      "9c",
      "5h"
    ],
    "1406907063": [
      "9h",
      "4d"
    ]
  },
  "usernameMapping": {
    "default": 3351410135,
    "client_container_6730_test_client_test_x_ai_grok_4_iter_5_20250917_220458_iter5": 1406907064
  },
  "playerIdToUsername": {
    "3351410135": "default",
    "1406907064": "client_container_6730_test_client_test_x_ai_grok_4_iter_5_20250917_220458_iter5"
  }
}