{
  "gameId": "50770765-e9b5-4990-8f57-25082a7fcb77",
  "rounds": {
    "0": {
      "pot": 15,
      "bets": {
        "2972519763": 5,
        "2868856177": 10
      },
      "actions": {
        "2972519763": "RAISE",
        "2868856177": "RAISE"
      },
      "action_sequence": [
        {
          "player": 2972519763,
          "action": "RAISE",
          "amount": 5,
          "timestamp": 1757865925207,
          "pot_after_action": 5,
          "side_pots_after_action": [
            {
              "amount": 5,
              "eligible_players": [
                2868856178,
                2972519764
              ]
            }
          ],
          "total_pot_after_action": 5,
          "total_side_pots_after_action": [
            {
              "id": 0,
              "amount": 5,
              "eligible_players": [
                2868856178,
                2972519764
              ]
            }
          ]
        },
        {
          "player": 2868856177,
          "action": "RAISE",
          "amount": 10,
          "timestamp": 1757865925207,
          "pot_after_action": 15,
          "side_pots_after_action": [
            {
              "amount": 10,
              "eligible_players": [
                2868856178,
                2972519764
              ]
            },
            {
              "amount": 5,
              "eligible_players": [
                2868856178
              ]
            }
          ],
          "total_pot_after_action": 15,
          "total_side_pots_after_action": [
            {
              "id": 0,
              "amount": 10,
              "eligible_players": [
                2868856178,
                2972519764
              ]
            },
            {
              "id": 1,
              "amount": 5,
              "eligible_players": [
                2868856178
              ]
            }
          ]
        }
      ],
      "actionTimes": {}
    },
    "1": {
      "pot": 100,
      "bets": {
        "2972519763": 100,
        "2868856177": 0
      },
      "actions": {
        "2972519763": "RAISE",
        "2868856177": "FOLD"
      },
      "action_sequence": [
        {
          "player": 2972519763,
          "action": "RAISE",
          "amount": 100,
          "timestamp": 1757865925211,
          "pot_after_action": 100,
          "side_pots_after_action": [
            {
              "amount": 100,
              "eligible_players": [
                2868856178,
                2972519764
              ]
            }
          ],
          "total_pot_after_action": 115,
          "total_side_pots_after_action": [
            {
              "id": 0,
              "amount": 10,
              "eligible_players": [
                2868856178,
                2972519764
              ]
            },
            {
              "id": 1,
              "amount": 5,
              "eligible_players": [
                2868856178
              ]
            },
            {
              "id": 2,
              "amount": 100,
              "eligible_players": [
                2868856178,
                2972519764
              ]
            }
          ]
        },
        {
          "player": 2868856177,
          "action": "FOLD",
          "amount": 0,
          "timestamp": 1757865925253,
          "pot_after_action": 100,
          "side_pots_after_action": [
            {
              "amount": 100,
              "eligible_players": [
                2868856178,
                2972519764
              ]
            }
          ],
          "total_pot_after_action": 115,
          "total_side_pots_after_action": [
            {
              "id": 0,
              "amount": 10,
              "eligible_players": [
                2868856178,
                2972519764
              ]
            },
            {
              "id": 1,
              "amount": 5,
              "eligible_players": [
                2868856178
              ]
            },
            {
              "id": 2,
              "amount": 100,
              "eligible_players": [
                2868856178,
                2972519764
              ]
            }
          ]
        }
      ],
      "actionTimes": {
        "2972519763": 4,
        "2868856177": 46
      }
    }
  },
  "playerNames": {
    "2972519763": "player2972519764",
    "2868856177": "player2868856178"
  },
  "blinds": {
    "small": 5,
    "big": 10
  },
  "finalBoard": [
    "8c",
    "As",
    "7h",
    "Kd"
  ],
  "sidePots": [
    {
      "amount": 0,
      "eligible_players": [
        2972519763
      ]
    }
  ],
  "playerMoney": {
    "initialAmount": 10000,
    "startingMoney": {
      "2972519764": 10030,
      "2868856178": 9970
    },
    "startingDelta": {
      "2972519764": 30,
      "2868856178": -30
    },
    "finalDelta": {
      "2972519764": 40,
      "2868856178": -40
    },
    "gameScores": {
      "2972519764": 10,
      "2868856178": -10
    },
    "finalMoney": {
      "2972519764": 10040,
      "2868856178": 9960
    },
    "thisGameDelta": {
      "2972519764": 10,
      "2868856178": -10
    }
  },
  "playerHands": {
    "2972519763": [
      "9d",
      "4c"
    ],
    "2868856177": [
      "3d",
      "Js"
    ]
  },
  "usernameMapping": {
    "default": 2972519764,
    "client_container_5320_test_client_test_openai_o3_pro_iter_1_20250914_120518_iter1": 2868856178
  },
  "playerIdToUsername": {
    "2972519764": "default",
    "2868856178": "client_container_5320_test_client_test_openai_o3_pro_iter_1_20250914_120518_iter1"
  }
}