{
  "gameId": "50770765-e9b5-4990-8f57-25082a7fcb77",
  "rounds": {
    "0": {
      "pot": 15,
      "bets": {
        "2972519763": 10,
        "2868856177": 5
      },
      "actions": {
        "2868856177": "RAISE",
        "2972519763": "RAISE"
      },
      "action_sequence": [
        {
          "player": 2868856177,
          "action": "RAISE",
          "amount": 5,
          "timestamp": 1757865925033,
          "pot_after_action": 5,
          "side_pots_after_action": [
            {
              "amount": 5,
              "eligible_players": [
                2868856178,
                2972519764
              ]
            }
          ],
          "total_pot_after_action": 5,
          "total_side_pots_after_action": [
            {
              "id": 0,
              "amount": 5,
              "eligible_players": [
                2868856178,
                2972519764
              ]
            }
          ]
        },
        {
          "player": 2972519763,
          "action": "RAISE",
          "amount": 10,
          "timestamp": 1757865925033,
          "pot_after_action": 15,
          "side_pots_after_action": [
            {
              "amount": 10,
              "eligible_players": [
                2868856178,
                2972519764
              ]
            },
            {
              "amount": 5,
              "eligible_players": [
                2972519764
              ]
            }
          ],
          "total_pot_after_action": 15,
          "total_side_pots_after_action": [
            {
              "id": 0,
              "amount": 10,
              "eligible_players": [
                2868856178,
                2972519764
              ]
            },
            {
              "id": 1,
              "amount": 5,
              "eligible_players": [
                2972519764
              ]
            }
          ]
        }
      ],
      "actionTimes": {}
    },
    "1": {
      "pot": 100,
      "bets": {
        "2972519763": 100,
        "2868856177": 0
      },
      "actions": {
        "2868856177": "FOLD",
        "2972519763": "RAISE"
      },
      "action_sequence": [
        {
          "player": 2868856177,
          "action": "CHECK",
          "amount": 0,
          "timestamp": 1757865925075,
          "pot_after_action": 0,
          "side_pots_after_action": [
            {
              "amount": 0,
              "eligible_players": [
                2868856178,
                2972519764
              ]
            }
          ],
          "total_pot_after_action": 15,
          "total_side_pots_after_action": [
            {
              "id": 0,
              "amount": 10,
              "eligible_players": [
                2868856178,
                2972519764
              ]
            },
            {
              "id": 1,
              "amount": 5,
              "eligible_players": [
                2972519764
              ]
            },
            {
              "id": 2,
              "amount": 0,
              "eligible_players": [
                2868856178,
                2972519764
              ]
            }
          ]
        },
        {
          "player": 2972519763,
          "action": "RAISE",
          "amount": 100,
          "timestamp": 1757865925076,
          "pot_after_action": 100,
          "side_pots_after_action": [
            {
              "amount": 100,
              "eligible_players": [
                2868856178,
                2972519764
              ]
            }
          ],
          "total_pot_after_action": 115,
          "total_side_pots_after_action": [
            {
              "id": 0,
              "amount": 10,
              "eligible_players": [
                2868856178,
                2972519764
              ]
            },
            {
              "id": 1,
              "amount": 5,
              "eligible_players": [
                2972519764
              ]
            },
            {
              "id": 2,
              "amount": 100,
              "eligible_players": [
                2868856178,
                2972519764
              ]
            }
          ]
        },
        {
          "player": 2868856177,
          "action": "FOLD",
          "amount": 0,
          "timestamp": 1757865925118,
          "pot_after_action": 100,
          "side_pots_after_action": [
            {
              "amount": 100,
              "eligible_players": [
                2868856178,
                2972519764
              ]
            }
          ],
          "total_pot_after_action": 115,
          "total_side_pots_after_action": [
            {
              "id": 0,
              "amount": 10,
              "eligible_players": [
                2868856178,
                2972519764
              ]
            },
            {
              "id": 1,
              "amount": 5,
              "eligible_players": [
                2972519764
              ]
            },
            {
              "id": 2,
              "amount": 100,
              "eligible_players": [
                2868856178,
                2972519764
              ]
            }
          ]
        }
      ],
      "actionTimes": {
        "2868856177": 86,
        "2972519763": 44
      }
    }
  },
  "playerNames": {
    "2972519763": "player2972519764",
    "2868856177": "player2868856178"
  },
  "blinds": {
    "small": 5,
    "big": 10
  },
  "finalBoard": [
    "Js",
    "Jc",
    "4c",
    "4d"
  ],
  "sidePots": [
    {
      "amount": 0,
      "eligible_players": [
        2972519763
      ]
    }
  ],
  "playerMoney": {
    "initialAmount": 10000,
    "startingMoney": {
      "2972519764": 10010,
      "2868856178": 9990
    },
    "startingDelta": {
      "2972519764": 10,
      "2868856178": -10
    },
    "finalDelta": {
      "2972519764": 15,
      "2868856178": -15
    },
    "gameScores": {
      "2972519764": 5,
      "2868856178": -5
    },
    "finalMoney": {
      "2972519764": 10015,
      "2868856178": 9985
    },
    "thisGameDelta": {
      "2972519764": 5,
      "2868856178": -5
    }
  },
  "playerHands": {
    "2972519763": [
      "3h",
      "As"
    ],
    "2868856177": [
      "6h",
      "Td"
    ]
  },
  "usernameMapping": {
    "default": 2972519764,
    "client_container_5320_test_client_test_openai_o3_pro_iter_1_20250914_120518_iter1": 2868856178
  },
  "playerIdToUsername": {
    "2972519764": "default",
    "2868856178": "client_container_5320_test_client_test_openai_o3_pro_iter_1_20250914_120518_iter1"
  }
}