{
  "gameId": "35944361-c9ac-46af-877f-f8135b8cd7d2",
  "rounds": {
    "0": {
      "pot": 15,
      "bets": {
        "3854993544": 10,
        "911187364": 5
      },
      "actions": {
        "911187364": "RAISE",
        "3854993544": "RAISE"
      },
      "action_sequence": [
        {
          "player": 911187364,
          "action": "RAISE",
          "amount": 5,
          "timestamp": 1756691772062,
          "pot_after_action": 5,
          "side_pots_after_action": [
            {
              "amount": 5,
              "eligible_players": [
                3854993545,
                911187365
              ]
            }
          ],
          "total_pot_after_action": 5,
          "total_side_pots_after_action": [
            {
              "id": 0,
              "amount": 5,
              "eligible_players": [
                3854993545,
                911187365
              ]
            }
          ]
        },
        {
          "player": 3854993544,
          "action": "RAISE",
          "amount": 10,
          "timestamp": 1756691772062,
          "pot_after_action": 15,
          "side_pots_after_action": [
            {
              "amount": 10,
              "eligible_players": [
                3854993545,
                911187365
              ]
            },
            {
              "amount": 5,
              "eligible_players": [
                3854993545
              ]
            }
          ],
          "total_pot_after_action": 15,
          "total_side_pots_after_action": [
            {
              "id": 0,
              "amount": 10,
              "eligible_players": [
                3854993545,
                911187365
              ]
            },
            {
              "id": 1,
              "amount": 5,
              "eligible_players": [
                3854993545
              ]
            }
          ]
        }
      ],
      "actionTimes": {}
    },
    "1": {
      "pot": 200,
      "bets": {
        "3854993544": 100,
        "911187364": 100
      },
      "actions": {
        "911187364": "CALL",
        "3854993544": "RAISE"
      },
      "action_sequence": [
        {
          "player": 911187364,
          "action": "CHECK",
          "amount": 0,
          "timestamp": 1756691772073,
          "pot_after_action": 0,
          "side_pots_after_action": [
            {
              "amount": 0,
              "eligible_players": [
                3854993545,
                911187365
              ]
            }
          ],
          "total_pot_after_action": 15,
          "total_side_pots_after_action": [
            {
              "id": 0,
              "amount": 10,
              "eligible_players": [
                3854993545,
                911187365
              ]
            },
            {
              "id": 1,
              "amount": 5,
              "eligible_players": [
                3854993545
              ]
            },
            {
              "id": 2,
              "amount": 0,
              "eligible_players": [
                3854993545,
                911187365
              ]
            }
          ]
        },
        {
          "player": 3854993544,
          "action": "RAISE",
          "amount": 100,
          "timestamp": 1756691772110,
          "pot_after_action": 100,
          "side_pots_after_action": [
            {
              "amount": 100,
              "eligible_players": [
                3854993545,
                911187365
              ]
            }
          ],
          "total_pot_after_action": 115,
          "total_side_pots_after_action": [
            {
              "id": 0,
              "amount": 10,
              "eligible_players": [
                3854993545,
                911187365
              ]
            },
            {
              "id": 1,
              "amount": 5,
              "eligible_players": [
                3854993545
              ]
            },
            {
              "id": 2,
              "amount": 100,
              "eligible_players": [
                3854993545,
                911187365
              ]
            }
          ]
        },
        {
          "player": 911187364,
          "action": "CALL",
          "amount": 100,
          "timestamp": 1756691772116,
          "pot_after_action": 200,
          "side_pots_after_action": [
            {
              "amount": 200,
              "eligible_players": [
                3854993545,
                911187365
              ]
            }
          ],
          "total_pot_after_action": 215,
          "total_side_pots_after_action": [
            {
              "id": 0,
              "amount": 10,
              "eligible_players": [
                3854993545,
                911187365
              ]
            },
            {
              "id": 1,
              "amount": 5,
              "eligible_players": [
                3854993545
              ]
            },
            {
              "id": 2,
              "amount": 200,
              "eligible_players": [
                3854993545,
                911187365
              ]
            }
          ]
        }
      ],
      "actionTimes": {
        "911187364": 55,
        "3854993544": 49
      }
    },
    "2": {
      "pot": 0,
      "bets": {
        "3854993544": 0,
        "911187364": 0
      },
      "actions": {
        "911187364": "CHECK",
        "3854993544": "CHECK"
      },
      "action_sequence": [
        {
          "player": 911187364,
          "action": "CHECK",
          "amount": 0,
          "timestamp": 1756691772162,
          "pot_after_action": 0,
          "side_pots_after_action": [
            {
              "amount": 0,
              "eligible_players": [
                3854993545,
                911187365
              ]
            }
          ],
          "total_pot_after_action": 215,
          "total_side_pots_after_action": [
            {
              "id": 0,
              "amount": 10,
              "eligible_players": [
                3854993545,
                911187365
              ]
            },
            {
              "id": 1,
              "amount": 5,
              "eligible_players": [
                3854993545
              ]
            },
            {
              "id": 2,
              "amount": 200,
              "eligible_players": [
                3854993545,
                911187365
              ]
            },
            {
              "id": 3,
              "amount": 0,
              "eligible_players": [
                3854993545,
                911187365
              ]
            }
          ]
        },
        {
          "player": 3854993544,
          "action": "CHECK",
          "amount": 0,
          "timestamp": 1756691772164,
          "pot_after_action": 0,
          "side_pots_after_action": [
            {
              "amount": 0,
              "eligible_players": [
                3854993545,
                911187365
              ]
            }
          ],
          "total_pot_after_action": 215,
          "total_side_pots_after_action": [
            {
              "id": 0,
              "amount": 10,
              "eligible_players": [
                3854993545,
                911187365
              ]
            },
            {
              "id": 1,
              "amount": 5,
              "eligible_players": [
                3854993545
              ]
            },
            {
              "id": 2,
              "amount": 200,
              "eligible_players": [
                3854993545,
                911187365
              ]
            },
            {
              "id": 3,
              "amount": 0,
              "eligible_players": [
                3854993545,
                911187365
              ]
            }
          ]
        }
      ],
      "actionTimes": {
        "911187364": 101,
        "3854993544": 103
      }
    },
    "3": {
      "pot": 0,
      "bets": {
        "3854993544": 0,
        "911187364": 0
      },
      "actions": {
        "911187364": "CHECK",
        "3854993544": "CHECK"
      },
      "action_sequence": [
        {
          "player": 911187364,
          "action": "CHECK",
          "amount": 0,
          "timestamp": 1756691772208,
          "pot_after_action": 0,
          "side_pots_after_action": [
            {
              "amount": 0,
              "eligible_players": [
                3854993545,
                911187365
              ]
            }
          ],
          "total_pot_after_action": 215,
          "total_side_pots_after_action": [
            {
              "id": 0,
              "amount": 10,
              "eligible_players": [
                3854993545,
                911187365
              ]
            },
            {
              "id": 1,
              "amount": 5,
              "eligible_players": [
                3854993545
              ]
            },
            {
              "id": 2,
              "amount": 200,
              "eligible_players": [
                3854993545,
                911187365
              ]
            },
            {
              "id": 3,
              "amount": 0,
              "eligible_players": [
                3854993545,
                911187365
              ]
            },
            {
              "id": 4,
              "amount": 0,
              "eligible_players": [
                3854993545,
                911187365
              ]
            }
          ]
        },
        {
          "player": 3854993544,
          "action": "CHECK",
          "amount": 0,
          "timestamp": 1756691772212,
          "pot_after_action": 0,
          "side_pots_after_action": [
            {
              "amount": 0,
              "eligible_players": [
                3854993545,
                911187365
              ]
            }
          ],
          "total_pot_after_action": 215,
          "total_side_pots_after_action": [
            {
              "id": 0,
              "amount": 10,
              "eligible_players": [
                3854993545,
                911187365
              ]
            },
            {
              "id": 1,
              "amount": 5,
              "eligible_players": [
                3854993545
              ]
            },
            {
              "id": 2,
              "amount": 200,
              "eligible_players": [
                3854993545,
                911187365
              ]
            },
            {
              "id": 3,
              "amount": 0,
              "eligible_players": [
                3854993545,
                911187365
              ]
            },
            {
              "id": 4,
              "amount": 0,
              "eligible_players": [
                3854993545,
                911187365
              ]
            }
          ]
        }
      ],
      "actionTimes": {
        "911187364": 147,
        "3854993544": 151
      }
    }
  },
  "playerNames": {
    "3854993544": "player3854993545",
    "911187364": "player911187365"
  },
  "blinds": {
    "small": 5,
    "big": 10
  },
  "finalBoard": [
    "Ah",
    "Qc",
    "As",
    "9s",
    "2c"
  ],
  "sidePots": [
    {
      "amount": 0,
      "eligible_players": [
        3854993544,
        911187364
      ]
    }
  ],
  "playerMoney": {
    "initialAmount": 10000,
    "startingMoney": {
      "3854993545": 10105,
      "911187365": 9895
    },
    "startingDelta": {
      "3854993545": 105,
      "911187365": -105
    },
    "finalDelta": {
      "3854993545": 210,
      "911187365": -210
    },
    "gameScores": {
      "3854993545": 105,
      "911187365": -105
    },
    "finalMoney": {
      "3854993545": 10210,
      "911187365": 9790
    },
    "thisGameDelta": {
      "3854993545": 105,
      "911187365": -105
    }
  },
  "playerHands": {
    "3854993544": [
      "Ts",
      "Td"
    ],
    "911187364": [
      "7s",
      "2s"
    ]
  },
  "usernameMapping": {
    "default": 3854993545,
    "client_container_5270_test_client_test_moonshotai_kimi_k2_iter_4_20250831_185604_iter4": 911187365
  },
  "playerIdToUsername": {
    "3854993545": "default",
    "911187365": "client_container_5270_test_client_test_moonshotai_kimi_k2_iter_4_20250831_185604_iter4"
  }
}