{
  "gameId": "35944361-c9ac-46af-877f-f8135b8cd7d2",
  "rounds": {
    "0": {
      "pot": 15,
      "bets": {
        "3854993544": 5,
        "911187364": 10
      },
      "actions": {
        "3854993544": "RAISE",
        "911187364": "RAISE"
      },
      "action_sequence": [
        {
          "player": 3854993544,
          "action": "RAISE",
          "amount": 5,
          "timestamp": 1756691771243,
          "pot_after_action": 5,
          "side_pots_after_action": [
            {
              "amount": 5,
              "eligible_players": [
                3854993545,
                911187365
              ]
            }
          ],
          "total_pot_after_action": 5,
          "total_side_pots_after_action": [
            {
              "id": 0,
              "amount": 5,
              "eligible_players": [
                3854993545,
                911187365
              ]
            }
          ]
        },
        {
          "player": 911187364,
          "action": "RAISE",
          "amount": 10,
          "timestamp": 1756691771243,
          "pot_after_action": 15,
          "side_pots_after_action": [
            {
              "amount": 10,
              "eligible_players": [
                3854993545,
                911187365
              ]
            },
            {
              "amount": 5,
              "eligible_players": [
                911187365
              ]
            }
          ],
          "total_pot_after_action": 15,
          "total_side_pots_after_action": [
            {
              "id": 0,
              "amount": 10,
              "eligible_players": [
                3854993545,
                911187365
              ]
            },
            {
              "id": 1,
              "amount": 5,
              "eligible_players": [
                911187365
              ]
            }
          ]
        }
      ],
      "actionTimes": {}
    },
    "1": {
      "pot": 200,
      "bets": {
        "3854993544": 100,
        "911187364": 100
      },
      "actions": {
        "3854993544": "RAISE",
        "911187364": "CALL"
      },
      "action_sequence": [
        {
          "player": 3854993544,
          "action": "RAISE",
          "amount": 100,
          "timestamp": 1756691771251,
          "pot_after_action": 100,
          "side_pots_after_action": [
            {
              "amount": 100,
              "eligible_players": [
                3854993545,
                911187365
              ]
            }
          ],
          "total_pot_after_action": 115,
          "total_side_pots_after_action": [
            {
              "id": 0,
              "amount": 10,
              "eligible_players": [
                3854993545,
                911187365
              ]
            },
            {
              "id": 1,
              "amount": 5,
              "eligible_players": [
                911187365
              ]
            },
            {
              "id": 2,
              "amount": 100,
              "eligible_players": [
                3854993545,
                911187365
              ]
            }
          ]
        },
        {
          "player": 911187364,
          "action": "CALL",
          "amount": 100,
          "timestamp": 1756691771290,
          "pot_after_action": 200,
          "side_pots_after_action": [
            {
              "amount": 200,
              "eligible_players": [
                3854993545,
                911187365
              ]
            }
          ],
          "total_pot_after_action": 215,
          "total_side_pots_after_action": [
            {
              "id": 0,
              "amount": 10,
              "eligible_players": [
                3854993545,
                911187365
              ]
            },
            {
              "id": 1,
              "amount": 5,
              "eligible_players": [
                911187365
              ]
            },
            {
              "id": 2,
              "amount": 200,
              "eligible_players": [
                3854993545,
                911187365
              ]
            }
          ]
        }
      ],
      "actionTimes": {
        "3854993544": 8,
        "911187364": 47
      }
    },
    "2": {
      "pot": 0,
      "bets": {
        "3854993544": 0,
        "911187364": 0
      },
      "actions": {
        "3854993544": "CHECK",
        "911187364": "CHECK"
      },
      "action_sequence": [
        {
          "player": 3854993544,
          "action": "CHECK",
          "amount": 0,
          "timestamp": 1756691771332,
          "pot_after_action": 0,
          "side_pots_after_action": [
            {
              "amount": 0,
              "eligible_players": [
                3854993545,
                911187365
              ]
            }
          ],
          "total_pot_after_action": 215,
          "total_side_pots_after_action": [
            {
              "id": 0,
              "amount": 10,
              "eligible_players": [
                3854993545,
                911187365
              ]
            },
            {
              "id": 1,
              "amount": 5,
              "eligible_players": [
                911187365
              ]
            },
            {
              "id": 2,
              "amount": 200,
              "eligible_players": [
                3854993545,
                911187365
              ]
            },
            {
              "id": 3,
              "amount": 0,
              "eligible_players": [
                3854993545,
                911187365
              ]
            }
          ]
        },
        {
          "player": 911187364,
          "action": "CHECK",
          "amount": 0,
          "timestamp": 1756691771334,
          "pot_after_action": 0,
          "side_pots_after_action": [
            {
              "amount": 0,
              "eligible_players": [
                3854993545,
                911187365
              ]
            }
          ],
          "total_pot_after_action": 215,
          "total_side_pots_after_action": [
            {
              "id": 0,
              "amount": 10,
              "eligible_players": [
                3854993545,
                911187365
              ]
            },
            {
              "id": 1,
              "amount": 5,
              "eligible_players": [
                911187365
              ]
            },
            {
              "id": 2,
              "amount": 200,
              "eligible_players": [
                3854993545,
                911187365
              ]
            },
            {
              "id": 3,
              "amount": 0,
              "eligible_players": [
                3854993545,
                911187365
              ]
            }
          ]
        }
      ],
      "actionTimes": {
        "3854993544": 89,
        "911187364": 91
      }
    },
    "3": {
      "pot": 0,
      "bets": {
        "3854993544": 0,
        "911187364": 0
      },
      "actions": {
        "3854993544": "CHECK",
        "911187364": "CHECK"
      },
      "action_sequence": [
        {
          "player": 3854993544,
          "action": "CHECK",
          "amount": 0,
          "timestamp": 1756691771376,
          "pot_after_action": 0,
          "side_pots_after_action": [
            {
              "amount": 0,
              "eligible_players": [
                3854993545,
                911187365
              ]
            }
          ],
          "total_pot_after_action": 215,
          "total_side_pots_after_action": [
            {
              "id": 0,
              "amount": 10,
              "eligible_players": [
                3854993545,
                911187365
              ]
            },
            {
              "id": 1,
              "amount": 5,
              "eligible_players": [
                911187365
              ]
            },
            {
              "id": 2,
              "amount": 200,
              "eligible_players": [
                3854993545,
                911187365
              ]
            },
            {
              "id": 3,
              "amount": 0,
              "eligible_players": [
                3854993545,
                911187365
              ]
            },
            {
              "id": 4,
              "amount": 0,
              "eligible_players": [
                3854993545,
                911187365
              ]
            }
          ]
        },
        {
          "player": 911187364,
          "action": "CHECK",
          "amount": 0,
          "timestamp": 1756691771378,
          "pot_after_action": 0,
          "side_pots_after_action": [
            {
              "amount": 0,
              "eligible_players": [
                3854993545,
                911187365
              ]
            }
          ],
          "total_pot_after_action": 215,
          "total_side_pots_after_action": [
            {
              "id": 0,
              "amount": 10,
              "eligible_players": [
                3854993545,
                911187365
              ]
            },
            {
              "id": 1,
              "amount": 5,
              "eligible_players": [
                911187365
              ]
            },
            {
              "id": 2,
              "amount": 200,
              "eligible_players": [
                3854993545,
                911187365
              ]
            },
            {
              "id": 3,
              "amount": 0,
              "eligible_players": [
                3854993545,
                911187365
              ]
            },
            {
              "id": 4,
              "amount": 0,
              "eligible_players": [
                3854993545,
                911187365
              ]
            }
          ]
        }
      ],
      "actionTimes": {
        "3854993544": 133,
        "911187364": 135
      }
    }
  },
  "playerNames": {
    "3854993544": "player3854993545",
    "911187364": "player911187365"
  },
  "blinds": {
    "small": 5,
    "big": 10
  },
  "finalBoard": [
    "6c",
    "3c",
    "Jc",
    "Th",
    "Js"
  ],
  "sidePots": [
    {
      "amount": 0,
      "eligible_players": [
        3854993544,
        911187364
      ]
    }
  ],
  "playerMoney": {
    "initialAmount": 10000,
    "startingMoney": {
      "3854993545": 10000,
      "911187365": 10000
    },
    "startingDelta": {
      "3854993545": 0,
      "911187365": 0
    },
    "finalDelta": {
      "3854993545": 105,
      "911187365": -105
    },
    "gameScores": {
      "3854993545": 105,
      "911187365": -105
    },
    "finalMoney": {
      "3854993545": 10105,
      "911187365": 9895
    },
    "thisGameDelta": {
      "3854993545": 105,
      "911187365": -105
    }
  },
  "playerHands": {
    "3854993544": [
      "Ts",
      "Kh"
    ],
    "911187364": [
      "7h",
      "Ah"
    ]
  },
  "usernameMapping": {
    "default": 3854993545,
    "client_container_5270_test_client_test_moonshotai_kimi_k2_iter_4_20250831_185604_iter4": 911187365
  },
  "playerIdToUsername": {
    "3854993545": "default",
    "911187365": "client_container_5270_test_client_test_moonshotai_kimi_k2_iter_4_20250831_185604_iter4"
  }
}