{
  "gameId": "b50d9be5-1c5d-4079-ace5-a28f559bb7cf",
  "rounds": {
    "0": {
      "pot": 15,
      "bets": {
        "3577193034": 10,
        "3029734944": 5
      },
      "actions": {
        "3029734944": "RAISE",
        "3577193034": "RAISE"
      },
      "action_sequence": [
        {
          "player": 3029734944,
          "action": "RAISE",
          "amount": 5,
          "timestamp": 1756712079242,
          "pot_after_action": 5,
          "side_pots_after_action": [
            {
              "amount": 5,
              "eligible_players": [
                3029734945,
                3577193035
              ]
            }
          ],
          "total_pot_after_action": 5,
          "total_side_pots_after_action": [
            {
              "id": 0,
              "amount": 5,
              "eligible_players": [
                3029734945,
                3577193035
              ]
            }
          ]
        },
        {
          "player": 3577193034,
          "action": "RAISE",
          "amount": 10,
          "timestamp": 1756712079242,
          "pot_after_action": 15,
          "side_pots_after_action": [
            {
              "amount": 10,
              "eligible_players": [
                3029734945,
                3577193035
              ]
            },
            {
              "amount": 5,
              "eligible_players": [
                3577193035
              ]
            }
          ],
          "total_pot_after_action": 15,
          "total_side_pots_after_action": [
            {
              "id": 0,
              "amount": 10,
              "eligible_players": [
                3029734945,
                3577193035
              ]
            },
            {
              "id": 1,
              "amount": 5,
              "eligible_players": [
                3577193035
              ]
            }
          ]
        }
      ],
      "actionTimes": {}
    },
    "1": {
      "pot": 100,
      "bets": {
        "3577193034": 100,
        "3029734944": 0
      },
      "actions": {
        "3029734944": "FOLD",
        "3577193034": "RAISE"
      },
      "action_sequence": [
        {
          "player": 3029734944,
          "action": "FOLD",
          "amount": 0,
          "timestamp": 1756712079285,
          "pot_after_action": 0,
          "side_pots_after_action": [
            {
              "amount": 0,
              "eligible_players": [
                3029734945,
                3577193035
              ]
            }
          ],
          "total_pot_after_action": 15,
          "total_side_pots_after_action": [
            {
              "id": 0,
              "amount": 10,
              "eligible_players": [
                3029734945,
                3577193035
              ]
            },
            {
              "id": 1,
              "amount": 5,
              "eligible_players": [
                3577193035
              ]
            },
            {
              "id": 2,
              "amount": 0,
              "eligible_players": [
                3029734945,
                3577193035
              ]
            }
          ]
        },
        {
          "player": 3577193034,
          "action": "RAISE",
          "amount": 100,
          "timestamp": 1756712079285,
          "pot_after_action": 100,
          "side_pots_after_action": [
            {
              "amount": 100,
              "eligible_players": [
                3029734945,
                3577193035
              ]
            }
          ],
          "total_pot_after_action": 115,
          "total_side_pots_after_action": [
            {
              "id": 0,
              "amount": 10,
              "eligible_players": [
                3029734945,
                3577193035
              ]
            },
            {
              "id": 1,
              "amount": 5,
              "eligible_players": [
                3577193035
              ]
            },
            {
              "id": 2,
              "amount": 100,
              "eligible_players": [
                3029734945,
                3577193035
              ]
            }
          ]
        }
      ],
      "actionTimes": {
        "3029734944": 43,
        "3577193034": 43
      }
    }
  },
  "playerNames": {
    "3577193034": "player3577193035",
    "3029734944": "player3029734945"
  },
  "blinds": {
    "small": 5,
    "big": 10
  },
  "finalBoard": [
    "Th",
    "Tc",
    "4c",
    "3h"
  ],
  "sidePots": [
    {
      "amount": 0,
      "eligible_players": [
        3577193034
      ]
    }
  ],
  "playerMoney": {
    "initialAmount": 10000,
    "startingMoney": {
      "3577193035": 10010,
      "3029734945": 9990
    },
    "startingDelta": {
      "3577193035": 10,
      "3029734945": -10
    },
    "finalDelta": {
      "3577193035": 15,
      "3029734945": -15
    },
    "gameScores": {
      "3577193035": 5,
      "3029734945": -5
    },
    "finalMoney": {
      "3577193035": 10015,
      "3029734945": 9985
    },
    "thisGameDelta": {
      "3577193035": 5,
      "3029734945": -5
    }
  },
  "playerHands": {
    "3577193034": [
      "9h",
      "Kc"
    ],
    "3029734944": [
      "Td",
      "8h"
    ]
  },
  "usernameMapping": {
    "default": 3577193035,
    "client_container_5757_test_client_test_x_ai_grok_4_iter_4_20250901_003433_iter4": 3029734945
  },
  "playerIdToUsername": {
    "3577193035": "default",
    "3029734945": "client_container_5757_test_client_test_x_ai_grok_4_iter_4_20250901_003433_iter4"
  }
}