{
  "gameId": "b50d9be5-1c5d-4079-ace5-a28f559bb7cf",
  "rounds": {
    "0": {
      "pot": 15,
      "bets": {
        "3577193034": 10,
        "3029734944": 5
      },
      "actions": {
        "3029734944": "RAISE",
        "3577193034": "RAISE"
      },
      "action_sequence": [
        {
          "player": 3029734944,
          "action": "RAISE",
          "amount": 5,
          "timestamp": 1756712079473,
          "pot_after_action": 5,
          "side_pots_after_action": [
            {
              "amount": 5,
              "eligible_players": [
                3029734945,
                3577193035
              ]
            }
          ],
          "total_pot_after_action": 5,
          "total_side_pots_after_action": [
            {
              "id": 0,
              "amount": 5,
              "eligible_players": [
                3029734945,
                3577193035
              ]
            }
          ]
        },
        {
          "player": 3577193034,
          "action": "RAISE",
          "amount": 10,
          "timestamp": 1756712079473,
          "pot_after_action": 15,
          "side_pots_after_action": [
            {
              "amount": 10,
              "eligible_players": [
                3029734945,
                3577193035
              ]
            },
            {
              "amount": 5,
              "eligible_players": [
                3577193035
              ]
            }
          ],
          "total_pot_after_action": 15,
          "total_side_pots_after_action": [
            {
              "id": 0,
              "amount": 10,
              "eligible_players": [
                3029734945,
                3577193035
              ]
            },
            {
              "id": 1,
              "amount": 5,
              "eligible_players": [
                3577193035
              ]
            }
          ]
        }
      ],
      "actionTimes": {}
    },
    "1": {
      "pot": 100,
      "bets": {
        "3577193034": 100,
        "3029734944": 0
      },
      "actions": {
        "3029734944": "FOLD",
        "3577193034": "RAISE"
      },
      "action_sequence": [
        {
          "player": 3029734944,
          "action": "CHECK",
          "amount": 0,
          "timestamp": 1756712079515,
          "pot_after_action": 0,
          "side_pots_after_action": [
            {
              "amount": 0,
              "eligible_players": [
                3029734945,
                3577193035
              ]
            }
          ],
          "total_pot_after_action": 15,
          "total_side_pots_after_action": [
            {
              "id": 0,
              "amount": 10,
              "eligible_players": [
                3029734945,
                3577193035
              ]
            },
            {
              "id": 1,
              "amount": 5,
              "eligible_players": [
                3577193035
              ]
            },
            {
              "id": 2,
              "amount": 0,
              "eligible_players": [
                3029734945,
                3577193035
              ]
            }
          ]
        },
        {
          "player": 3577193034,
          "action": "RAISE",
          "amount": 100,
          "timestamp": 1756712079516,
          "pot_after_action": 100,
          "side_pots_after_action": [
            {
              "amount": 100,
              "eligible_players": [
                3029734945,
                3577193035
              ]
            }
          ],
          "total_pot_after_action": 115,
          "total_side_pots_after_action": [
            {
              "id": 0,
              "amount": 10,
              "eligible_players": [
                3029734945,
                3577193035
              ]
            },
            {
              "id": 1,
              "amount": 5,
              "eligible_players": [
                3577193035
              ]
            },
            {
              "id": 2,
              "amount": 100,
              "eligible_players": [
                3029734945,
                3577193035
              ]
            }
          ]
        },
        {
          "player": 3029734944,
          "action": "FOLD",
          "amount": 0,
          "timestamp": 1756712079557,
          "pot_after_action": 100,
          "side_pots_after_action": [
            {
              "amount": 100,
              "eligible_players": [
                3029734945,
                3577193035
              ]
            }
          ],
          "total_pot_after_action": 115,
          "total_side_pots_after_action": [
            {
              "id": 0,
              "amount": 10,
              "eligible_players": [
                3029734945,
                3577193035
              ]
            },
            {
              "id": 1,
              "amount": 5,
              "eligible_players": [
                3577193035
              ]
            },
            {
              "id": 2,
              "amount": 100,
              "eligible_players": [
                3029734945,
                3577193035
              ]
            }
          ]
        }
      ],
      "actionTimes": {
        "3029734944": 85,
        "3577193034": 44
      }
    }
  },
  "playerNames": {
    "3577193034": "player3577193035",
    "3029734944": "player3029734945"
  },
  "blinds": {
    "small": 5,
    "big": 10
  },
  "finalBoard": [
    "Kh",
    "9s",
    "7d",
    "3c"
  ],
  "sidePots": [
    {
      "amount": 0,
      "eligible_players": [
        3577193034
      ]
    }
  ],
  "playerMoney": {
    "initialAmount": 10000,
    "startingMoney": {
      "3577193035": 10040,
      "3029734945": 9960
    },
    "startingDelta": {
      "3577193035": 40,
      "3029734945": -40
    },
    "finalDelta": {
      "3577193035": 45,
      "3029734945": -45
    },
    "gameScores": {
      "3577193035": 5,
      "3029734945": -5
    },
    "finalMoney": {
      "3577193035": 10045,
      "3029734945": 9955
    },
    "thisGameDelta": {
      "3577193035": 5,
      "3029734945": -5
    }
  },
  "playerHands": {
    "3577193034": [
      "Jd",
      "Kc"
    ],
    "3029734944": [
      "2d",
      "7s"
    ]
  },
  "usernameMapping": {
    "default": 3577193035,
    "client_container_5757_test_client_test_x_ai_grok_4_iter_4_20250901_003433_iter4": 3029734945
  },
  "playerIdToUsername": {
    "3577193035": "default",
    "3029734945": "client_container_5757_test_client_test_x_ai_grok_4_iter_4_20250901_003433_iter4"
  }
}