{
  "gameId": "4caa4697-f658-49aa-abc2-12ddef6f49ce",
  "rounds": {
    "0": {
      "pot": 15,
      "bets": {
        "1113308190": 10,
        "540692038": 5
      },
      "actions": {
        "540692038": "RAISE",
        "1113308190": "RAISE"
      },
      "action_sequence": [
        {
          "player": 540692038,
          "action": "RAISE",
          "amount": 5,
          "timestamp": 1756690681831,
          "pot_after_action": 5,
          "side_pots_after_action": [
            {
              "amount": 5,
              "eligible_players": [
                540692039,
                1113308191
              ]
            }
          ],
          "total_pot_after_action": 5,
          "total_side_pots_after_action": [
            {
              "id": 0,
              "amount": 5,
              "eligible_players": [
                540692039,
                1113308191
              ]
            }
          ]
        },
        {
          "player": 1113308190,
          "action": "RAISE",
          "amount": 10,
          "timestamp": 1756690681831,
          "pot_after_action": 15,
          "side_pots_after_action": [
            {
              "amount": 10,
              "eligible_players": [
                540692039,
                1113308191
              ]
            },
            {
              "amount": 5,
              "eligible_players": [
                1113308191
              ]
            }
          ],
          "total_pot_after_action": 15,
          "total_side_pots_after_action": [
            {
              "id": 0,
              "amount": 10,
              "eligible_players": [
                540692039,
                1113308191
              ]
            },
            {
              "id": 1,
              "amount": 5,
              "eligible_players": [
                1113308191
              ]
            }
          ]
        }
      ],
      "actionTimes": {}
    },
    "1": {
      "pot": 100,
      "bets": {
        "1113308190": 100,
        "540692038": 0
      },
      "actions": {
        "540692038": "FOLD",
        "1113308190": "RAISE"
      },
      "action_sequence": [
        {
          "player": 540692038,
          "action": "CHECK",
          "amount": 0,
          "timestamp": 1756690681837,
          "pot_after_action": 0,
          "side_pots_after_action": [
            {
              "amount": 0,
              "eligible_players": [
                540692039,
                1113308191
              ]
            }
          ],
          "total_pot_after_action": 15,
          "total_side_pots_after_action": [
            {
              "id": 0,
              "amount": 10,
              "eligible_players": [
                540692039,
                1113308191
              ]
            },
            {
              "id": 1,
              "amount": 5,
              "eligible_players": [
                1113308191
              ]
            },
            {
              "id": 2,
              "amount": 0,
              "eligible_players": [
                540692039,
                1113308191
              ]
            }
          ]
        },
        {
          "player": 1113308190,
          "action": "RAISE",
          "amount": 100,
          "timestamp": 1756690681838,
          "pot_after_action": 100,
          "side_pots_after_action": [
            {
              "amount": 100,
              "eligible_players": [
                540692039,
                1113308191
              ]
            }
          ],
          "total_pot_after_action": 115,
          "total_side_pots_after_action": [
            {
              "id": 0,
              "amount": 10,
              "eligible_players": [
                540692039,
                1113308191
              ]
            },
            {
              "id": 1,
              "amount": 5,
              "eligible_players": [
                1113308191
              ]
            },
            {
              "id": 2,
              "amount": 100,
              "eligible_players": [
                540692039,
                1113308191
              ]
            }
          ]
        },
        {
          "player": 540692038,
          "action": "FOLD",
          "amount": 0,
          "timestamp": 1756690681879,
          "pot_after_action": 100,
          "side_pots_after_action": [
            {
              "amount": 100,
              "eligible_players": [
                540692039,
                1113308191
              ]
            }
          ],
          "total_pot_after_action": 115,
          "total_side_pots_after_action": [
            {
              "id": 0,
              "amount": 10,
              "eligible_players": [
                540692039,
                1113308191
              ]
            },
            {
              "id": 1,
              "amount": 5,
              "eligible_players": [
                1113308191
              ]
            },
            {
              "id": 2,
              "amount": 100,
              "eligible_players": [
                540692039,
                1113308191
              ]
            }
          ]
        }
      ],
      "actionTimes": {
        "540692038": 48,
        "1113308190": 7
      }
    }
  },
  "playerNames": {
    "1113308190": "player1113308191",
    "540692038": "player540692039"
  },
  "blinds": {
    "small": 5,
    "big": 10
  },
  "finalBoard": [
    "7h",
    "2d",
    "Kd",
    "4d"
  ],
  "sidePots": [
    {
      "amount": 0,
      "eligible_players": [
        1113308190
      ]
    }
  ],
  "playerMoney": {
    "initialAmount": 10000,
    "startingMoney": {
      "1113308191": 10070,
      "540692039": 9930
    },
    "startingDelta": {
      "1113308191": 70,
      "540692039": -70
    },
    "finalDelta": {
      "1113308191": 75,
      "540692039": -75
    },
    "gameScores": {
      "1113308191": 5,
      "540692039": -5
    },
    "finalMoney": {
      "1113308191": 10075,
      "540692039": 9925
    },
    "thisGameDelta": {
      "1113308191": 5,
      "540692039": -5
    }
  },
  "playerHands": {
    "1113308190": [
      "Jh",
      "3h"
    ],
    "540692038": [
      "Qd",
      "6c"
    ]
  },
  "usernameMapping": {
    "default": 1113308191,
    "client_container_6532_test_client_test_openai_o3_pro_iter_5_20250831_183754_iter5": 540692039
  },
  "playerIdToUsername": {
    "1113308191": "default",
    "540692039": "client_container_6532_test_client_test_openai_o3_pro_iter_5_20250831_183754_iter5"
  }
}