{
  "gameId": "ae315755-84a9-46fd-9614-dd5f61ae8577",
  "rounds": {
    "0": {
      "pot": 15,
      "bets": {
        "2928305001": 5,
        "3066128971": 10
      },
      "actions": {
        "2928305001": "RAISE",
        "3066128971": "RAISE"
      },
      "action_sequence": [
        {
          "player": 2928305001,
          "action": "RAISE",
          "amount": 5,
          "timestamp": 1758145483083,
          "pot_after_action": 5,
          "side_pots_after_action": [
            {
              "amount": 5,
              "eligible_players": [
                2928305002,
                3066128972
              ]
            }
          ],
          "total_pot_after_action": 5,
          "total_side_pots_after_action": [
            {
              "id": 0,
              "amount": 5,
              "eligible_players": [
                2928305002,
                3066128972
              ]
            }
          ]
        },
        {
          "player": 3066128971,
          "action": "RAISE",
          "amount": 10,
          "timestamp": 1758145483083,
          "pot_after_action": 15,
          "side_pots_after_action": [
            {
              "amount": 10,
              "eligible_players": [
                2928305002,
                3066128972
              ]
            },
            {
              "amount": 5,
              "eligible_players": [
                3066128972
              ]
            }
          ],
          "total_pot_after_action": 15,
          "total_side_pots_after_action": [
            {
              "id": 0,
              "amount": 10,
              "eligible_players": [
                2928305002,
                3066128972
              ]
            },
            {
              "id": 1,
              "amount": 5,
              "eligible_players": [
                3066128972
              ]
            }
          ]
        }
      ],
      "actionTimes": {}
    },
    "1": {
      "pot": 100,
      "bets": {
        "2928305001": 100,
        "3066128971": 0
      },
      "actions": {
        "2928305001": "RAISE",
        "3066128971": "FOLD"
      },
      "action_sequence": [
        {
          "player": 2928305001,
          "action": "RAISE",
          "amount": 100,
          "timestamp": 1758145483087,
          "pot_after_action": 100,
          "side_pots_after_action": [
            {
              "amount": 100,
              "eligible_players": [
                2928305002,
                3066128972
              ]
            }
          ],
          "total_pot_after_action": 115,
          "total_side_pots_after_action": [
            {
              "id": 0,
              "amount": 10,
              "eligible_players": [
                2928305002,
                3066128972
              ]
            },
            {
              "id": 1,
              "amount": 5,
              "eligible_players": [
                3066128972
              ]
            },
            {
              "id": 2,
              "amount": 100,
              "eligible_players": [
                2928305002,
                3066128972
              ]
            }
          ]
        },
        {
          "player": 3066128971,
          "action": "FOLD",
          "amount": 0,
          "timestamp": 1758145483089,
          "pot_after_action": 100,
          "side_pots_after_action": [
            {
              "amount": 100,
              "eligible_players": [
                2928305002,
                3066128972
              ]
            }
          ],
          "total_pot_after_action": 115,
          "total_side_pots_after_action": [
            {
              "id": 0,
              "amount": 10,
              "eligible_players": [
                2928305002,
                3066128972
              ]
            },
            {
              "id": 1,
              "amount": 5,
              "eligible_players": [
                3066128972
              ]
            },
            {
              "id": 2,
              "amount": 100,
              "eligible_players": [
                2928305002,
                3066128972
              ]
            }
          ]
        }
      ],
      "actionTimes": {
        "2928305001": 5,
        "3066128971": 7
      }
    }
  },
  "playerNames": {
    "2928305001": "player2928305002",
    "3066128971": "player3066128972"
  },
  "blinds": {
    "small": 5,
    "big": 10
  },
  "finalBoard": [
    "Js",
    "8c",
    "5c",
    "5d"
  ],
  "sidePots": [
    {
      "amount": 0,
      "eligible_players": [
        2928305001
      ]
    }
  ],
  "playerMoney": {
    "initialAmount": 10000,
    "startingMoney": {
      "2928305002": 10000,
      "3066128972": 10000
    },
    "startingDelta": {
      "2928305002": 0,
      "3066128972": 0
    },
    "finalDelta": {
      "2928305002": 10,
      "3066128972": -10
    },
    "gameScores": {
      "2928305002": 10,
      "3066128972": -10
    },
    "finalMoney": {
      "2928305002": 10010,
      "3066128972": 9990
    },
    "thisGameDelta": {
      "2928305002": 10,
      "3066128972": -10
    }
  },
  "playerHands": {
    "2928305001": [
      "Ks",
      "Kh"
    ],
    "3066128971": [
      "6c",
      "Qs"
    ]
  },
  "usernameMapping": {
    "default": 2928305002,
    "client_container_6519_test_client_test_moonshotai_kimi_k2_iter_1_20250917_144436_iter1": 3066128972
  },
  "playerIdToUsername": {
    "2928305002": "default",
    "3066128972": "client_container_6519_test_client_test_moonshotai_kimi_k2_iter_1_20250917_144436_iter1"
  }
}