{
  "gameId": "894f81bd-9855-43b6-9dc1-d6624d9c96b9",
  "rounds": {
    "0": {
      "pot": 15,
      "bets": {
        "2238085030": 10,
        "3341096358": 5
      },
      "actions": {
        "3341096358": "RAISE",
        "2238085030": "RAISE"
      },
      "action_sequence": [
        {
          "player": 3341096358,
          "action": "RAISE",
          "amount": 5,
          "timestamp": 1757694376816,
          "pot_after_action": 5,
          "side_pots_after_action": [
            {
              "amount": 5,
              "eligible_players": [
                3341096359,
                2238085031
              ]
            }
          ],
          "total_pot_after_action": 5,
          "total_side_pots_after_action": [
            {
              "id": 0,
              "amount": 5,
              "eligible_players": [
                3341096359,
                2238085031
              ]
            }
          ]
        },
        {
          "player": 2238085030,
          "action": "RAISE",
          "amount": 10,
          "timestamp": 1757694376816,
          "pot_after_action": 15,
          "side_pots_after_action": [
            {
              "amount": 10,
              "eligible_players": [
                3341096359,
                2238085031
              ]
            },
            {
              "amount": 5,
              "eligible_players": [
                2238085031
              ]
            }
          ],
          "total_pot_after_action": 15,
          "total_side_pots_after_action": [
            {
              "id": 0,
              "amount": 10,
              "eligible_players": [
                3341096359,
                2238085031
              ]
            },
            {
              "id": 1,
              "amount": 5,
              "eligible_players": [
                2238085031
              ]
            }
          ]
        }
      ],
      "actionTimes": {}
    },
    "1": {
      "pot": 100,
      "bets": {
        "2238085030": 100,
        "3341096358": 0
      },
      "actions": {
        "3341096358": "FOLD",
        "2238085030": "RAISE"
      },
      "action_sequence": [
        {
          "player": 3341096358,
          "action": "CHECK",
          "amount": 0,
          "timestamp": 1757694376823,
          "pot_after_action": 0,
          "side_pots_after_action": [
            {
              "amount": 0,
              "eligible_players": [
                3341096359,
                2238085031
              ]
            }
          ],
          "total_pot_after_action": 15,
          "total_side_pots_after_action": [
            {
              "id": 0,
              "amount": 10,
              "eligible_players": [
                3341096359,
                2238085031
              ]
            },
            {
              "id": 1,
              "amount": 5,
              "eligible_players": [
                2238085031
              ]
            },
            {
              "id": 2,
              "amount": 0,
              "eligible_players": [
                3341096359,
                2238085031
              ]
            }
          ]
        },
        {
          "player": 2238085030,
          "action": "RAISE",
          "amount": 100,
          "timestamp": 1757694376824,
          "pot_after_action": 100,
          "side_pots_after_action": [
            {
              "amount": 100,
              "eligible_players": [
                3341096359,
                2238085031
              ]
            }
          ],
          "total_pot_after_action": 115,
          "total_side_pots_after_action": [
            {
              "id": 0,
              "amount": 10,
              "eligible_players": [
                3341096359,
                2238085031
              ]
            },
            {
              "id": 1,
              "amount": 5,
              "eligible_players": [
                2238085031
              ]
            },
            {
              "id": 2,
              "amount": 100,
              "eligible_players": [
                3341096359,
                2238085031
              ]
            }
          ]
        },
        {
          "player": 3341096358,
          "action": "FOLD",
          "amount": 0,
          "timestamp": 1757694376865,
          "pot_after_action": 100,
          "side_pots_after_action": [
            {
              "amount": 100,
              "eligible_players": [
                3341096359,
                2238085031
              ]
            }
          ],
          "total_pot_after_action": 115,
          "total_side_pots_after_action": [
            {
              "id": 0,
              "amount": 10,
              "eligible_players": [
                3341096359,
                2238085031
              ]
            },
            {
              "id": 1,
              "amount": 5,
              "eligible_players": [
                2238085031
              ]
            },
            {
              "id": 2,
              "amount": 100,
              "eligible_players": [
                3341096359,
                2238085031
              ]
            }
          ]
        }
      ],
      "actionTimes": {
        "3341096358": 49,
        "2238085030": 8
      }
    }
  },
  "playerNames": {
    "2238085030": "player2238085031",
    "3341096358": "player3341096359"
  },
  "blinds": {
    "small": 5,
    "big": 10
  },
  "finalBoard": [
    "7h",
    "5d",
    "8h",
    "7c"
  ],
  "sidePots": [
    {
      "amount": 0,
      "eligible_players": [
        2238085030
      ]
    }
  ],
  "playerMoney": {
    "initialAmount": 10000,
    "startingMoney": {
      "2238085031": 10040,
      "3341096359": 9960
    },
    "startingDelta": {
      "2238085031": 40,
      "3341096359": -40
    },
    "finalDelta": {
      "2238085031": 45,
      "3341096359": -45
    },
    "gameScores": {
      "2238085031": 5,
      "3341096359": -5
    },
    "finalMoney": {
      "2238085031": 10045,
      "3341096359": 9955
    },
    "thisGameDelta": {
      "2238085031": 5,
      "3341096359": -5
    }
  },
  "playerHands": {
    "2238085030": [
      "6s",
      "8d"
    ],
    "3341096358": [
      "Qd",
      "Ks"
    ]
  },
  "usernameMapping": {
    "default": 2238085031,
    "client_container_5792_test_client_test_openai_o3_pro_iter_1_20250912_092610_iter1": 3341096359
  },
  "playerIdToUsername": {
    "2238085031": "default",
    "3341096359": "client_container_5792_test_client_test_openai_o3_pro_iter_1_20250912_092610_iter1"
  }
}