{
  "gameId": "894f81bd-9855-43b6-9dc1-d6624d9c96b9",
  "rounds": {
    "0": {
      "pot": 15,
      "bets": {
        "2238085030": 5,
        "3341096358": 10
      },
      "actions": {
        "2238085030": "RAISE",
        "3341096358": "RAISE"
      },
      "action_sequence": [
        {
          "player": 2238085030,
          "action": "RAISE",
          "amount": 5,
          "timestamp": 1757694376998,
          "pot_after_action": 5,
          "side_pots_after_action": [
            {
              "amount": 5,
              "eligible_players": [
                3341096359,
                2238085031
              ]
            }
          ],
          "total_pot_after_action": 5,
          "total_side_pots_after_action": [
            {
              "id": 0,
              "amount": 5,
              "eligible_players": [
                3341096359,
                2238085031
              ]
            }
          ]
        },
        {
          "player": 3341096358,
          "action": "RAISE",
          "amount": 10,
          "timestamp": 1757694376998,
          "pot_after_action": 15,
          "side_pots_after_action": [
            {
              "amount": 10,
              "eligible_players": [
                3341096359,
                2238085031
              ]
            },
            {
              "amount": 5,
              "eligible_players": [
                3341096359
              ]
            }
          ],
          "total_pot_after_action": 15,
          "total_side_pots_after_action": [
            {
              "id": 0,
              "amount": 10,
              "eligible_players": [
                3341096359,
                2238085031
              ]
            },
            {
              "id": 1,
              "amount": 5,
              "eligible_players": [
                3341096359
              ]
            }
          ]
        }
      ],
      "actionTimes": {}
    },
    "1": {
      "pot": 100,
      "bets": {
        "2238085030": 100,
        "3341096358": 0
      },
      "actions": {
        "2238085030": "RAISE",
        "3341096358": "FOLD"
      },
      "action_sequence": [
        {
          "player": 2238085030,
          "action": "RAISE",
          "amount": 100,
          "timestamp": 1757694377002,
          "pot_after_action": 100,
          "side_pots_after_action": [
            {
              "amount": 100,
              "eligible_players": [
                3341096359,
                2238085031
              ]
            }
          ],
          "total_pot_after_action": 115,
          "total_side_pots_after_action": [
            {
              "id": 0,
              "amount": 10,
              "eligible_players": [
                3341096359,
                2238085031
              ]
            },
            {
              "id": 1,
              "amount": 5,
              "eligible_players": [
                3341096359
              ]
            },
            {
              "id": 2,
              "amount": 100,
              "eligible_players": [
                3341096359,
                2238085031
              ]
            }
          ]
        },
        {
          "player": 3341096358,
          "action": "FOLD",
          "amount": 0,
          "timestamp": 1757694377042,
          "pot_after_action": 100,
          "side_pots_after_action": [
            {
              "amount": 100,
              "eligible_players": [
                3341096359,
                2238085031
              ]
            }
          ],
          "total_pot_after_action": 115,
          "total_side_pots_after_action": [
            {
              "id": 0,
              "amount": 10,
              "eligible_players": [
                3341096359,
                2238085031
              ]
            },
            {
              "id": 1,
              "amount": 5,
              "eligible_players": [
                3341096359
              ]
            },
            {
              "id": 2,
              "amount": 100,
              "eligible_players": [
                3341096359,
                2238085031
              ]
            }
          ]
        }
      ],
      "actionTimes": {
        "2238085030": 4,
        "3341096358": 44
      }
    }
  },
  "playerNames": {
    "2238085030": "player2238085031",
    "3341096358": "player3341096359"
  },
  "blinds": {
    "small": 5,
    "big": 10
  },
  "finalBoard": [
    "Ad",
    "4s",
    "8c",
    "7h"
  ],
  "sidePots": [
    {
      "amount": 0,
      "eligible_players": [
        2238085030
      ]
    }
  ],
  "playerMoney": {
    "initialAmount": 10000,
    "startingMoney": {
      "2238085031": 10060,
      "3341096359": 9940
    },
    "startingDelta": {
      "2238085031": 60,
      "3341096359": -60
    },
    "finalDelta": {
      "2238085031": 70,
      "3341096359": -70
    },
    "gameScores": {
      "2238085031": 10,
      "3341096359": -10
    },
    "finalMoney": {
      "2238085031": 10070,
      "3341096359": 9930
    },
    "thisGameDelta": {
      "2238085031": 10,
      "3341096359": -10
    }
  },
  "playerHands": {
    "2238085030": [
      "Td",
      "3c"
    ],
    "3341096358": [
      "5d",
      "Jh"
    ]
  },
  "usernameMapping": {
    "default": 2238085031,
    "client_container_5792_test_client_test_openai_o3_pro_iter_1_20250912_092610_iter1": 3341096359
  },
  "playerIdToUsername": {
    "2238085031": "default",
    "3341096359": "client_container_5792_test_client_test_openai_o3_pro_iter_1_20250912_092610_iter1"
  }
}