{
  "gameId": "8b217c27-d7d5-4329-949d-94b3e9600976",
  "rounds": {
    "0": {
      "pot": 15,
      "bets": {
        "3666069863": 5,
        "3894878673": 10
      },
      "actions": {
        "3666069863": "RAISE",
        "3894878673": "RAISE"
      },
      "action_sequence": [
        {
          "player": 3666069863,
          "action": "RAISE",
          "amount": 5,
          "timestamp": 1757649327809,
          "pot_after_action": 5,
          "side_pots_after_action": [
            {
              "amount": 5,
              "eligible_players": [
                3666069864,
                3894878674
              ]
            }
          ],
          "total_pot_after_action": 5,
          "total_side_pots_after_action": [
            {
              "id": 0,
              "amount": 5,
              "eligible_players": [
                3666069864,
                3894878674
              ]
            }
          ]
        },
        {
          "player": 3894878673,
          "action": "RAISE",
          "amount": 10,
          "timestamp": 1757649327809,
          "pot_after_action": 15,
          "side_pots_after_action": [
            {
              "amount": 10,
              "eligible_players": [
                3666069864,
                3894878674
              ]
            },
            {
              "amount": 5,
              "eligible_players": [
                3894878674
              ]
            }
          ],
          "total_pot_after_action": 15,
          "total_side_pots_after_action": [
            {
              "id": 0,
              "amount": 10,
              "eligible_players": [
                3666069864,
                3894878674
              ]
            },
            {
              "id": 1,
              "amount": 5,
              "eligible_players": [
                3894878674
              ]
            }
          ]
        }
      ],
      "actionTimes": {}
    },
    "1": {
      "pot": 100,
      "bets": {
        "3666069863": 100,
        "3894878673": 0
      },
      "actions": {
        "3666069863": "RAISE",
        "3894878673": "FOLD"
      },
      "action_sequence": [
        {
          "player": 3666069863,
          "action": "RAISE",
          "amount": 100,
          "timestamp": 1757649327812,
          "pot_after_action": 100,
          "side_pots_after_action": [
            {
              "amount": 100,
              "eligible_players": [
                3666069864,
                3894878674
              ]
            }
          ],
          "total_pot_after_action": 115,
          "total_side_pots_after_action": [
            {
              "id": 0,
              "amount": 10,
              "eligible_players": [
                3666069864,
                3894878674
              ]
            },
            {
              "id": 1,
              "amount": 5,
              "eligible_players": [
                3894878674
              ]
            },
            {
              "id": 2,
              "amount": 100,
              "eligible_players": [
                3666069864,
                3894878674
              ]
            }
          ]
        },
        {
          "player": 3894878673,
          "action": "FOLD",
          "amount": 0,
          "timestamp": 1757649327854,
          "pot_after_action": 100,
          "side_pots_after_action": [
            {
              "amount": 100,
              "eligible_players": [
                3666069864,
                3894878674
              ]
            }
          ],
          "total_pot_after_action": 115,
          "total_side_pots_after_action": [
            {
              "id": 0,
              "amount": 10,
              "eligible_players": [
                3666069864,
                3894878674
              ]
            },
            {
              "id": 1,
              "amount": 5,
              "eligible_players": [
                3894878674
              ]
            },
            {
              "id": 2,
              "amount": 100,
              "eligible_players": [
                3666069864,
                3894878674
              ]
            }
          ]
        }
      ],
      "actionTimes": {
        "3666069863": 3,
        "3894878673": 45
      }
    }
  },
  "playerNames": {
    "3666069863": "player3666069864",
    "3894878673": "player3894878674"
  },
  "blinds": {
    "small": 5,
    "big": 10
  },
  "finalBoard": [
    "3d",
    "2s",
    "2c",
    "Jc"
  ],
  "sidePots": [
    {
      "amount": 0,
      "eligible_players": [
        3666069863
      ]
    }
  ],
  "playerMoney": {
    "initialAmount": 10000,
    "startingMoney": {
      "3666069864": 9900,
      "3894878674": 10100
    },
    "startingDelta": {
      "3666069864": -100,
      "3894878674": 100
    },
    "finalDelta": {
      "3666069864": -90,
      "3894878674": 90
    },
    "gameScores": {
      "3666069864": 10,
      "3894878674": -10
    },
    "finalMoney": {
      "3666069864": 9910,
      "3894878674": 10090
    },
    "thisGameDelta": {
      "3666069864": 10,
      "3894878674": -10
    }
  },
  "playerHands": {
    "3666069863": [
      "9s",
      "3c"
    ],
    "3894878673": [
      "Qc",
      "Ac"
    ]
  },
  "usernameMapping": {
    "default": 3666069864,
    "client_container_5442_test_client_test_hermes_hermes_4_405b_iter_2_20250911_205521_iter2": 3894878674
  },
  "playerIdToUsername": {
    "3666069864": "default",
    "3894878674": "client_container_5442_test_client_test_hermes_hermes_4_405b_iter_2_20250911_205521_iter2"
  }
}