{
  "gameId": "8b217c27-d7d5-4329-949d-94b3e9600976",
  "rounds": {
    "0": {
      "pot": 15,
      "bets": {
        "3666069863": 10,
        "3894878673": 5
      },
      "actions": {
        "3894878673": "RAISE",
        "3666069863": "RAISE"
      },
      "action_sequence": [
        {
          "player": 3894878673,
          "action": "RAISE",
          "amount": 5,
          "timestamp": 1757649328317,
          "pot_after_action": 5,
          "side_pots_after_action": [
            {
              "amount": 5,
              "eligible_players": [
                3666069864,
                3894878674
              ]
            }
          ],
          "total_pot_after_action": 5,
          "total_side_pots_after_action": [
            {
              "id": 0,
              "amount": 5,
              "eligible_players": [
                3666069864,
                3894878674
              ]
            }
          ]
        },
        {
          "player": 3666069863,
          "action": "RAISE",
          "amount": 10,
          "timestamp": 1757649328317,
          "pot_after_action": 15,
          "side_pots_after_action": [
            {
              "amount": 10,
              "eligible_players": [
                3666069864,
                3894878674
              ]
            },
            {
              "amount": 5,
              "eligible_players": [
                3666069864
              ]
            }
          ],
          "total_pot_after_action": 15,
          "total_side_pots_after_action": [
            {
              "id": 0,
              "amount": 10,
              "eligible_players": [
                3666069864,
                3894878674
              ]
            },
            {
              "id": 1,
              "amount": 5,
              "eligible_players": [
                3666069864
              ]
            }
          ]
        }
      ],
      "actionTimes": {}
    },
    "1": {
      "pot": 100,
      "bets": {
        "3666069863": 100,
        "3894878673": 0
      },
      "actions": {
        "3894878673": "FOLD",
        "3666069863": "RAISE"
      },
      "action_sequence": [
        {
          "player": 3894878673,
          "action": "CHECK",
          "amount": 0,
          "timestamp": 1757649328325,
          "pot_after_action": 0,
          "side_pots_after_action": [
            {
              "amount": 0,
              "eligible_players": [
                3666069864,
                3894878674
              ]
            }
          ],
          "total_pot_after_action": 15,
          "total_side_pots_after_action": [
            {
              "id": 0,
              "amount": 10,
              "eligible_players": [
                3666069864,
                3894878674
              ]
            },
            {
              "id": 1,
              "amount": 5,
              "eligible_players": [
                3666069864
              ]
            },
            {
              "id": 2,
              "amount": 0,
              "eligible_players": [
                3666069864,
                3894878674
              ]
            }
          ]
        },
        {
          "player": 3666069863,
          "action": "RAISE",
          "amount": 100,
          "timestamp": 1757649328326,
          "pot_after_action": 100,
          "side_pots_after_action": [
            {
              "amount": 100,
              "eligible_players": [
                3666069864,
                3894878674
              ]
            }
          ],
          "total_pot_after_action": 115,
          "total_side_pots_after_action": [
            {
              "id": 0,
              "amount": 10,
              "eligible_players": [
                3666069864,
                3894878674
              ]
            },
            {
              "id": 1,
              "amount": 5,
              "eligible_players": [
                3666069864
              ]
            },
            {
              "id": 2,
              "amount": 100,
              "eligible_players": [
                3666069864,
                3894878674
              ]
            }
          ]
        },
        {
          "player": 3894878673,
          "action": "FOLD",
          "amount": 0,
          "timestamp": 1757649328369,
          "pot_after_action": 100,
          "side_pots_after_action": [
            {
              "amount": 100,
              "eligible_players": [
                3666069864,
                3894878674
              ]
            }
          ],
          "total_pot_after_action": 115,
          "total_side_pots_after_action": [
            {
              "id": 0,
              "amount": 10,
              "eligible_players": [
                3666069864,
                3894878674
              ]
            },
            {
              "id": 1,
              "amount": 5,
              "eligible_players": [
                3666069864
              ]
            },
            {
              "id": 2,
              "amount": 100,
              "eligible_players": [
                3666069864,
                3894878674
              ]
            }
          ]
        }
      ],
      "actionTimes": {
        "3894878673": 52,
        "3666069863": 9
      }
    }
  },
  "playerNames": {
    "3666069863": "player3666069864",
    "3894878673": "player3894878674"
  },
  "blinds": {
    "small": 5,
    "big": 10
  },
  "finalBoard": [
    "8s",
    "7h",
    "8c",
    "4h"
  ],
  "sidePots": [
    {
      "amount": 0,
      "eligible_players": [
        3666069863
      ]
    }
  ],
  "playerMoney": {
    "initialAmount": 10000,
    "startingMoney": {
      "3666069864": 9840,
      "3894878674": 10160
    },
    "startingDelta": {
      "3666069864": -160,
      "3894878674": 160
    },
    "finalDelta": {
      "3666069864": -155,
      "3894878674": 155
    },
    "gameScores": {
      "3666069864": 5,
      "3894878674": -5
    },
    "finalMoney": {
      "3666069864": 9845,
      "3894878674": 10155
    },
    "thisGameDelta": {
      "3666069864": 5,
      "3894878674": -5
    }
  },
  "playerHands": {
    "3666069863": [
      "4c",
      "9h"
    ],
    "3894878673": [
      "6c",
      "4d"
    ]
  },
  "usernameMapping": {
    "default": 3666069864,
    "client_container_5442_test_client_test_hermes_hermes_4_405b_iter_2_20250911_205521_iter2": 3894878674
  },
  "playerIdToUsername": {
    "3666069864": "default",
    "3894878674": "client_container_5442_test_client_test_hermes_hermes_4_405b_iter_2_20250911_205521_iter2"
  }
}