{
  "gameId": "8b217c27-d7d5-4329-949d-94b3e9600976",
  "rounds": {
    "0": {
      "pot": 15,
      "bets": {
        "3666069863": 5,
        "3894878673": 10
      },
      "actions": {
        "3666069863": "RAISE",
        "3894878673": "RAISE"
      },
      "action_sequence": [
        {
          "player": 3666069863,
          "action": "RAISE",
          "amount": 5,
          "timestamp": 1757649328162,
          "pot_after_action": 5,
          "side_pots_after_action": [
            {
              "amount": 5,
              "eligible_players": [
                3666069864,
                3894878674
              ]
            }
          ],
          "total_pot_after_action": 5,
          "total_side_pots_after_action": [
            {
              "id": 0,
              "amount": 5,
              "eligible_players": [
                3666069864,
                3894878674
              ]
            }
          ]
        },
        {
          "player": 3894878673,
          "action": "RAISE",
          "amount": 10,
          "timestamp": 1757649328162,
          "pot_after_action": 15,
          "side_pots_after_action": [
            {
              "amount": 10,
              "eligible_players": [
                3666069864,
                3894878674
              ]
            },
            {
              "amount": 5,
              "eligible_players": [
                3894878674
              ]
            }
          ],
          "total_pot_after_action": 15,
          "total_side_pots_after_action": [
            {
              "id": 0,
              "amount": 10,
              "eligible_players": [
                3666069864,
                3894878674
              ]
            },
            {
              "id": 1,
              "amount": 5,
              "eligible_players": [
                3894878674
              ]
            }
          ]
        }
      ],
      "actionTimes": {}
    },
    "1": {
      "pot": 200,
      "bets": {
        "3666069863": 100,
        "3894878673": 100
      },
      "actions": {
        "3666069863": "RAISE",
        "3894878673": "CALL"
      },
      "action_sequence": [
        {
          "player": 3666069863,
          "action": "RAISE",
          "amount": 100,
          "timestamp": 1757649328165,
          "pot_after_action": 100,
          "side_pots_after_action": [
            {
              "amount": 100,
              "eligible_players": [
                3666069864,
                3894878674
              ]
            }
          ],
          "total_pot_after_action": 115,
          "total_side_pots_after_action": [
            {
              "id": 0,
              "amount": 10,
              "eligible_players": [
                3666069864,
                3894878674
              ]
            },
            {
              "id": 1,
              "amount": 5,
              "eligible_players": [
                3894878674
              ]
            },
            {
              "id": 2,
              "amount": 100,
              "eligible_players": [
                3666069864,
                3894878674
              ]
            }
          ]
        },
        {
          "player": 3894878673,
          "action": "CALL",
          "amount": 100,
          "timestamp": 1757649328209,
          "pot_after_action": 200,
          "side_pots_after_action": [
            {
              "amount": 200,
              "eligible_players": [
                3666069864,
                3894878674
              ]
            }
          ],
          "total_pot_after_action": 215,
          "total_side_pots_after_action": [
            {
              "id": 0,
              "amount": 10,
              "eligible_players": [
                3666069864,
                3894878674
              ]
            },
            {
              "id": 1,
              "amount": 5,
              "eligible_players": [
                3894878674
              ]
            },
            {
              "id": 2,
              "amount": 200,
              "eligible_players": [
                3666069864,
                3894878674
              ]
            }
          ]
        }
      ],
      "actionTimes": {
        "3666069863": 3,
        "3894878673": 47
      }
    },
    "2": {
      "pot": 0,
      "bets": {
        "3666069863": 0,
        "3894878673": 0
      },
      "actions": {
        "3666069863": "CHECK",
        "3894878673": "CHECK"
      },
      "action_sequence": [
        {
          "player": 3666069863,
          "action": "CHECK",
          "amount": 0,
          "timestamp": 1757649328211,
          "pot_after_action": 0,
          "side_pots_after_action": [
            {
              "amount": 0,
              "eligible_players": [
                3666069864,
                3894878674
              ]
            }
          ],
          "total_pot_after_action": 215,
          "total_side_pots_after_action": [
            {
              "id": 0,
              "amount": 10,
              "eligible_players": [
                3666069864,
                3894878674
              ]
            },
            {
              "id": 1,
              "amount": 5,
              "eligible_players": [
                3894878674
              ]
            },
            {
              "id": 2,
              "amount": 200,
              "eligible_players": [
                3666069864,
                3894878674
              ]
            },
            {
              "id": 3,
              "amount": 0,
              "eligible_players": [
                3666069864,
                3894878674
              ]
            }
          ]
        },
        {
          "player": 3894878673,
          "action": "CHECK",
          "amount": 0,
          "timestamp": 1757649328252,
          "pot_after_action": 0,
          "side_pots_after_action": [
            {
              "amount": 0,
              "eligible_players": [
                3666069864,
                3894878674
              ]
            }
          ],
          "total_pot_after_action": 215,
          "total_side_pots_after_action": [
            {
              "id": 0,
              "amount": 10,
              "eligible_players": [
                3666069864,
                3894878674
              ]
            },
            {
              "id": 1,
              "amount": 5,
              "eligible_players": [
                3894878674
              ]
            },
            {
              "id": 2,
              "amount": 200,
              "eligible_players": [
                3666069864,
                3894878674
              ]
            },
            {
              "id": 3,
              "amount": 0,
              "eligible_players": [
                3666069864,
                3894878674
              ]
            }
          ]
        }
      ],
      "actionTimes": {
        "3666069863": 49,
        "3894878673": 90
      }
    },
    "3": {
      "pot": 0,
      "bets": {
        "3666069863": 0,
        "3894878673": 0
      },
      "actions": {
        "3666069863": "CHECK",
        "3894878673": "CHECK"
      },
      "action_sequence": [
        {
          "player": 3666069863,
          "action": "CHECK",
          "amount": 0,
          "timestamp": 1757649328255,
          "pot_after_action": 0,
          "side_pots_after_action": [
            {
              "amount": 0,
              "eligible_players": [
                3666069864,
                3894878674
              ]
            }
          ],
          "total_pot_after_action": 215,
          "total_side_pots_after_action": [
            {
              "id": 0,
              "amount": 10,
              "eligible_players": [
                3666069864,
                3894878674
              ]
            },
            {
              "id": 1,
              "amount": 5,
              "eligible_players": [
                3894878674
              ]
            },
            {
              "id": 2,
              "amount": 200,
              "eligible_players": [
                3666069864,
                3894878674
              ]
            },
            {
              "id": 3,
              "amount": 0,
              "eligible_players": [
                3666069864,
                3894878674
              ]
            },
            {
              "id": 4,
              "amount": 0,
              "eligible_players": [
                3666069864,
                3894878674
              ]
            }
          ]
        },
        {
          "player": 3894878673,
          "action": "CHECK",
          "amount": 0,
          "timestamp": 1757649328298,
          "pot_after_action": 0,
          "side_pots_after_action": [
            {
              "amount": 0,
              "eligible_players": [
                3666069864,
                3894878674
              ]
            }
          ],
          "total_pot_after_action": 215,
          "total_side_pots_after_action": [
            {
              "id": 0,
              "amount": 10,
              "eligible_players": [
                3666069864,
                3894878674
              ]
            },
            {
              "id": 1,
              "amount": 5,
              "eligible_players": [
                3894878674
              ]
            },
            {
              "id": 2,
              "amount": 200,
              "eligible_players": [
                3666069864,
                3894878674
              ]
            },
            {
              "id": 3,
              "amount": 0,
              "eligible_players": [
                3666069864,
                3894878674
              ]
            },
            {
              "id": 4,
              "amount": 0,
              "eligible_players": [
                3666069864,
                3894878674
              ]
            }
          ]
        }
      ],
      "actionTimes": {
        "3666069863": 93,
        "3894878673": 136
      }
    }
  },
  "playerNames": {
    "3666069863": "player3666069864",
    "3894878673": "player3894878674"
  },
  "blinds": {
    "small": 5,
    "big": 10
  },
  "finalBoard": [
    "7h",
    "2d",
    "3h",
    "Qs",
    "Tc"
  ],
  "sidePots": [
    {
      "amount": 0,
      "eligible_players": [
        3666069863,
        3894878673
      ]
    }
  ],
  "playerMoney": {
    "initialAmount": 10000,
    "startingMoney": {
      "3666069864": 9945,
      "3894878674": 10055
    },
    "startingDelta": {
      "3666069864": -55,
      "3894878674": 55
    },
    "finalDelta": {
      "3666069864": -160,
      "3894878674": 160
    },
    "gameScores": {
      "3666069864": -105,
      "3894878674": 105
    },
    "finalMoney": {
      "3666069864": 9840,
      "3894878674": 10160
    },
    "thisGameDelta": {
      "3666069864": -105,
      "3894878674": 105
    }
  },
  "playerHands": {
    "3666069863": [
      "8s",
      "4d"
    ],
    "3894878673": [
      "2c",
      "2h"
    ]
  },
  "usernameMapping": {
    "default": 3666069864,
    "client_container_5442_test_client_test_hermes_hermes_4_405b_iter_2_20250911_205521_iter2": 3894878674
  },
  "playerIdToUsername": {
    "3666069864": "default",
    "3894878674": "client_container_5442_test_client_test_hermes_hermes_4_405b_iter_2_20250911_205521_iter2"
  }
}