{
  "gameId": "d9d23c0a-286f-4aba-8acb-d21546703a7c",
  "rounds": {
    "0": {
      "pot": 15,
      "bets": {
        "2360689237": 10,
        "3374450850": 5
      },
      "actions": {
        "3374450850": "RAISE",
        "2360689237": "RAISE"
      },
      "action_sequence": [
        {
          "player": 3374450850,
          "action": "RAISE",
          "amount": 5,
          "timestamp": 1756795540660,
          "pot_after_action": 5,
          "side_pots_after_action": [
            {
              "amount": 5,
              "eligible_players": [
                3374450851,
                2360689238
              ]
            }
          ],
          "total_pot_after_action": 5,
          "total_side_pots_after_action": [
            {
              "id": 0,
              "amount": 5,
              "eligible_players": [
                3374450851,
                2360689238
              ]
            }
          ]
        },
        {
          "player": 2360689237,
          "action": "RAISE",
          "amount": 10,
          "timestamp": 1756795540660,
          "pot_after_action": 15,
          "side_pots_after_action": [
            {
              "amount": 10,
              "eligible_players": [
                3374450851,
                2360689238
              ]
            },
            {
              "amount": 5,
              "eligible_players": [
                2360689238
              ]
            }
          ],
          "total_pot_after_action": 15,
          "total_side_pots_after_action": [
            {
              "id": 0,
              "amount": 10,
              "eligible_players": [
                3374450851,
                2360689238
              ]
            },
            {
              "id": 1,
              "amount": 5,
              "eligible_players": [
                2360689238
              ]
            }
          ]
        }
      ],
      "actionTimes": {}
    },
    "1": {
      "pot": 100,
      "bets": {
        "2360689237": 100,
        "3374450850": 0
      },
      "actions": {
        "3374450850": "FOLD",
        "2360689237": "RAISE"
      },
      "action_sequence": [
        {
          "player": 3374450850,
          "action": "CHECK",
          "amount": 0,
          "timestamp": 1756795540664,
          "pot_after_action": 0,
          "side_pots_after_action": [
            {
              "amount": 0,
              "eligible_players": [
                3374450851,
                2360689238
              ]
            }
          ],
          "total_pot_after_action": 15,
          "total_side_pots_after_action": [
            {
              "id": 0,
              "amount": 10,
              "eligible_players": [
                3374450851,
                2360689238
              ]
            },
            {
              "id": 1,
              "amount": 5,
              "eligible_players": [
                2360689238
              ]
            },
            {
              "id": 2,
              "amount": 0,
              "eligible_players": [
                3374450851,
                2360689238
              ]
            }
          ]
        },
        {
          "player": 2360689237,
          "action": "RAISE",
          "amount": 100,
          "timestamp": 1756795540664,
          "pot_after_action": 100,
          "side_pots_after_action": [
            {
              "amount": 100,
              "eligible_players": [
                3374450851,
                2360689238
              ]
            }
          ],
          "total_pot_after_action": 115,
          "total_side_pots_after_action": [
            {
              "id": 0,
              "amount": 10,
              "eligible_players": [
                3374450851,
                2360689238
              ]
            },
            {
              "id": 1,
              "amount": 5,
              "eligible_players": [
                2360689238
              ]
            },
            {
              "id": 2,
              "amount": 100,
              "eligible_players": [
                3374450851,
                2360689238
              ]
            }
          ]
        },
        {
          "player": 3374450850,
          "action": "FOLD",
          "amount": 0,
          "timestamp": 1756795540705,
          "pot_after_action": 100,
          "side_pots_after_action": [
            {
              "amount": 100,
              "eligible_players": [
                3374450851,
                2360689238
              ]
            }
          ],
          "total_pot_after_action": 115,
          "total_side_pots_after_action": [
            {
              "id": 0,
              "amount": 10,
              "eligible_players": [
                3374450851,
                2360689238
              ]
            },
            {
              "id": 1,
              "amount": 5,
              "eligible_players": [
                2360689238
              ]
            },
            {
              "id": 2,
              "amount": 100,
              "eligible_players": [
                3374450851,
                2360689238
              ]
            }
          ]
        }
      ],
      "actionTimes": {
        "3374450850": 45,
        "2360689237": 4
      }
    }
  },
  "playerNames": {
    "2360689237": "player2360689238",
    "3374450850": "player3374450851"
  },
  "blinds": {
    "small": 5,
    "big": 10
  },
  "finalBoard": [
    "6d",
    "Jd",
    "5h",
    "Jh"
  ],
  "sidePots": [
    {
      "amount": 0,
      "eligible_players": [
        2360689237
      ]
    }
  ],
  "playerMoney": {
    "initialAmount": 10000,
    "startingMoney": {
      "2360689238": 10040,
      "3374450851": 9960
    },
    "startingDelta": {
      "2360689238": 40,
      "3374450851": -40
    },
    "finalDelta": {
      "2360689238": 45,
      "3374450851": -45
    },
    "gameScores": {
      "2360689238": 5,
      "3374450851": -5
    },
    "finalMoney": {
      "2360689238": 10045,
      "3374450851": 9955
    },
    "thisGameDelta": {
      "2360689238": 5,
      "3374450851": -5
    }
  },
  "playerHands": {
    "2360689237": [
      "7s",
      "Th"
    ],
    "3374450850": [
      "As",
      "4h"
    ]
  },
  "usernameMapping": {
    "default": 2360689238,
    "client_container_6076_test_client_test_x_ai_grok_4_iter_2_20250901_234534_iter2": 3374450851
  },
  "playerIdToUsername": {
    "2360689238": "default",
    "3374450851": "client_container_6076_test_client_test_x_ai_grok_4_iter_2_20250901_234534_iter2"
  }
}