{
  "gameId": "d9d23c0a-286f-4aba-8acb-d21546703a7c",
  "rounds": {
    "0": {
      "pot": 15,
      "bets": {
        "2360689237": 5,
        "3374450850": 10
      },
      "actions": {
        "2360689237": "RAISE",
        "3374450850": "RAISE"
      },
      "action_sequence": [
        {
          "player": 2360689237,
          "action": "RAISE",
          "amount": 5,
          "timestamp": 1756795540374,
          "pot_after_action": 5,
          "side_pots_after_action": [
            {
              "amount": 5,
              "eligible_players": [
                3374450851,
                2360689238
              ]
            }
          ],
          "total_pot_after_action": 5,
          "total_side_pots_after_action": [
            {
              "id": 0,
              "amount": 5,
              "eligible_players": [
                3374450851,
                2360689238
              ]
            }
          ]
        },
        {
          "player": 3374450850,
          "action": "RAISE",
          "amount": 10,
          "timestamp": 1756795540374,
          "pot_after_action": 15,
          "side_pots_after_action": [
            {
              "amount": 10,
              "eligible_players": [
                3374450851,
                2360689238
              ]
            },
            {
              "amount": 5,
              "eligible_players": [
                3374450851
              ]
            }
          ],
          "total_pot_after_action": 15,
          "total_side_pots_after_action": [
            {
              "id": 0,
              "amount": 10,
              "eligible_players": [
                3374450851,
                2360689238
              ]
            },
            {
              "id": 1,
              "amount": 5,
              "eligible_players": [
                3374450851
              ]
            }
          ]
        }
      ],
      "actionTimes": {}
    },
    "1": {
      "pot": 100,
      "bets": {
        "2360689237": 100,
        "3374450850": 0
      },
      "actions": {
        "2360689237": "RAISE",
        "3374450850": "FOLD"
      },
      "action_sequence": [
        {
          "player": 2360689237,
          "action": "RAISE",
          "amount": 100,
          "timestamp": 1756795540377,
          "pot_after_action": 100,
          "side_pots_after_action": [
            {
              "amount": 100,
              "eligible_players": [
                3374450851,
                2360689238
              ]
            }
          ],
          "total_pot_after_action": 115,
          "total_side_pots_after_action": [
            {
              "id": 0,
              "amount": 10,
              "eligible_players": [
                3374450851,
                2360689238
              ]
            },
            {
              "id": 1,
              "amount": 5,
              "eligible_players": [
                3374450851
              ]
            },
            {
              "id": 2,
              "amount": 100,
              "eligible_players": [
                3374450851,
                2360689238
              ]
            }
          ]
        },
        {
          "player": 3374450850,
          "action": "FOLD",
          "amount": 0,
          "timestamp": 1756795540378,
          "pot_after_action": 100,
          "side_pots_after_action": [
            {
              "amount": 100,
              "eligible_players": [
                3374450851,
                2360689238
              ]
            }
          ],
          "total_pot_after_action": 115,
          "total_side_pots_after_action": [
            {
              "id": 0,
              "amount": 10,
              "eligible_players": [
                3374450851,
                2360689238
              ]
            },
            {
              "id": 1,
              "amount": 5,
              "eligible_players": [
                3374450851
              ]
            },
            {
              "id": 2,
              "amount": 100,
              "eligible_players": [
                3374450851,
                2360689238
              ]
            }
          ]
        }
      ],
      "actionTimes": {
        "2360689237": 4,
        "3374450850": 5
      }
    }
  },
  "playerNames": {
    "2360689237": "player2360689238",
    "3374450850": "player3374450851"
  },
  "blinds": {
    "small": 5,
    "big": 10
  },
  "finalBoard": [
    "Qh",
    "Th",
    "6s",
    "7c"
  ],
  "sidePots": [
    {
      "amount": 0,
      "eligible_players": [
        2360689237
      ]
    }
  ],
  "playerMoney": {
    "initialAmount": 10000,
    "startingMoney": {
      "2360689238": 10000,
      "3374450851": 10000
    },
    "startingDelta": {
      "2360689238": 0,
      "3374450851": 0
    },
    "finalDelta": {
      "2360689238": 10,
      "3374450851": -10
    },
    "gameScores": {
      "2360689238": 10,
      "3374450851": -10
    },
    "finalMoney": {
      "2360689238": 10010,
      "3374450851": 9990
    },
    "thisGameDelta": {
      "2360689238": 10,
      "3374450851": -10
    }
  },
  "playerHands": {
    "2360689237": [
      "2d",
      "Td"
    ],
    "3374450850": [
      "4c",
      "7d"
    ]
  },
  "usernameMapping": {
    "default": 2360689238,
    "client_container_6076_test_client_test_x_ai_grok_4_iter_2_20250901_234534_iter2": 3374450851
  },
  "playerIdToUsername": {
    "2360689238": "default",
    "3374450851": "client_container_6076_test_client_test_x_ai_grok_4_iter_2_20250901_234534_iter2"
  }
}