{
  "gameId": "d9d23c0a-286f-4aba-8acb-d21546703a7c",
  "rounds": {
    "0": {
      "pot": 15,
      "bets": {
        "2360689237": 10,
        "3374450850": 5
      },
      "actions": {
        "3374450850": "RAISE",
        "2360689237": "RAISE"
      },
      "action_sequence": [
        {
          "player": 3374450850,
          "action": "RAISE",
          "amount": 5,
          "timestamp": 1756795540775,
          "pot_after_action": 5,
          "side_pots_after_action": [
            {
              "amount": 5,
              "eligible_players": [
                3374450851,
                2360689238
              ]
            }
          ],
          "total_pot_after_action": 5,
          "total_side_pots_after_action": [
            {
              "id": 0,
              "amount": 5,
              "eligible_players": [
                3374450851,
                2360689238
              ]
            }
          ]
        },
        {
          "player": 2360689237,
          "action": "RAISE",
          "amount": 10,
          "timestamp": 1756795540775,
          "pot_after_action": 15,
          "side_pots_after_action": [
            {
              "amount": 10,
              "eligible_players": [
                3374450851,
                2360689238
              ]
            },
            {
              "amount": 5,
              "eligible_players": [
                2360689238
              ]
            }
          ],
          "total_pot_after_action": 15,
          "total_side_pots_after_action": [
            {
              "id": 0,
              "amount": 10,
              "eligible_players": [
                3374450851,
                2360689238
              ]
            },
            {
              "id": 1,
              "amount": 5,
              "eligible_players": [
                2360689238
              ]
            }
          ]
        }
      ],
      "actionTimes": {}
    },
    "1": {
      "pot": 100,
      "bets": {
        "2360689237": 100,
        "3374450850": 0
      },
      "actions": {
        "3374450850": "FOLD",
        "2360689237": "RAISE"
      },
      "action_sequence": [
        {
          "player": 3374450850,
          "action": "CHECK",
          "amount": 0,
          "timestamp": 1756795540778,
          "pot_after_action": 0,
          "side_pots_after_action": [
            {
              "amount": 0,
              "eligible_players": [
                3374450851,
                2360689238
              ]
            }
          ],
          "total_pot_after_action": 15,
          "total_side_pots_after_action": [
            {
              "id": 0,
              "amount": 10,
              "eligible_players": [
                3374450851,
                2360689238
              ]
            },
            {
              "id": 1,
              "amount": 5,
              "eligible_players": [
                2360689238
              ]
            },
            {
              "id": 2,
              "amount": 0,
              "eligible_players": [
                3374450851,
                2360689238
              ]
            }
          ]
        },
        {
          "player": 2360689237,
          "action": "RAISE",
          "amount": 100,
          "timestamp": 1756795540778,
          "pot_after_action": 100,
          "side_pots_after_action": [
            {
              "amount": 100,
              "eligible_players": [
                3374450851,
                2360689238
              ]
            }
          ],
          "total_pot_after_action": 115,
          "total_side_pots_after_action": [
            {
              "id": 0,
              "amount": 10,
              "eligible_players": [
                3374450851,
                2360689238
              ]
            },
            {
              "id": 1,
              "amount": 5,
              "eligible_players": [
                2360689238
              ]
            },
            {
              "id": 2,
              "amount": 100,
              "eligible_players": [
                3374450851,
                2360689238
              ]
            }
          ]
        },
        {
          "player": 3374450850,
          "action": "FOLD",
          "amount": 0,
          "timestamp": 1756795540821,
          "pot_after_action": 100,
          "side_pots_after_action": [
            {
              "amount": 100,
              "eligible_players": [
                3374450851,
                2360689238
              ]
            }
          ],
          "total_pot_after_action": 115,
          "total_side_pots_after_action": [
            {
              "id": 0,
              "amount": 10,
              "eligible_players": [
                3374450851,
                2360689238
              ]
            },
            {
              "id": 1,
              "amount": 5,
              "eligible_players": [
                2360689238
              ]
            },
            {
              "id": 2,
              "amount": 100,
              "eligible_players": [
                3374450851,
                2360689238
              ]
            }
          ]
        }
      ],
      "actionTimes": {
        "3374450850": 46,
        "2360689237": 3
      }
    }
  },
  "playerNames": {
    "2360689237": "player2360689238",
    "3374450850": "player3374450851"
  },
  "blinds": {
    "small": 5,
    "big": 10
  },
  "finalBoard": [
    "Qs",
    "9c",
    "2d",
    "5s"
  ],
  "sidePots": [
    {
      "amount": 0,
      "eligible_players": [
        2360689237
      ]
    }
  ],
  "playerMoney": {
    "initialAmount": 10000,
    "startingMoney": {
      "2360689238": 10055,
      "3374450851": 9945
    },
    "startingDelta": {
      "2360689238": 55,
      "3374450851": -55
    },
    "finalDelta": {
      "2360689238": 60,
      "3374450851": -60
    },
    "gameScores": {
      "2360689238": 5,
      "3374450851": -5
    },
    "finalMoney": {
      "2360689238": 10060,
      "3374450851": 9940
    },
    "thisGameDelta": {
      "2360689238": 5,
      "3374450851": -5
    }
  },
  "playerHands": {
    "2360689237": [
      "Js",
      "5d"
    ],
    "3374450850": [
      "7c",
      "2s"
    ]
  },
  "usernameMapping": {
    "default": 2360689238,
    "client_container_6076_test_client_test_x_ai_grok_4_iter_2_20250901_234534_iter2": 3374450851
  },
  "playerIdToUsername": {
    "2360689238": "default",
    "3374450851": "client_container_6076_test_client_test_x_ai_grok_4_iter_2_20250901_234534_iter2"
  }
}