{
  "gameId": "da485501-f2a0-48e5-9f8f-1eefb0b81ccd",
  "rounds": {
    "0": {
      "pot": 15,
      "bets": {
        "3259327593": 5,
        "432652589": 10
      },
      "actions": {
        "3259327593": "RAISE",
        "432652589": "RAISE"
      },
      "action_sequence": [
        {
          "player": 3259327593,
          "action": "RAISE",
          "amount": 5,
          "timestamp": 1758174123573,
          "pot_after_action": 5,
          "side_pots_after_action": [
            {
              "amount": 5,
              "eligible_players": [
                3259327594,
                432652590
              ]
            }
          ],
          "total_pot_after_action": 5,
          "total_side_pots_after_action": [
            {
              "id": 0,
              "amount": 5,
              "eligible_players": [
                3259327594,
                432652590
              ]
            }
          ]
        },
        {
          "player": 432652589,
          "action": "RAISE",
          "amount": 10,
          "timestamp": 1758174123573,
          "pot_after_action": 15,
          "side_pots_after_action": [
            {
              "amount": 10,
              "eligible_players": [
                3259327594,
                432652590
              ]
            },
            {
              "amount": 5,
              "eligible_players": [
                432652590
              ]
            }
          ],
          "total_pot_after_action": 15,
          "total_side_pots_after_action": [
            {
              "id": 0,
              "amount": 10,
              "eligible_players": [
                3259327594,
                432652590
              ]
            },
            {
              "id": 1,
              "amount": 5,
              "eligible_players": [
                432652590
              ]
            }
          ]
        }
      ],
      "actionTimes": {}
    },
    "1": {
      "pot": 100,
      "bets": {
        "3259327593": 100,
        "432652589": 0
      },
      "actions": {
        "3259327593": "RAISE",
        "432652589": "FOLD"
      },
      "action_sequence": [
        {
          "player": 3259327593,
          "action": "RAISE",
          "amount": 100,
          "timestamp": 1758174123576,
          "pot_after_action": 100,
          "side_pots_after_action": [
            {
              "amount": 100,
              "eligible_players": [
                3259327594,
                432652590
              ]
            }
          ],
          "total_pot_after_action": 115,
          "total_side_pots_after_action": [
            {
              "id": 0,
              "amount": 10,
              "eligible_players": [
                3259327594,
                432652590
              ]
            },
            {
              "id": 1,
              "amount": 5,
              "eligible_players": [
                432652590
              ]
            },
            {
              "id": 2,
              "amount": 100,
              "eligible_players": [
                3259327594,
                432652590
              ]
            }
          ]
        },
        {
          "player": 432652589,
          "action": "FOLD",
          "amount": 0,
          "timestamp": 1758174123619,
          "pot_after_action": 100,
          "side_pots_after_action": [
            {
              "amount": 100,
              "eligible_players": [
                3259327594,
                432652590
              ]
            }
          ],
          "total_pot_after_action": 115,
          "total_side_pots_after_action": [
            {
              "id": 0,
              "amount": 10,
              "eligible_players": [
                3259327594,
                432652590
              ]
            },
            {
              "id": 1,
              "amount": 5,
              "eligible_players": [
                432652590
              ]
            },
            {
              "id": 2,
              "amount": 100,
              "eligible_players": [
                3259327594,
                432652590
              ]
            }
          ]
        }
      ],
      "actionTimes": {
        "3259327593": 3,
        "432652589": 46
      }
    }
  },
  "playerNames": {
    "3259327593": "player3259327594",
    "432652589": "player432652590"
  },
  "blinds": {
    "small": 5,
    "big": 10
  },
  "finalBoard": [
    "Ks",
    "6h",
    "3c",
    "4s"
  ],
  "sidePots": [
    {
      "amount": 0,
      "eligible_players": [
        3259327593
      ]
    }
  ],
  "playerMoney": {
    "initialAmount": 10000,
    "startingMoney": {
      "3259327594": 10045,
      "432652590": 9955
    },
    "startingDelta": {
      "3259327594": 45,
      "432652590": -45
    },
    "finalDelta": {
      "3259327594": 55,
      "432652590": -55
    },
    "gameScores": {
      "3259327594": 10,
      "432652590": -10
    },
    "finalMoney": {
      "3259327594": 10055,
      "432652590": 9945
    },
    "thisGameDelta": {
      "3259327594": 10,
      "432652590": -10
    }
  },
  "playerHands": {
    "3259327593": [
      "9s",
      "6s"
    ],
    "432652589": [
      "8s",
      "8h"
    ]
  },
  "usernameMapping": {
    "default": 3259327594,
    "client_container_6650_test_client_test_openai_o3_pro_iter_5_20250917_224157_iter5": 432652590
  },
  "playerIdToUsername": {
    "3259327594": "default",
    "432652590": "client_container_6650_test_client_test_openai_o3_pro_iter_5_20250917_224157_iter5"
  }
}