{
  "gameId": "da485501-f2a0-48e5-9f8f-1eefb0b81ccd",
  "rounds": {
    "0": {
      "pot": 15,
      "bets": {
        "3259327593": 10,
        "432652589": 5
      },
      "actions": {
        "432652589": "RAISE",
        "3259327593": "RAISE"
      },
      "action_sequence": [
        {
          "player": 432652589,
          "action": "RAISE",
          "amount": 5,
          "timestamp": 1758174123515,
          "pot_after_action": 5,
          "side_pots_after_action": [
            {
              "amount": 5,
              "eligible_players": [
                3259327594,
                432652590
              ]
            }
          ],
          "total_pot_after_action": 5,
          "total_side_pots_after_action": [
            {
              "id": 0,
              "amount": 5,
              "eligible_players": [
                3259327594,
                432652590
              ]
            }
          ]
        },
        {
          "player": 3259327593,
          "action": "RAISE",
          "amount": 10,
          "timestamp": 1758174123515,
          "pot_after_action": 15,
          "side_pots_after_action": [
            {
              "amount": 10,
              "eligible_players": [
                3259327594,
                432652590
              ]
            },
            {
              "amount": 5,
              "eligible_players": [
                3259327594
              ]
            }
          ],
          "total_pot_after_action": 15,
          "total_side_pots_after_action": [
            {
              "id": 0,
              "amount": 10,
              "eligible_players": [
                3259327594,
                432652590
              ]
            },
            {
              "id": 1,
              "amount": 5,
              "eligible_players": [
                3259327594
              ]
            }
          ]
        }
      ],
      "actionTimes": {}
    },
    "1": {
      "pot": 100,
      "bets": {
        "3259327593": 100,
        "432652589": 0
      },
      "actions": {
        "432652589": "FOLD",
        "3259327593": "RAISE"
      },
      "action_sequence": [
        {
          "player": 432652589,
          "action": "CHECK",
          "amount": 0,
          "timestamp": 1758174123518,
          "pot_after_action": 0,
          "side_pots_after_action": [
            {
              "amount": 0,
              "eligible_players": [
                3259327594,
                432652590
              ]
            }
          ],
          "total_pot_after_action": 15,
          "total_side_pots_after_action": [
            {
              "id": 0,
              "amount": 10,
              "eligible_players": [
                3259327594,
                432652590
              ]
            },
            {
              "id": 1,
              "amount": 5,
              "eligible_players": [
                3259327594
              ]
            },
            {
              "id": 2,
              "amount": 0,
              "eligible_players": [
                3259327594,
                432652590
              ]
            }
          ]
        },
        {
          "player": 3259327593,
          "action": "RAISE",
          "amount": 100,
          "timestamp": 1758174123519,
          "pot_after_action": 100,
          "side_pots_after_action": [
            {
              "amount": 100,
              "eligible_players": [
                3259327594,
                432652590
              ]
            }
          ],
          "total_pot_after_action": 115,
          "total_side_pots_after_action": [
            {
              "id": 0,
              "amount": 10,
              "eligible_players": [
                3259327594,
                432652590
              ]
            },
            {
              "id": 1,
              "amount": 5,
              "eligible_players": [
                3259327594
              ]
            },
            {
              "id": 2,
              "amount": 100,
              "eligible_players": [
                3259327594,
                432652590
              ]
            }
          ]
        },
        {
          "player": 432652589,
          "action": "FOLD",
          "amount": 0,
          "timestamp": 1758174123560,
          "pot_after_action": 100,
          "side_pots_after_action": [
            {
              "amount": 100,
              "eligible_players": [
                3259327594,
                432652590
              ]
            }
          ],
          "total_pot_after_action": 115,
          "total_side_pots_after_action": [
            {
              "id": 0,
              "amount": 10,
              "eligible_players": [
                3259327594,
                432652590
              ]
            },
            {
              "id": 1,
              "amount": 5,
              "eligible_players": [
                3259327594
              ]
            },
            {
              "id": 2,
              "amount": 100,
              "eligible_players": [
                3259327594,
                432652590
              ]
            }
          ]
        }
      ],
      "actionTimes": {
        "432652589": 46,
        "3259327593": 5
      }
    }
  },
  "playerNames": {
    "3259327593": "player3259327594",
    "432652589": "player432652590"
  },
  "blinds": {
    "small": 5,
    "big": 10
  },
  "finalBoard": [
    "5c",
    "4c",
    "Ks",
    "Jd"
  ],
  "sidePots": [
    {
      "amount": 0,
      "eligible_players": [
        3259327593
      ]
    }
  ],
  "playerMoney": {
    "initialAmount": 10000,
    "startingMoney": {
      "3259327594": 10040,
      "432652590": 9960
    },
    "startingDelta": {
      "3259327594": 40,
      "432652590": -40
    },
    "finalDelta": {
      "3259327594": 45,
      "432652590": -45
    },
    "gameScores": {
      "3259327594": 5,
      "432652590": -5
    },
    "finalMoney": {
      "3259327594": 10045,
      "432652590": 9955
    },
    "thisGameDelta": {
      "3259327594": 5,
      "432652590": -5
    }
  },
  "playerHands": {
    "3259327593": [
      "Td",
      "Ac"
    ],
    "432652589": [
      "Kc",
      "8c"
    ]
  },
  "usernameMapping": {
    "default": 3259327594,
    "client_container_6650_test_client_test_openai_o3_pro_iter_5_20250917_224157_iter5": 432652590
  },
  "playerIdToUsername": {
    "3259327594": "default",
    "432652590": "client_container_6650_test_client_test_openai_o3_pro_iter_5_20250917_224157_iter5"
  }
}