{
  "gameId": "bfbb1bce-c69a-4079-bf81-a28a2a5ef942",
  "rounds": {
    "0": {
      "pot": 15,
      "bets": {
        "3401146164": 10,
        "2358167267": 5
      },
      "actions": {
        "2358167267": "RAISE",
        "3401146164": "RAISE"
      },
      "action_sequence": [
        {
          "player": 2358167267,
          "action": "RAISE",
          "amount": 5,
          "timestamp": 1757779403812,
          "pot_after_action": 5,
          "side_pots_after_action": [
            {
              "amount": 5,
              "eligible_players": [
                2358167268,
                3401146165
              ]
            }
          ],
          "total_pot_after_action": 5,
          "total_side_pots_after_action": [
            {
              "id": 0,
              "amount": 5,
              "eligible_players": [
                2358167268,
                3401146165
              ]
            }
          ]
        },
        {
          "player": 3401146164,
          "action": "RAISE",
          "amount": 10,
          "timestamp": 1757779403812,
          "pot_after_action": 15,
          "side_pots_after_action": [
            {
              "amount": 10,
              "eligible_players": [
                2358167268,
                3401146165
              ]
            },
            {
              "amount": 5,
              "eligible_players": [
                3401146165
              ]
            }
          ],
          "total_pot_after_action": 15,
          "total_side_pots_after_action": [
            {
              "id": 0,
              "amount": 10,
              "eligible_players": [
                2358167268,
                3401146165
              ]
            },
            {
              "id": 1,
              "amount": 5,
              "eligible_players": [
                3401146165
              ]
            }
          ]
        }
      ],
      "actionTimes": {}
    },
    "1": {
      "pot": 100,
      "bets": {
        "3401146164": 100,
        "2358167267": 0
      },
      "actions": {
        "2358167267": "FOLD",
        "3401146164": "RAISE"
      },
      "action_sequence": [
        {
          "player": 2358167267,
          "action": "CHECK",
          "amount": 0,
          "timestamp": 1757779403815,
          "pot_after_action": 0,
          "side_pots_after_action": [
            {
              "amount": 0,
              "eligible_players": [
                2358167268,
                3401146165
              ]
            }
          ],
          "total_pot_after_action": 15,
          "total_side_pots_after_action": [
            {
              "id": 0,
              "amount": 10,
              "eligible_players": [
                2358167268,
                3401146165
              ]
            },
            {
              "id": 1,
              "amount": 5,
              "eligible_players": [
                3401146165
              ]
            },
            {
              "id": 2,
              "amount": 0,
              "eligible_players": [
                2358167268,
                3401146165
              ]
            }
          ]
        },
        {
          "player": 3401146164,
          "action": "RAISE",
          "amount": 100,
          "timestamp": 1757779403816,
          "pot_after_action": 100,
          "side_pots_after_action": [
            {
              "amount": 100,
              "eligible_players": [
                2358167268,
                3401146165
              ]
            }
          ],
          "total_pot_after_action": 115,
          "total_side_pots_after_action": [
            {
              "id": 0,
              "amount": 10,
              "eligible_players": [
                2358167268,
                3401146165
              ]
            },
            {
              "id": 1,
              "amount": 5,
              "eligible_players": [
                3401146165
              ]
            },
            {
              "id": 2,
              "amount": 100,
              "eligible_players": [
                2358167268,
                3401146165
              ]
            }
          ]
        },
        {
          "player": 2358167267,
          "action": "FOLD",
          "amount": 0,
          "timestamp": 1757779403857,
          "pot_after_action": 100,
          "side_pots_after_action": [
            {
              "amount": 100,
              "eligible_players": [
                2358167268,
                3401146165
              ]
            }
          ],
          "total_pot_after_action": 115,
          "total_side_pots_after_action": [
            {
              "id": 0,
              "amount": 10,
              "eligible_players": [
                2358167268,
                3401146165
              ]
            },
            {
              "id": 1,
              "amount": 5,
              "eligible_players": [
                3401146165
              ]
            },
            {
              "id": 2,
              "amount": 100,
              "eligible_players": [
                2358167268,
                3401146165
              ]
            }
          ]
        }
      ],
      "actionTimes": {
        "2358167267": 46,
        "3401146164": 5
      }
    }
  },
  "playerNames": {
    "3401146164": "player3401146165",
    "2358167267": "player2358167268"
  },
  "blinds": {
    "small": 5,
    "big": 10
  },
  "finalBoard": [
    "Jh",
    "Kh",
    "3c",
    "7s"
  ],
  "sidePots": [
    {
      "amount": 0,
      "eligible_players": [
        3401146164
      ]
    }
  ],
  "playerMoney": {
    "initialAmount": 10000,
    "startingMoney": {
      "3401146165": 10025,
      "2358167268": 9975
    },
    "startingDelta": {
      "3401146165": 25,
      "2358167268": -25
    },
    "finalDelta": {
      "3401146165": 30,
      "2358167268": -30
    },
    "gameScores": {
      "3401146165": 5,
      "2358167268": -5
    },
    "finalMoney": {
      "3401146165": 10030,
      "2358167268": 9970
    },
    "thisGameDelta": {
      "3401146165": 5,
      "2358167268": -5
    }
  },
  "playerHands": {
    "3401146164": [
      "3s",
      "Qd"
    ],
    "2358167267": [
      "Jc",
      "Qh"
    ]
  },
  "usernameMapping": {
    "default": 3401146165,
    "client_container_5946_test_client_test_z_ai_glm_4.5_iter_2_20250913_120317_iter2": 2358167268
  },
  "playerIdToUsername": {
    "3401146165": "default",
    "2358167268": "client_container_5946_test_client_test_z_ai_glm_4.5_iter_2_20250913_120317_iter2"
  }
}