{
  "gameId": "bfbb1bce-c69a-4079-bf81-a28a2a5ef942",
  "rounds": {
    "0": {
      "pot": 15,
      "bets": {
        "3401146164": 10,
        "2358167267": 5
      },
      "actions": {
        "2358167267": "RAISE",
        "3401146164": "RAISE"
      },
      "action_sequence": [
        {
          "player": 2358167267,
          "action": "RAISE",
          "amount": 5,
          "timestamp": 1757779404159,
          "pot_after_action": 5,
          "side_pots_after_action": [
            {
              "amount": 5,
              "eligible_players": [
                2358167268,
                3401146165
              ]
            }
          ],
          "total_pot_after_action": 5,
          "total_side_pots_after_action": [
            {
              "id": 0,
              "amount": 5,
              "eligible_players": [
                2358167268,
                3401146165
              ]
            }
          ]
        },
        {
          "player": 3401146164,
          "action": "RAISE",
          "amount": 10,
          "timestamp": 1757779404159,
          "pot_after_action": 15,
          "side_pots_after_action": [
            {
              "amount": 10,
              "eligible_players": [
                2358167268,
                3401146165
              ]
            },
            {
              "amount": 5,
              "eligible_players": [
                3401146165
              ]
            }
          ],
          "total_pot_after_action": 15,
          "total_side_pots_after_action": [
            {
              "id": 0,
              "amount": 10,
              "eligible_players": [
                2358167268,
                3401146165
              ]
            },
            {
              "id": 1,
              "amount": 5,
              "eligible_players": [
                3401146165
              ]
            }
          ]
        }
      ],
      "actionTimes": {}
    },
    "1": {
      "pot": 100,
      "bets": {
        "3401146164": 100,
        "2358167267": 0
      },
      "actions": {
        "2358167267": "FOLD",
        "3401146164": "RAISE"
      },
      "action_sequence": [
        {
          "player": 2358167267,
          "action": "CHECK",
          "amount": 0,
          "timestamp": 1757779404163,
          "pot_after_action": 0,
          "side_pots_after_action": [
            {
              "amount": 0,
              "eligible_players": [
                2358167268,
                3401146165
              ]
            }
          ],
          "total_pot_after_action": 15,
          "total_side_pots_after_action": [
            {
              "id": 0,
              "amount": 10,
              "eligible_players": [
                2358167268,
                3401146165
              ]
            },
            {
              "id": 1,
              "amount": 5,
              "eligible_players": [
                3401146165
              ]
            },
            {
              "id": 2,
              "amount": 0,
              "eligible_players": [
                2358167268,
                3401146165
              ]
            }
          ]
        },
        {
          "player": 3401146164,
          "action": "RAISE",
          "amount": 100,
          "timestamp": 1757779404163,
          "pot_after_action": 100,
          "side_pots_after_action": [
            {
              "amount": 100,
              "eligible_players": [
                2358167268,
                3401146165
              ]
            }
          ],
          "total_pot_after_action": 115,
          "total_side_pots_after_action": [
            {
              "id": 0,
              "amount": 10,
              "eligible_players": [
                2358167268,
                3401146165
              ]
            },
            {
              "id": 1,
              "amount": 5,
              "eligible_players": [
                3401146165
              ]
            },
            {
              "id": 2,
              "amount": 100,
              "eligible_players": [
                2358167268,
                3401146165
              ]
            }
          ]
        },
        {
          "player": 2358167267,
          "action": "FOLD",
          "amount": 0,
          "timestamp": 1757779404205,
          "pot_after_action": 100,
          "side_pots_after_action": [
            {
              "amount": 100,
              "eligible_players": [
                2358167268,
                3401146165
              ]
            }
          ],
          "total_pot_after_action": 115,
          "total_side_pots_after_action": [
            {
              "id": 0,
              "amount": 10,
              "eligible_players": [
                2358167268,
                3401146165
              ]
            },
            {
              "id": 1,
              "amount": 5,
              "eligible_players": [
                3401146165
              ]
            },
            {
              "id": 2,
              "amount": 100,
              "eligible_players": [
                2358167268,
                3401146165
              ]
            }
          ]
        }
      ],
      "actionTimes": {
        "2358167267": 46,
        "3401146164": 4
      }
    }
  },
  "playerNames": {
    "3401146164": "player3401146165",
    "2358167267": "player2358167268"
  },
  "blinds": {
    "small": 5,
    "big": 10
  },
  "finalBoard": [
    "Ah",
    "7s",
    "Qs",
    "7d"
  ],
  "sidePots": [
    {
      "amount": 0,
      "eligible_players": [
        3401146164
      ]
    }
  ],
  "playerMoney": {
    "initialAmount": 10000,
    "startingMoney": {
      "3401146165": 10070,
      "2358167268": 9930
    },
    "startingDelta": {
      "3401146165": 70,
      "2358167268": -70
    },
    "finalDelta": {
      "3401146165": 75,
      "2358167268": -75
    },
    "gameScores": {
      "3401146165": 5,
      "2358167268": -5
    },
    "finalMoney": {
      "3401146165": 10075,
      "2358167268": 9925
    },
    "thisGameDelta": {
      "3401146165": 5,
      "2358167268": -5
    }
  },
  "playerHands": {
    "3401146164": [
      "6d",
      "Jh"
    ],
    "2358167267": [
      "8h",
      "9d"
    ]
  },
  "usernameMapping": {
    "default": 3401146165,
    "client_container_5946_test_client_test_z_ai_glm_4.5_iter_2_20250913_120317_iter2": 2358167268
  },
  "playerIdToUsername": {
    "3401146165": "default",
    "2358167268": "client_container_5946_test_client_test_z_ai_glm_4.5_iter_2_20250913_120317_iter2"
  }
}