{
  "gameId": "bfbb1bce-c69a-4079-bf81-a28a2a5ef942",
  "rounds": {
    "0": {
      "pot": 15,
      "bets": {
        "3401146164": 5,
        "2358167267": 10
      },
      "actions": {
        "3401146164": "RAISE",
        "2358167267": "RAISE"
      },
      "action_sequence": [
        {
          "player": 3401146164,
          "action": "RAISE",
          "amount": 5,
          "timestamp": 1757779404103,
          "pot_after_action": 5,
          "side_pots_after_action": [
            {
              "amount": 5,
              "eligible_players": [
                2358167268,
                3401146165
              ]
            }
          ],
          "total_pot_after_action": 5,
          "total_side_pots_after_action": [
            {
              "id": 0,
              "amount": 5,
              "eligible_players": [
                2358167268,
                3401146165
              ]
            }
          ]
        },
        {
          "player": 2358167267,
          "action": "RAISE",
          "amount": 10,
          "timestamp": 1757779404103,
          "pot_after_action": 15,
          "side_pots_after_action": [
            {
              "amount": 10,
              "eligible_players": [
                2358167268,
                3401146165
              ]
            },
            {
              "amount": 5,
              "eligible_players": [
                2358167268
              ]
            }
          ],
          "total_pot_after_action": 15,
          "total_side_pots_after_action": [
            {
              "id": 0,
              "amount": 10,
              "eligible_players": [
                2358167268,
                3401146165
              ]
            },
            {
              "id": 1,
              "amount": 5,
              "eligible_players": [
                2358167268
              ]
            }
          ]
        }
      ],
      "actionTimes": {}
    },
    "1": {
      "pot": 100,
      "bets": {
        "3401146164": 100,
        "2358167267": 0
      },
      "actions": {
        "3401146164": "RAISE",
        "2358167267": "FOLD"
      },
      "action_sequence": [
        {
          "player": 3401146164,
          "action": "RAISE",
          "amount": 100,
          "timestamp": 1757779404106,
          "pot_after_action": 100,
          "side_pots_after_action": [
            {
              "amount": 100,
              "eligible_players": [
                2358167268,
                3401146165
              ]
            }
          ],
          "total_pot_after_action": 115,
          "total_side_pots_after_action": [
            {
              "id": 0,
              "amount": 10,
              "eligible_players": [
                2358167268,
                3401146165
              ]
            },
            {
              "id": 1,
              "amount": 5,
              "eligible_players": [
                2358167268
              ]
            },
            {
              "id": 2,
              "amount": 100,
              "eligible_players": [
                2358167268,
                3401146165
              ]
            }
          ]
        },
        {
          "player": 2358167267,
          "action": "FOLD",
          "amount": 0,
          "timestamp": 1757779404147,
          "pot_after_action": 100,
          "side_pots_after_action": [
            {
              "amount": 100,
              "eligible_players": [
                2358167268,
                3401146165
              ]
            }
          ],
          "total_pot_after_action": 115,
          "total_side_pots_after_action": [
            {
              "id": 0,
              "amount": 10,
              "eligible_players": [
                2358167268,
                3401146165
              ]
            },
            {
              "id": 1,
              "amount": 5,
              "eligible_players": [
                2358167268
              ]
            },
            {
              "id": 2,
              "amount": 100,
              "eligible_players": [
                2358167268,
                3401146165
              ]
            }
          ]
        }
      ],
      "actionTimes": {
        "3401146164": 3,
        "2358167267": 44
      }
    }
  },
  "playerNames": {
    "3401146164": "player3401146165",
    "2358167267": "player2358167268"
  },
  "blinds": {
    "small": 5,
    "big": 10
  },
  "finalBoard": [
    "8d",
    "Qh",
    "Tc",
    "Qd"
  ],
  "sidePots": [
    {
      "amount": 0,
      "eligible_players": [
        3401146164
      ]
    }
  ],
  "playerMoney": {
    "initialAmount": 10000,
    "startingMoney": {
      "3401146165": 10060,
      "2358167268": 9940
    },
    "startingDelta": {
      "3401146165": 60,
      "2358167268": -60
    },
    "finalDelta": {
      "3401146165": 70,
      "2358167268": -70
    },
    "gameScores": {
      "3401146165": 10,
      "2358167268": -10
    },
    "finalMoney": {
      "3401146165": 10070,
      "2358167268": 9930
    },
    "thisGameDelta": {
      "3401146165": 10,
      "2358167268": -10
    }
  },
  "playerHands": {
    "3401146164": [
      "4d",
      "6d"
    ],
    "2358167267": [
      "2h",
      "Js"
    ]
  },
  "usernameMapping": {
    "default": 3401146165,
    "client_container_5946_test_client_test_z_ai_glm_4.5_iter_2_20250913_120317_iter2": 2358167268
  },
  "playerIdToUsername": {
    "3401146165": "default",
    "2358167268": "client_container_5946_test_client_test_z_ai_glm_4.5_iter_2_20250913_120317_iter2"
  }
}