{
  "gameId": "d6cbe581-7f06-463e-b9bb-dfc5dd7fbbd5",
  "rounds": {
    "0": {
      "pot": 15,
      "bets": {
        "2737899402": 5,
        "383821083": 10
      },
      "actions": {
        "2737899402": "RAISE",
        "383821083": "RAISE"
      },
      "action_sequence": [
        {
          "player": 2737899402,
          "action": "RAISE",
          "amount": 5,
          "timestamp": 1758145655802,
          "pot_after_action": 5,
          "side_pots_after_action": [
            {
              "amount": 5,
              "eligible_players": [
                2737899403,
                383821084
              ]
            }
          ],
          "total_pot_after_action": 5,
          "total_side_pots_after_action": [
            {
              "id": 0,
              "amount": 5,
              "eligible_players": [
                2737899403,
                383821084
              ]
            }
          ]
        },
        {
          "player": 383821083,
          "action": "RAISE",
          "amount": 10,
          "timestamp": 1758145655802,
          "pot_after_action": 15,
          "side_pots_after_action": [
            {
              "amount": 10,
              "eligible_players": [
                2737899403,
                383821084
              ]
            },
            {
              "amount": 5,
              "eligible_players": [
                383821084
              ]
            }
          ],
          "total_pot_after_action": 15,
          "total_side_pots_after_action": [
            {
              "id": 0,
              "amount": 10,
              "eligible_players": [
                2737899403,
                383821084
              ]
            },
            {
              "id": 1,
              "amount": 5,
              "eligible_players": [
                383821084
              ]
            }
          ]
        }
      ],
      "actionTimes": {}
    },
    "1": {
      "pot": 100,
      "bets": {
        "2737899402": 100,
        "383821083": 0
      },
      "actions": {
        "2737899402": "RAISE",
        "383821083": "FOLD"
      },
      "action_sequence": [
        {
          "player": 2737899402,
          "action": "RAISE",
          "amount": 100,
          "timestamp": 1758145655805,
          "pot_after_action": 100,
          "side_pots_after_action": [
            {
              "amount": 100,
              "eligible_players": [
                2737899403,
                383821084
              ]
            }
          ],
          "total_pot_after_action": 115,
          "total_side_pots_after_action": [
            {
              "id": 0,
              "amount": 10,
              "eligible_players": [
                2737899403,
                383821084
              ]
            },
            {
              "id": 1,
              "amount": 5,
              "eligible_players": [
                383821084
              ]
            },
            {
              "id": 2,
              "amount": 100,
              "eligible_players": [
                2737899403,
                383821084
              ]
            }
          ]
        },
        {
          "player": 383821083,
          "action": "FOLD",
          "amount": 0,
          "timestamp": 1758145655847,
          "pot_after_action": 100,
          "side_pots_after_action": [
            {
              "amount": 100,
              "eligible_players": [
                2737899403,
                383821084
              ]
            }
          ],
          "total_pot_after_action": 115,
          "total_side_pots_after_action": [
            {
              "id": 0,
              "amount": 10,
              "eligible_players": [
                2737899403,
                383821084
              ]
            },
            {
              "id": 1,
              "amount": 5,
              "eligible_players": [
                383821084
              ]
            },
            {
              "id": 2,
              "amount": 100,
              "eligible_players": [
                2737899403,
                383821084
              ]
            }
          ]
        }
      ],
      "actionTimes": {
        "2737899402": 3,
        "383821083": 45
      }
    }
  },
  "playerNames": {
    "2737899402": "player2737899403",
    "383821083": "player383821084"
  },
  "blinds": {
    "small": 5,
    "big": 10
  },
  "finalBoard": [
    "6s",
    "6c",
    "3h",
    "2c"
  ],
  "sidePots": [
    {
      "amount": 0,
      "eligible_players": [
        2737899402
      ]
    }
  ],
  "playerMoney": {
    "initialAmount": 10000,
    "startingMoney": {
      "2737899403": 10060,
      "383821084": 9940
    },
    "startingDelta": {
      "2737899403": 60,
      "383821084": -60
    },
    "finalDelta": {
      "2737899403": 70,
      "383821084": -70
    },
    "gameScores": {
      "2737899403": 10,
      "383821084": -10
    },
    "finalMoney": {
      "2737899403": 10070,
      "383821084": 9930
    },
    "thisGameDelta": {
      "2737899403": 10,
      "383821084": -10
    }
  },
  "playerHands": {
    "2737899402": [
      "Kc",
      "2s"
    ],
    "383821083": [
      "2h",
      "8h"
    ]
  },
  "usernameMapping": {
    "default": 2737899403,
    "client_container_6519_test_client_test_moonshotai_kimi_k2_iter_3_20250917_144729_iter3": 383821084
  },
  "playerIdToUsername": {
    "2737899403": "default",
    "383821084": "client_container_6519_test_client_test_moonshotai_kimi_k2_iter_3_20250917_144729_iter3"
  }
}