{
  "gameId": "bec16c38-3cf3-4618-bf6e-0f331e8807fb",
  "rounds": {
    "0": {
      "pot": 15,
      "bets": {
        "4209660089": 5,
        "2351291258": 10
      },
      "actions": {
        "4209660089": "RAISE",
        "2351291258": "RAISE"
      },
      "action_sequence": [
        {
          "player": 4209660089,
          "action": "RAISE",
          "amount": 5,
          "timestamp": 1757779690621,
          "pot_after_action": 5,
          "side_pots_after_action": [
            {
              "amount": 5,
              "eligible_players": [
                4209660090,
                2351291259
              ]
            }
          ],
          "total_pot_after_action": 5,
          "total_side_pots_after_action": [
            {
              "id": 0,
              "amount": 5,
              "eligible_players": [
                4209660090,
                2351291259
              ]
            }
          ]
        },
        {
          "player": 2351291258,
          "action": "RAISE",
          "amount": 10,
          "timestamp": 1757779690621,
          "pot_after_action": 15,
          "side_pots_after_action": [
            {
              "amount": 10,
              "eligible_players": [
                4209660090,
                2351291259
              ]
            },
            {
              "amount": 5,
              "eligible_players": [
                2351291259
              ]
            }
          ],
          "total_pot_after_action": 15,
          "total_side_pots_after_action": [
            {
              "id": 0,
              "amount": 10,
              "eligible_players": [
                4209660090,
                2351291259
              ]
            },
            {
              "id": 1,
              "amount": 5,
              "eligible_players": [
                2351291259
              ]
            }
          ]
        }
      ],
      "actionTimes": {}
    },
    "1": {
      "pot": 100,
      "bets": {
        "4209660089": 100,
        "2351291258": 0
      },
      "actions": {
        "4209660089": "RAISE",
        "2351291258": "FOLD"
      },
      "action_sequence": [
        {
          "player": 4209660089,
          "action": "RAISE",
          "amount": 100,
          "timestamp": 1757779690663,
          "pot_after_action": 100,
          "side_pots_after_action": [
            {
              "amount": 100,
              "eligible_players": [
                4209660090,
                2351291259
              ]
            }
          ],
          "total_pot_after_action": 115,
          "total_side_pots_after_action": [
            {
              "id": 0,
              "amount": 10,
              "eligible_players": [
                4209660090,
                2351291259
              ]
            },
            {
              "id": 1,
              "amount": 5,
              "eligible_players": [
                2351291259
              ]
            },
            {
              "id": 2,
              "amount": 100,
              "eligible_players": [
                4209660090,
                2351291259
              ]
            }
          ]
        },
        {
          "player": 2351291258,
          "action": "FOLD",
          "amount": 0,
          "timestamp": 1757779690664,
          "pot_after_action": 100,
          "side_pots_after_action": [
            {
              "amount": 100,
              "eligible_players": [
                4209660090,
                2351291259
              ]
            }
          ],
          "total_pot_after_action": 115,
          "total_side_pots_after_action": [
            {
              "id": 0,
              "amount": 10,
              "eligible_players": [
                4209660090,
                2351291259
              ]
            },
            {
              "id": 1,
              "amount": 5,
              "eligible_players": [
                2351291259
              ]
            },
            {
              "id": 2,
              "amount": 100,
              "eligible_players": [
                4209660090,
                2351291259
              ]
            }
          ]
        }
      ],
      "actionTimes": {
        "4209660089": 42,
        "2351291258": 43
      }
    }
  },
  "playerNames": {
    "4209660089": "player4209660090",
    "2351291258": "player2351291259"
  },
  "blinds": {
    "small": 5,
    "big": 10
  },
  "finalBoard": [
    "Jd",
    "7c",
    "Qd",
    "9s"
  ],
  "sidePots": [
    {
      "amount": 0,
      "eligible_players": [
        4209660089
      ]
    }
  ],
  "playerMoney": {
    "initialAmount": 10000,
    "startingMoney": {
      "4209660090": 10015,
      "2351291259": 9985
    },
    "startingDelta": {
      "4209660090": 15,
      "2351291259": -15
    },
    "finalDelta": {
      "4209660090": 25,
      "2351291259": -25
    },
    "gameScores": {
      "4209660090": 10,
      "2351291259": -10
    },
    "finalMoney": {
      "4209660090": 10025,
      "2351291259": 9975
    },
    "thisGameDelta": {
      "4209660090": 10,
      "2351291259": -10
    }
  },
  "playerHands": {
    "4209660089": [
      "5s",
      "Kd"
    ],
    "2351291258": [
      "Ks",
      "3h"
    ]
  },
  "usernameMapping": {
    "default": 4209660090,
    "client_container_5946_test_client_test_z_ai_glm_4.5_iter_5_20250913_120804_iter5": 2351291259
  },
  "playerIdToUsername": {
    "4209660090": "default",
    "2351291259": "client_container_5946_test_client_test_z_ai_glm_4.5_iter_5_20250913_120804_iter5"
  }
}