{
  "gameId": "19cc3aad-d4ff-4d39-983b-f9c6c47c640e",
  "rounds": {
    "0": {
      "pot": 15,
      "bets": {
        "1857992782": 5,
        "1785219985": 10
      },
      "actions": {
        "1857992782": "RAISE",
        "1785219985": "RAISE"
      },
      "action_sequence": [
        {
          "player": 1857992782,
          "action": "RAISE",
          "amount": 5,
          "timestamp": 1758155128114,
          "pot_after_action": 5,
          "side_pots_after_action": [
            {
              "amount": 5,
              "eligible_players": [
                1785219986,
                1857992783
              ]
            }
          ],
          "total_pot_after_action": 5,
          "total_side_pots_after_action": [
            {
              "id": 0,
              "amount": 5,
              "eligible_players": [
                1785219986,
                1857992783
              ]
            }
          ]
        },
        {
          "player": 1785219985,
          "action": "RAISE",
          "amount": 10,
          "timestamp": 1758155128115,
          "pot_after_action": 15,
          "side_pots_after_action": [
            {
              "amount": 10,
              "eligible_players": [
                1785219986,
                1857992783
              ]
            },
            {
              "amount": 5,
              "eligible_players": [
                1785219986
              ]
            }
          ],
          "total_pot_after_action": 15,
          "total_side_pots_after_action": [
            {
              "id": 0,
              "amount": 10,
              "eligible_players": [
                1785219986,
                1857992783
              ]
            },
            {
              "id": 1,
              "amount": 5,
              "eligible_players": [
                1785219986
              ]
            }
          ]
        }
      ],
      "actionTimes": {}
    },
    "1": {
      "pot": 200,
      "bets": {
        "1857992782": 100,
        "1785219985": 100
      },
      "actions": {
        "1857992782": "RAISE",
        "1785219985": "CALL"
      },
      "action_sequence": [
        {
          "player": 1857992782,
          "action": "RAISE",
          "amount": 100,
          "timestamp": 1758155128163,
          "pot_after_action": 100,
          "side_pots_after_action": [
            {
              "amount": 100,
              "eligible_players": [
                1785219986,
                1857992783
              ]
            }
          ],
          "total_pot_after_action": 115,
          "total_side_pots_after_action": [
            {
              "id": 0,
              "amount": 10,
              "eligible_players": [
                1785219986,
                1857992783
              ]
            },
            {
              "id": 1,
              "amount": 5,
              "eligible_players": [
                1785219986
              ]
            },
            {
              "id": 2,
              "amount": 100,
              "eligible_players": [
                1785219986,
                1857992783
              ]
            }
          ]
        },
        {
          "player": 1785219985,
          "action": "CALL",
          "amount": 100,
          "timestamp": 1758155128165,
          "pot_after_action": 200,
          "side_pots_after_action": [
            {
              "amount": 200,
              "eligible_players": [
                1785219986,
                1857992783
              ]
            }
          ],
          "total_pot_after_action": 215,
          "total_side_pots_after_action": [
            {
              "id": 0,
              "amount": 10,
              "eligible_players": [
                1785219986,
                1857992783
              ]
            },
            {
              "id": 1,
              "amount": 5,
              "eligible_players": [
                1785219986
              ]
            },
            {
              "id": 2,
              "amount": 200,
              "eligible_players": [
                1785219986,
                1857992783
              ]
            }
          ]
        }
      ],
      "actionTimes": {
        "1857992782": 50,
        "1785219985": 52
      }
    },
    "2": {
      "pot": 0,
      "bets": {
        "1857992782": 0,
        "1785219985": 0
      },
      "actions": {
        "1857992782": "CHECK",
        "1785219985": "CHECK"
      },
      "action_sequence": [
        {
          "player": 1857992782,
          "action": "CHECK",
          "amount": 0,
          "timestamp": 1758155128211,
          "pot_after_action": 0,
          "side_pots_after_action": [
            {
              "amount": 0,
              "eligible_players": [
                1785219986,
                1857992783
              ]
            }
          ],
          "total_pot_after_action": 215,
          "total_side_pots_after_action": [
            {
              "id": 0,
              "amount": 10,
              "eligible_players": [
                1785219986,
                1857992783
              ]
            },
            {
              "id": 1,
              "amount": 5,
              "eligible_players": [
                1785219986
              ]
            },
            {
              "id": 2,
              "amount": 200,
              "eligible_players": [
                1785219986,
                1857992783
              ]
            },
            {
              "id": 3,
              "amount": 0,
              "eligible_players": [
                1785219986,
                1857992783
              ]
            }
          ]
        },
        {
          "player": 1785219985,
          "action": "CHECK",
          "amount": 0,
          "timestamp": 1758155128213,
          "pot_after_action": 0,
          "side_pots_after_action": [
            {
              "amount": 0,
              "eligible_players": [
                1785219986,
                1857992783
              ]
            }
          ],
          "total_pot_after_action": 215,
          "total_side_pots_after_action": [
            {
              "id": 0,
              "amount": 10,
              "eligible_players": [
                1785219986,
                1857992783
              ]
            },
            {
              "id": 1,
              "amount": 5,
              "eligible_players": [
                1785219986
              ]
            },
            {
              "id": 2,
              "amount": 200,
              "eligible_players": [
                1785219986,
                1857992783
              ]
            },
            {
              "id": 3,
              "amount": 0,
              "eligible_players": [
                1785219986,
                1857992783
              ]
            }
          ]
        }
      ],
      "actionTimes": {
        "1857992782": 98,
        "1785219985": 100
      }
    },
    "3": {
      "pot": 0,
      "bets": {
        "1857992782": 0,
        "1785219985": 0
      },
      "actions": {
        "1857992782": "CHECK",
        "1785219985": "CHECK"
      },
      "action_sequence": [
        {
          "player": 1857992782,
          "action": "CHECK",
          "amount": 0,
          "timestamp": 1758155128258,
          "pot_after_action": 0,
          "side_pots_after_action": [
            {
              "amount": 0,
              "eligible_players": [
                1785219986,
                1857992783
              ]
            }
          ],
          "total_pot_after_action": 215,
          "total_side_pots_after_action": [
            {
              "id": 0,
              "amount": 10,
              "eligible_players": [
                1785219986,
                1857992783
              ]
            },
            {
              "id": 1,
              "amount": 5,
              "eligible_players": [
                1785219986
              ]
            },
            {
              "id": 2,
              "amount": 200,
              "eligible_players": [
                1785219986,
                1857992783
              ]
            },
            {
              "id": 3,
              "amount": 0,
              "eligible_players": [
                1785219986,
                1857992783
              ]
            },
            {
              "id": 4,
              "amount": 0,
              "eligible_players": [
                1785219986,
                1857992783
              ]
            }
          ]
        },
        {
          "player": 1785219985,
          "action": "CHECK",
          "amount": 0,
          "timestamp": 1758155128262,
          "pot_after_action": 0,
          "side_pots_after_action": [
            {
              "amount": 0,
              "eligible_players": [
                1785219986,
                1857992783
              ]
            }
          ],
          "total_pot_after_action": 215,
          "total_side_pots_after_action": [
            {
              "id": 0,
              "amount": 10,
              "eligible_players": [
                1785219986,
                1857992783
              ]
            },
            {
              "id": 1,
              "amount": 5,
              "eligible_players": [
                1785219986
              ]
            },
            {
              "id": 2,
              "amount": 200,
              "eligible_players": [
                1785219986,
                1857992783
              ]
            },
            {
              "id": 3,
              "amount": 0,
              "eligible_players": [
                1785219986,
                1857992783
              ]
            },
            {
              "id": 4,
              "amount": 0,
              "eligible_players": [
                1785219986,
                1857992783
              ]
            }
          ]
        }
      ],
      "actionTimes": {
        "1857992782": 145,
        "1785219985": 149
      }
    }
  },
  "playerNames": {
    "1857992782": "player1857992783",
    "1785219985": "player1785219986"
  },
  "blinds": {
    "small": 5,
    "big": 10
  },
  "finalBoard": [
    "Js",
    "9h",
    "6s",
    "Jc",
    "Qh"
  ],
  "sidePots": [
    {
      "amount": 0,
      "eligible_players": [
        1785219985,
        1857992782
      ]
    }
  ],
  "playerMoney": {
    "initialAmount": 10000,
    "startingMoney": {
      "1857992783": 9795,
      "1785219986": 10205
    },
    "startingDelta": {
      "1857992783": -205,
      "1785219986": 205
    },
    "finalDelta": {
      "1857992783": -100,
      "1785219986": 100
    },
    "gameScores": {
      "1857992783": 105,
      "1785219986": -105
    },
    "finalMoney": {
      "1857992783": 9900,
      "1785219986": 10100
    },
    "thisGameDelta": {
      "1857992783": 105,
      "1785219986": -105
    }
  },
  "playerHands": {
    "1857992782": [
      "Qc",
      "Ac"
    ],
    "1785219985": [
      "3h",
      "Ks"
    ]
  },
  "usernameMapping": {
    "default": 1857992783,
    "client_container_6776_test_client_test_hermes_hermes_4_405b_iter_4_20250917_172520_iter4": 1785219986
  },
  "playerIdToUsername": {
    "1857992783": "default",
    "1785219986": "client_container_6776_test_client_test_hermes_hermes_4_405b_iter_4_20250917_172520_iter4"
  }
}