{
  "gameId": "29673f05-5571-4a98-b2cc-0b1171217e52",
  "rounds": {
    "0": {
      "pot": 15,
      "bets": {
        "4214721412": 5,
        "2727418420": 10
      },
      "actions": {
        "4214721412": "RAISE",
        "2727418420": "RAISE"
      },
      "action_sequence": [
        {
          "player": 4214721412,
          "action": "RAISE",
          "amount": 5,
          "timestamp": 1756787453473,
          "pot_after_action": 5,
          "side_pots_after_action": [
            {
              "amount": 5,
              "eligible_players": [
                2727418421,
                4214721413
              ]
            }
          ],
          "total_pot_after_action": 5,
          "total_side_pots_after_action": [
            {
              "id": 0,
              "amount": 5,
              "eligible_players": [
                2727418421,
                4214721413
              ]
            }
          ]
        },
        {
          "player": 2727418420,
          "action": "RAISE",
          "amount": 10,
          "timestamp": 1756787453473,
          "pot_after_action": 15,
          "side_pots_after_action": [
            {
              "amount": 10,
              "eligible_players": [
                2727418421,
                4214721413
              ]
            },
            {
              "amount": 5,
              "eligible_players": [
                2727418421
              ]
            }
          ],
          "total_pot_after_action": 15,
          "total_side_pots_after_action": [
            {
              "id": 0,
              "amount": 10,
              "eligible_players": [
                2727418421,
                4214721413
              ]
            },
            {
              "id": 1,
              "amount": 5,
              "eligible_players": [
                2727418421
              ]
            }
          ]
        }
      ],
      "actionTimes": {}
    },
    "1": {
      "pot": 100,
      "bets": {
        "4214721412": 100,
        "2727418420": 0
      },
      "actions": {
        "4214721412": "RAISE",
        "2727418420": "FOLD"
      },
      "action_sequence": [
        {
          "player": 4214721412,
          "action": "RAISE",
          "amount": 100,
          "timestamp": 1756787453475,
          "pot_after_action": 100,
          "side_pots_after_action": [
            {
              "amount": 100,
              "eligible_players": [
                2727418421,
                4214721413
              ]
            }
          ],
          "total_pot_after_action": 115,
          "total_side_pots_after_action": [
            {
              "id": 0,
              "amount": 10,
              "eligible_players": [
                2727418421,
                4214721413
              ]
            },
            {
              "id": 1,
              "amount": 5,
              "eligible_players": [
                2727418421
              ]
            },
            {
              "id": 2,
              "amount": 100,
              "eligible_players": [
                2727418421,
                4214721413
              ]
            }
          ]
        },
        {
          "player": 2727418420,
          "action": "FOLD",
          "amount": 0,
          "timestamp": 1756787453516,
          "pot_after_action": 100,
          "side_pots_after_action": [
            {
              "amount": 100,
              "eligible_players": [
                2727418421,
                4214721413
              ]
            }
          ],
          "total_pot_after_action": 115,
          "total_side_pots_after_action": [
            {
              "id": 0,
              "amount": 10,
              "eligible_players": [
                2727418421,
                4214721413
              ]
            },
            {
              "id": 1,
              "amount": 5,
              "eligible_players": [
                2727418421
              ]
            },
            {
              "id": 2,
              "amount": 100,
              "eligible_players": [
                2727418421,
                4214721413
              ]
            }
          ]
        }
      ],
      "actionTimes": {
        "4214721412": 2,
        "2727418420": 43
      }
    }
  },
  "playerNames": {
    "4214721412": "player4214721413",
    "2727418420": "player2727418421"
  },
  "blinds": {
    "small": 5,
    "big": 10
  },
  "finalBoard": [
    "9h",
    "2c",
    "9c",
    "7s"
  ],
  "sidePots": [
    {
      "amount": 0,
      "eligible_players": [
        4214721412
      ]
    }
  ],
  "playerMoney": {
    "initialAmount": 10000,
    "startingMoney": {
      "4214721413": 10030,
      "2727418421": 9970
    },
    "startingDelta": {
      "4214721413": 30,
      "2727418421": -30
    },
    "finalDelta": {
      "4214721413": 40,
      "2727418421": -40
    },
    "gameScores": {
      "4214721413": 10,
      "2727418421": -10
    },
    "finalMoney": {
      "4214721413": 10040,
      "2727418421": 9960
    },
    "thisGameDelta": {
      "4214721413": 10,
      "2727418421": -10
    }
  },
  "playerHands": {
    "4214721412": [
      "8c",
      "9s"
    ],
    "2727418420": [
      "2s",
      "Ks"
    ]
  },
  "usernameMapping": {
    "default": 4214721413,
    "client_container_5575_test_client_test_x_ai_grok_4_iter_4_20250901_213047_iter4": 2727418421
  },
  "playerIdToUsername": {
    "4214721413": "default",
    "2727418421": "client_container_5575_test_client_test_x_ai_grok_4_iter_4_20250901_213047_iter4"
  }
}