{
  "gameId": "dc92631e-4a39-434f-9ff8-3767672fb792",
  "rounds": {
    "0": {
      "pot": 15,
      "bets": {
        "3578178642": 5,
        "2715283233": 10
      },
      "actions": {
        "3578178642": "RAISE",
        "2715283233": "RAISE"
      },
      "action_sequence": [
        {
          "player": 3578178642,
          "action": "RAISE",
          "amount": 5,
          "timestamp": 1757866150822,
          "pot_after_action": 5,
          "side_pots_after_action": [
            {
              "amount": 5,
              "eligible_players": [
                2715283234,
                3578178643
              ]
            }
          ],
          "total_pot_after_action": 5,
          "total_side_pots_after_action": [
            {
              "id": 0,
              "amount": 5,
              "eligible_players": [
                2715283234,
                3578178643
              ]
            }
          ]
        },
        {
          "player": 2715283233,
          "action": "RAISE",
          "amount": 10,
          "timestamp": 1757866150822,
          "pot_after_action": 15,
          "side_pots_after_action": [
            {
              "amount": 10,
              "eligible_players": [
                2715283234,
                3578178643
              ]
            },
            {
              "amount": 5,
              "eligible_players": [
                2715283234
              ]
            }
          ],
          "total_pot_after_action": 15,
          "total_side_pots_after_action": [
            {
              "id": 0,
              "amount": 10,
              "eligible_players": [
                2715283234,
                3578178643
              ]
            },
            {
              "id": 1,
              "amount": 5,
              "eligible_players": [
                2715283234
              ]
            }
          ]
        }
      ],
      "actionTimes": {}
    },
    "1": {
      "pot": 100,
      "bets": {
        "3578178642": 100,
        "2715283233": 0
      },
      "actions": {
        "3578178642": "RAISE",
        "2715283233": "FOLD"
      },
      "action_sequence": [
        {
          "player": 3578178642,
          "action": "RAISE",
          "amount": 100,
          "timestamp": 1757866150826,
          "pot_after_action": 100,
          "side_pots_after_action": [
            {
              "amount": 100,
              "eligible_players": [
                2715283234,
                3578178643
              ]
            }
          ],
          "total_pot_after_action": 115,
          "total_side_pots_after_action": [
            {
              "id": 0,
              "amount": 10,
              "eligible_players": [
                2715283234,
                3578178643
              ]
            },
            {
              "id": 1,
              "amount": 5,
              "eligible_players": [
                2715283234
              ]
            },
            {
              "id": 2,
              "amount": 100,
              "eligible_players": [
                2715283234,
                3578178643
              ]
            }
          ]
        },
        {
          "player": 2715283233,
          "action": "FOLD",
          "amount": 0,
          "timestamp": 1757866150827,
          "pot_after_action": 100,
          "side_pots_after_action": [
            {
              "amount": 100,
              "eligible_players": [
                2715283234,
                3578178643
              ]
            }
          ],
          "total_pot_after_action": 115,
          "total_side_pots_after_action": [
            {
              "id": 0,
              "amount": 10,
              "eligible_players": [
                2715283234,
                3578178643
              ]
            },
            {
              "id": 1,
              "amount": 5,
              "eligible_players": [
                2715283234
              ]
            },
            {
              "id": 2,
              "amount": 100,
              "eligible_players": [
                2715283234,
                3578178643
              ]
            }
          ]
        }
      ],
      "actionTimes": {
        "3578178642": 5,
        "2715283233": 6
      }
    }
  },
  "playerNames": {
    "3578178642": "player3578178643",
    "2715283233": "player2715283234"
  },
  "blinds": {
    "small": 5,
    "big": 10
  },
  "finalBoard": [
    "Jc",
    "8c",
    "8h",
    "8d"
  ],
  "sidePots": [
    {
      "amount": 0,
      "eligible_players": [
        3578178642
      ]
    }
  ],
  "playerMoney": {
    "initialAmount": 10000,
    "startingMoney": {
      "3578178643": 10000,
      "2715283234": 10000
    },
    "startingDelta": {
      "3578178643": 0,
      "2715283234": 0
    },
    "finalDelta": {
      "3578178643": 10,
      "2715283234": -10
    },
    "gameScores": {
      "3578178643": 10,
      "2715283234": -10
    },
    "finalMoney": {
      "3578178643": 10010,
      "2715283234": 9990
    },
    "thisGameDelta": {
      "3578178643": 10,
      "2715283234": -10
    }
  },
  "playerHands": {
    "3578178642": [
      "Kd",
      "2d"
    ],
    "2715283233": [
      "7s",
      "2s"
    ]
  },
  "usernameMapping": {
    "default": 3578178643,
    "client_container_5320_test_client_test_openai_o3_pro_iter_2_20250914_120904_iter2": 2715283234
  },
  "playerIdToUsername": {
    "3578178643": "default",
    "2715283234": "client_container_5320_test_client_test_openai_o3_pro_iter_2_20250914_120904_iter2"
  }
}