{
  "gameId": "dc92631e-4a39-434f-9ff8-3767672fb792",
  "rounds": {
    "0": {
      "pot": 15,
      "bets": {
        "3578178642": 10,
        "2715283233": 5
      },
      "actions": {
        "2715283233": "RAISE",
        "3578178642": "RAISE"
      },
      "action_sequence": [
        {
          "player": 2715283233,
          "action": "RAISE",
          "amount": 5,
          "timestamp": 1757866151236,
          "pot_after_action": 5,
          "side_pots_after_action": [
            {
              "amount": 5,
              "eligible_players": [
                2715283234,
                3578178643
              ]
            }
          ],
          "total_pot_after_action": 5,
          "total_side_pots_after_action": [
            {
              "id": 0,
              "amount": 5,
              "eligible_players": [
                2715283234,
                3578178643
              ]
            }
          ]
        },
        {
          "player": 3578178642,
          "action": "RAISE",
          "amount": 10,
          "timestamp": 1757866151236,
          "pot_after_action": 15,
          "side_pots_after_action": [
            {
              "amount": 10,
              "eligible_players": [
                2715283234,
                3578178643
              ]
            },
            {
              "amount": 5,
              "eligible_players": [
                3578178643
              ]
            }
          ],
          "total_pot_after_action": 15,
          "total_side_pots_after_action": [
            {
              "id": 0,
              "amount": 10,
              "eligible_players": [
                2715283234,
                3578178643
              ]
            },
            {
              "id": 1,
              "amount": 5,
              "eligible_players": [
                3578178643
              ]
            }
          ]
        }
      ],
      "actionTimes": {}
    },
    "1": {
      "pot": 100,
      "bets": {
        "3578178642": 100,
        "2715283233": 0
      },
      "actions": {
        "2715283233": "FOLD",
        "3578178642": "RAISE"
      },
      "action_sequence": [
        {
          "player": 2715283233,
          "action": "CHECK",
          "amount": 0,
          "timestamp": 1757866151240,
          "pot_after_action": 0,
          "side_pots_after_action": [
            {
              "amount": 0,
              "eligible_players": [
                2715283234,
                3578178643
              ]
            }
          ],
          "total_pot_after_action": 15,
          "total_side_pots_after_action": [
            {
              "id": 0,
              "amount": 10,
              "eligible_players": [
                2715283234,
                3578178643
              ]
            },
            {
              "id": 1,
              "amount": 5,
              "eligible_players": [
                3578178643
              ]
            },
            {
              "id": 2,
              "amount": 0,
              "eligible_players": [
                2715283234,
                3578178643
              ]
            }
          ]
        },
        {
          "player": 3578178642,
          "action": "RAISE",
          "amount": 100,
          "timestamp": 1757866151241,
          "pot_after_action": 100,
          "side_pots_after_action": [
            {
              "amount": 100,
              "eligible_players": [
                2715283234,
                3578178643
              ]
            }
          ],
          "total_pot_after_action": 115,
          "total_side_pots_after_action": [
            {
              "id": 0,
              "amount": 10,
              "eligible_players": [
                2715283234,
                3578178643
              ]
            },
            {
              "id": 1,
              "amount": 5,
              "eligible_players": [
                3578178643
              ]
            },
            {
              "id": 2,
              "amount": 100,
              "eligible_players": [
                2715283234,
                3578178643
              ]
            }
          ]
        },
        {
          "player": 2715283233,
          "action": "FOLD",
          "amount": 0,
          "timestamp": 1757866151281,
          "pot_after_action": 100,
          "side_pots_after_action": [
            {
              "amount": 100,
              "eligible_players": [
                2715283234,
                3578178643
              ]
            }
          ],
          "total_pot_after_action": 115,
          "total_side_pots_after_action": [
            {
              "id": 0,
              "amount": 10,
              "eligible_players": [
                2715283234,
                3578178643
              ]
            },
            {
              "id": 1,
              "amount": 5,
              "eligible_players": [
                3578178643
              ]
            },
            {
              "id": 2,
              "amount": 100,
              "eligible_players": [
                2715283234,
                3578178643
              ]
            }
          ]
        }
      ],
      "actionTimes": {
        "2715283233": 45,
        "3578178642": 5
      }
    }
  },
  "playerNames": {
    "3578178642": "player3578178643",
    "2715283233": "player2715283234"
  },
  "blinds": {
    "small": 5,
    "big": 10
  },
  "finalBoard": [
    "4s",
    "3c",
    "9d",
    "8d"
  ],
  "sidePots": [
    {
      "amount": 0,
      "eligible_players": [
        3578178642
      ]
    }
  ],
  "playerMoney": {
    "initialAmount": 10000,
    "startingMoney": {
      "3578178643": 10055,
      "2715283234": 9945
    },
    "startingDelta": {
      "3578178643": 55,
      "2715283234": -55
    },
    "finalDelta": {
      "3578178643": 60,
      "2715283234": -60
    },
    "gameScores": {
      "3578178643": 5,
      "2715283234": -5
    },
    "finalMoney": {
      "3578178643": 10060,
      "2715283234": 9940
    },
    "thisGameDelta": {
      "3578178643": 5,
      "2715283234": -5
    }
  },
  "playerHands": {
    "3578178642": [
      "2h",
      "8h"
    ],
    "2715283233": [
      "Qd",
      "3s"
    ]
  },
  "usernameMapping": {
    "default": 3578178643,
    "client_container_5320_test_client_test_openai_o3_pro_iter_2_20250914_120904_iter2": 2715283234
  },
  "playerIdToUsername": {
    "3578178643": "default",
    "2715283234": "client_container_5320_test_client_test_openai_o3_pro_iter_2_20250914_120904_iter2"
  }
}