{
  "gameId": "d9b07120-217a-4aa8-bdd5-46460d8cc3bb",
  "rounds": {
    "0": {
      "pot": 15,
      "bets": {
        "1992295808": 10,
        "1887543247": 5
      },
      "actions": {
        "1887543247": "RAISE",
        "1992295808": "RAISE"
      },
      "action_sequence": [
        {
          "player": 1887543247,
          "action": "RAISE",
          "amount": 5,
          "timestamp": 1756856186769,
          "pot_after_action": 5,
          "side_pots_after_action": [
            {
              "amount": 5,
              "eligible_players": [
                1887543248,
                1992295809
              ]
            }
          ],
          "total_pot_after_action": 5,
          "total_side_pots_after_action": [
            {
              "id": 0,
              "amount": 5,
              "eligible_players": [
                1887543248,
                1992295809
              ]
            }
          ]
        },
        {
          "player": 1992295808,
          "action": "RAISE",
          "amount": 10,
          "timestamp": 1756856186769,
          "pot_after_action": 15,
          "side_pots_after_action": [
            {
              "amount": 10,
              "eligible_players": [
                1887543248,
                1992295809
              ]
            },
            {
              "amount": 5,
              "eligible_players": [
                1992295809
              ]
            }
          ],
          "total_pot_after_action": 15,
          "total_side_pots_after_action": [
            {
              "id": 0,
              "amount": 10,
              "eligible_players": [
                1887543248,
                1992295809
              ]
            },
            {
              "id": 1,
              "amount": 5,
              "eligible_players": [
                1992295809
              ]
            }
          ]
        }
      ],
      "actionTimes": {}
    },
    "1": {
      "pot": 100,
      "bets": {
        "1992295808": 100,
        "1887543247": 0
      },
      "actions": {
        "1887543247": "FOLD",
        "1992295808": "RAISE"
      },
      "action_sequence": [
        {
          "player": 1887543247,
          "action": "FOLD",
          "amount": 0,
          "timestamp": 1756856186775,
          "pot_after_action": 0,
          "side_pots_after_action": [
            {
              "amount": 0,
              "eligible_players": [
                1887543248,
                1992295809
              ]
            }
          ],
          "total_pot_after_action": 15,
          "total_side_pots_after_action": [
            {
              "id": 0,
              "amount": 10,
              "eligible_players": [
                1887543248,
                1992295809
              ]
            },
            {
              "id": 1,
              "amount": 5,
              "eligible_players": [
                1992295809
              ]
            },
            {
              "id": 2,
              "amount": 0,
              "eligible_players": [
                1887543248,
                1992295809
              ]
            }
          ]
        },
        {
          "player": 1992295808,
          "action": "RAISE",
          "amount": 100,
          "timestamp": 1756856186777,
          "pot_after_action": 100,
          "side_pots_after_action": [
            {
              "amount": 100,
              "eligible_players": [
                1887543248,
                1992295809
              ]
            }
          ],
          "total_pot_after_action": 115,
          "total_side_pots_after_action": [
            {
              "id": 0,
              "amount": 10,
              "eligible_players": [
                1887543248,
                1992295809
              ]
            },
            {
              "id": 1,
              "amount": 5,
              "eligible_players": [
                1992295809
              ]
            },
            {
              "id": 2,
              "amount": 100,
              "eligible_players": [
                1887543248,
                1992295809
              ]
            }
          ]
        }
      ],
      "actionTimes": {
        "1887543247": 6,
        "1992295808": 8
      }
    }
  },
  "playerNames": {
    "1992295808": "player1992295809",
    "1887543247": "player1887543248"
  },
  "blinds": {
    "small": 5,
    "big": 10
  },
  "finalBoard": [
    "Ah",
    "6s",
    "9h",
    "2h"
  ],
  "sidePots": [
    {
      "amount": 0,
      "eligible_players": [
        1992295808
      ]
    }
  ],
  "playerMoney": {
    "initialAmount": 10000,
    "startingMoney": {
      "1992295809": 10070,
      "1887543248": 9930
    },
    "startingDelta": {
      "1992295809": 70,
      "1887543248": -70
    },
    "finalDelta": {
      "1992295809": 75,
      "1887543248": -75
    },
    "gameScores": {
      "1992295809": 5,
      "1887543248": -5
    },
    "finalMoney": {
      "1992295809": 10075,
      "1887543248": 9925
    },
    "thisGameDelta": {
      "1992295809": 5,
      "1887543248": -5
    }
  },
  "playerHands": {
    "1992295808": [
      "8c",
      "5c"
    ],
    "1887543247": [
      "5d",
      "Th"
    ]
  },
  "usernameMapping": {
    "default": 1992295809,
    "client_container_5127_test_client_test_deepseek_deepseek_r1_0528_iter_1_20250902_163619_iter1": 1887543248
  },
  "playerIdToUsername": {
    "1992295809": "default",
    "1887543248": "client_container_5127_test_client_test_deepseek_deepseek_r1_0528_iter_1_20250902_163619_iter1"
  }
}