{
  "gameId": "f7664e21-2331-4f2d-9f24-4259f7d5d676",
  "rounds": {
    "0": {
      "pot": 15,
      "bets": {
        "470359655": 5,
        "1322883789": 10
      },
      "actions": {
        "470359655": "RAISE",
        "1322883789": "RAISE"
      },
      "action_sequence": [
        {
          "player": 470359655,
          "action": "RAISE",
          "amount": 5,
          "timestamp": 1758172227001,
          "pot_after_action": 5,
          "side_pots_after_action": [
            {
              "amount": 5,
              "eligible_players": [
                470359656,
                1322883790
              ]
            }
          ],
          "total_pot_after_action": 5,
          "total_side_pots_after_action": [
            {
              "id": 0,
              "amount": 5,
              "eligible_players": [
                470359656,
                1322883790
              ]
            }
          ]
        },
        {
          "player": 1322883789,
          "action": "RAISE",
          "amount": 10,
          "timestamp": 1758172227001,
          "pot_after_action": 15,
          "side_pots_after_action": [
            {
              "amount": 10,
              "eligible_players": [
                470359656,
                1322883790
              ]
            },
            {
              "amount": 5,
              "eligible_players": [
                1322883790
              ]
            }
          ],
          "total_pot_after_action": 15,
          "total_side_pots_after_action": [
            {
              "id": 0,
              "amount": 10,
              "eligible_players": [
                470359656,
                1322883790
              ]
            },
            {
              "id": 1,
              "amount": 5,
              "eligible_players": [
                1322883790
              ]
            }
          ]
        }
      ],
      "actionTimes": {}
    },
    "1": {
      "pot": 240,
      "bets": {
        "470359655": 120,
        "1322883789": 120
      },
      "actions": {
        "470359655": "CALL",
        "1322883789": "RAISE"
      },
      "action_sequence": [
        {
          "player": 470359655,
          "action": "RAISE",
          "amount": 100,
          "timestamp": 1758172227004,
          "pot_after_action": 100,
          "side_pots_after_action": [
            {
              "amount": 100,
              "eligible_players": [
                470359656,
                1322883790
              ]
            }
          ],
          "total_pot_after_action": 115,
          "total_side_pots_after_action": [
            {
              "id": 0,
              "amount": 10,
              "eligible_players": [
                470359656,
                1322883790
              ]
            },
            {
              "id": 1,
              "amount": 5,
              "eligible_players": [
                1322883790
              ]
            },
            {
              "id": 2,
              "amount": 100,
              "eligible_players": [
                470359656,
                1322883790
              ]
            }
          ]
        },
        {
          "player": 1322883789,
          "action": "RAISE",
          "amount": 120,
          "timestamp": 1758172227043,
          "pot_after_action": 220,
          "side_pots_after_action": [
            {
              "amount": 200,
              "eligible_players": [
                470359656,
                1322883790
              ]
            },
            {
              "amount": 20,
              "eligible_players": [
                1322883790
              ]
            }
          ],
          "total_pot_after_action": 235,
          "total_side_pots_after_action": [
            {
              "id": 0,
              "amount": 10,
              "eligible_players": [
                470359656,
                1322883790
              ]
            },
            {
              "id": 1,
              "amount": 5,
              "eligible_players": [
                1322883790
              ]
            },
            {
              "id": 2,
              "amount": 200,
              "eligible_players": [
                470359656,
                1322883790
              ]
            },
            {
              "id": 3,
              "amount": 20,
              "eligible_players": [
                1322883790
              ]
            }
          ]
        },
        {
          "player": 470359655,
          "action": "CALL",
          "amount": 20,
          "timestamp": 1758172227045,
          "pot_after_action": 240,
          "side_pots_after_action": [
            {
              "amount": 240,
              "eligible_players": [
                470359656,
                1322883790
              ]
            }
          ],
          "total_pot_after_action": 255,
          "total_side_pots_after_action": [
            {
              "id": 0,
              "amount": 10,
              "eligible_players": [
                470359656,
                1322883790
              ]
            },
            {
              "id": 1,
              "amount": 5,
              "eligible_players": [
                1322883790
              ]
            },
            {
              "id": 2,
              "amount": 240,
              "eligible_players": [
                470359656,
                1322883790
              ]
            }
          ]
        }
      ],
      "actionTimes": {
        "470359655": 44,
        "1322883789": 42
      }
    },
    "2": {
      "pot": 0,
      "bets": {
        "470359655": 0,
        "1322883789": 0
      },
      "actions": {
        "470359655": "CHECK",
        "1322883789": "FOLD"
      },
      "action_sequence": [
        {
          "player": 470359655,
          "action": "CHECK",
          "amount": 0,
          "timestamp": 1758172227087,
          "pot_after_action": 0,
          "side_pots_after_action": [
            {
              "amount": 0,
              "eligible_players": [
                470359656,
                1322883790
              ]
            }
          ],
          "total_pot_after_action": 255,
          "total_side_pots_after_action": [
            {
              "id": 0,
              "amount": 10,
              "eligible_players": [
                470359656,
                1322883790
              ]
            },
            {
              "id": 1,
              "amount": 5,
              "eligible_players": [
                1322883790
              ]
            },
            {
              "id": 2,
              "amount": 240,
              "eligible_players": [
                470359656,
                1322883790
              ]
            },
            {
              "id": 3,
              "amount": 0,
              "eligible_players": [
                470359656,
                1322883790
              ]
            }
          ]
        },
        {
          "player": 1322883789,
          "action": "FOLD",
          "amount": 0,
          "timestamp": 1758172227087,
          "pot_after_action": 0,
          "side_pots_after_action": [
            {
              "amount": 0,
              "eligible_players": [
                470359656,
                1322883790
              ]
            }
          ],
          "total_pot_after_action": 255,
          "total_side_pots_after_action": [
            {
              "id": 0,
              "amount": 10,
              "eligible_players": [
                470359656,
                1322883790
              ]
            },
            {
              "id": 1,
              "amount": 5,
              "eligible_players": [
                1322883790
              ]
            },
            {
              "id": 2,
              "amount": 240,
              "eligible_players": [
                470359656,
                1322883790
              ]
            },
            {
              "id": 3,
              "amount": 0,
              "eligible_players": [
                470359656,
                1322883790
              ]
            }
          ]
        }
      ],
      "actionTimes": {
        "470359655": 86,
        "1322883789": 86
      }
    }
  },
  "playerNames": {
    "470359655": "player470359656",
    "1322883789": "player1322883790"
  },
  "blinds": {
    "small": 5,
    "big": 10
  },
  "finalBoard": [
    "6d",
    "3s",
    "5s",
    "Td",
    "Jc"
  ],
  "sidePots": [
    {
      "amount": 0,
      "eligible_players": [
        470359655
      ]
    }
  ],
  "playerMoney": {
    "initialAmount": 10000,
    "startingMoney": {
      "470359656": 10015,
      "1322883790": 9985
    },
    "startingDelta": {
      "470359656": 15,
      "1322883790": -15
    },
    "finalDelta": {
      "470359656": 145,
      "1322883790": -145
    },
    "gameScores": {
      "470359656": 130,
      "1322883790": -130
    },
    "finalMoney": {
      "470359656": 10145,
      "1322883790": 9855
    },
    "thisGameDelta": {
      "470359656": 130,
      "1322883790": -130
    }
  },
  "playerHands": {
    "470359655": [
      "As",
      "Qc"
    ],
    "1322883789": [
      "8c",
      "5d"
    ]
  },
  "usernameMapping": {
    "default": 470359656,
    "client_container_5489_test_client_test_moonshotai_kimi_k2_iter_3_20250917_221020_iter3": 1322883790
  },
  "playerIdToUsername": {
    "470359656": "default",
    "1322883790": "client_container_5489_test_client_test_moonshotai_kimi_k2_iter_3_20250917_221020_iter3"
  }
}