{
  "gameId": "f7664e21-2331-4f2d-9f24-4259f7d5d676",
  "rounds": {
    "0": {
      "pot": 15,
      "bets": {
        "470359655": 10,
        "1322883789": 5
      },
      "actions": {
        "1322883789": "RAISE",
        "470359655": "RAISE"
      },
      "action_sequence": [
        {
          "player": 1322883789,
          "action": "RAISE",
          "amount": 5,
          "timestamp": 1758172227456,
          "pot_after_action": 5,
          "side_pots_after_action": [
            {
              "amount": 5,
              "eligible_players": [
                470359656,
                1322883790
              ]
            }
          ],
          "total_pot_after_action": 5,
          "total_side_pots_after_action": [
            {
              "id": 0,
              "amount": 5,
              "eligible_players": [
                470359656,
                1322883790
              ]
            }
          ]
        },
        {
          "player": 470359655,
          "action": "RAISE",
          "amount": 10,
          "timestamp": 1758172227456,
          "pot_after_action": 15,
          "side_pots_after_action": [
            {
              "amount": 10,
              "eligible_players": [
                470359656,
                1322883790
              ]
            },
            {
              "amount": 5,
              "eligible_players": [
                470359656
              ]
            }
          ],
          "total_pot_after_action": 15,
          "total_side_pots_after_action": [
            {
              "id": 0,
              "amount": 10,
              "eligible_players": [
                470359656,
                1322883790
              ]
            },
            {
              "id": 1,
              "amount": 5,
              "eligible_players": [
                470359656
              ]
            }
          ]
        }
      ],
      "actionTimes": {}
    },
    "1": {
      "pot": 100,
      "bets": {
        "470359655": 100,
        "1322883789": 0
      },
      "actions": {
        "1322883789": "FOLD",
        "470359655": "RAISE"
      },
      "action_sequence": [
        {
          "player": 1322883789,
          "action": "CHECK",
          "amount": 0,
          "timestamp": 1758172227500,
          "pot_after_action": 0,
          "side_pots_after_action": [
            {
              "amount": 0,
              "eligible_players": [
                470359656,
                1322883790
              ]
            }
          ],
          "total_pot_after_action": 15,
          "total_side_pots_after_action": [
            {
              "id": 0,
              "amount": 10,
              "eligible_players": [
                470359656,
                1322883790
              ]
            },
            {
              "id": 1,
              "amount": 5,
              "eligible_players": [
                470359656
              ]
            },
            {
              "id": 2,
              "amount": 0,
              "eligible_players": [
                470359656,
                1322883790
              ]
            }
          ]
        },
        {
          "player": 470359655,
          "action": "RAISE",
          "amount": 100,
          "timestamp": 1758172227501,
          "pot_after_action": 100,
          "side_pots_after_action": [
            {
              "amount": 100,
              "eligible_players": [
                470359656,
                1322883790
              ]
            }
          ],
          "total_pot_after_action": 115,
          "total_side_pots_after_action": [
            {
              "id": 0,
              "amount": 10,
              "eligible_players": [
                470359656,
                1322883790
              ]
            },
            {
              "id": 1,
              "amount": 5,
              "eligible_players": [
                470359656
              ]
            },
            {
              "id": 2,
              "amount": 100,
              "eligible_players": [
                470359656,
                1322883790
              ]
            }
          ]
        },
        {
          "player": 1322883789,
          "action": "FOLD",
          "amount": 0,
          "timestamp": 1758172227544,
          "pot_after_action": 100,
          "side_pots_after_action": [
            {
              "amount": 100,
              "eligible_players": [
                470359656,
                1322883790
              ]
            }
          ],
          "total_pot_after_action": 115,
          "total_side_pots_after_action": [
            {
              "id": 0,
              "amount": 10,
              "eligible_players": [
                470359656,
                1322883790
              ]
            },
            {
              "id": 1,
              "amount": 5,
              "eligible_players": [
                470359656
              ]
            },
            {
              "id": 2,
              "amount": 100,
              "eligible_players": [
                470359656,
                1322883790
              ]
            }
          ]
        }
      ],
      "actionTimes": {
        "1322883789": 88,
        "470359655": 45
      }
    }
  },
  "playerNames": {
    "470359655": "player470359656",
    "1322883789": "player1322883790"
  },
  "blinds": {
    "small": 5,
    "big": 10
  },
  "finalBoard": [
    "2d",
    "8s",
    "9d",
    "5s"
  ],
  "sidePots": [
    {
      "amount": 0,
      "eligible_players": [
        470359655
      ]
    }
  ],
  "playerMoney": {
    "initialAmount": 10000,
    "startingMoney": {
      "470359656": 10310,
      "1322883790": 9690
    },
    "startingDelta": {
      "470359656": 310,
      "1322883790": -310
    },
    "finalDelta": {
      "470359656": 315,
      "1322883790": -315
    },
    "gameScores": {
      "470359656": 5,
      "1322883790": -5
    },
    "finalMoney": {
      "470359656": 10315,
      "1322883790": 9685
    },
    "thisGameDelta": {
      "470359656": 5,
      "1322883790": -5
    }
  },
  "playerHands": {
    "470359655": [
      "3d",
      "3s"
    ],
    "1322883789": [
      "5c",
      "Qd"
    ]
  },
  "usernameMapping": {
    "default": 470359656,
    "client_container_5489_test_client_test_moonshotai_kimi_k2_iter_3_20250917_221020_iter3": 1322883790
  },
  "playerIdToUsername": {
    "470359656": "default",
    "1322883790": "client_container_5489_test_client_test_moonshotai_kimi_k2_iter_3_20250917_221020_iter3"
  }
}