{
  "gameId": "657b53a4-f567-4655-9d79-21ba91e59380",
  "rounds": {
    "0": {
      "pot": 15,
      "bets": {
        "3679017325": 10,
        "1340482411": 5
      },
      "actions": {
        "1340482411": "RAISE",
        "3679017325": "RAISE"
      },
      "action_sequence": [
        {
          "player": 1340482411,
          "action": "RAISE",
          "amount": 5,
          "timestamp": 1757697465053,
          "pot_after_action": 5,
          "side_pots_after_action": [
            {
              "amount": 5,
              "eligible_players": [
                1340482412,
                3679017326
              ]
            }
          ],
          "total_pot_after_action": 5,
          "total_side_pots_after_action": [
            {
              "id": 0,
              "amount": 5,
              "eligible_players": [
                1340482412,
                3679017326
              ]
            }
          ]
        },
        {
          "player": 3679017325,
          "action": "RAISE",
          "amount": 10,
          "timestamp": 1757697465053,
          "pot_after_action": 15,
          "side_pots_after_action": [
            {
              "amount": 10,
              "eligible_players": [
                1340482412,
                3679017326
              ]
            },
            {
              "amount": 5,
              "eligible_players": [
                3679017326
              ]
            }
          ],
          "total_pot_after_action": 15,
          "total_side_pots_after_action": [
            {
              "id": 0,
              "amount": 10,
              "eligible_players": [
                1340482412,
                3679017326
              ]
            },
            {
              "id": 1,
              "amount": 5,
              "eligible_players": [
                3679017326
              ]
            }
          ]
        }
      ],
      "actionTimes": {}
    },
    "1": {
      "pot": 100,
      "bets": {
        "3679017325": 100,
        "1340482411": 0
      },
      "actions": {
        "1340482411": "FOLD",
        "3679017325": "RAISE"
      },
      "action_sequence": [
        {
          "player": 1340482411,
          "action": "CHECK",
          "amount": 0,
          "timestamp": 1757697465095,
          "pot_after_action": 0,
          "side_pots_after_action": [
            {
              "amount": 0,
              "eligible_players": [
                1340482412,
                3679017326
              ]
            }
          ],
          "total_pot_after_action": 15,
          "total_side_pots_after_action": [
            {
              "id": 0,
              "amount": 10,
              "eligible_players": [
                1340482412,
                3679017326
              ]
            },
            {
              "id": 1,
              "amount": 5,
              "eligible_players": [
                3679017326
              ]
            },
            {
              "id": 2,
              "amount": 0,
              "eligible_players": [
                1340482412,
                3679017326
              ]
            }
          ]
        },
        {
          "player": 3679017325,
          "action": "RAISE",
          "amount": 100,
          "timestamp": 1757697465096,
          "pot_after_action": 100,
          "side_pots_after_action": [
            {
              "amount": 100,
              "eligible_players": [
                1340482412,
                3679017326
              ]
            }
          ],
          "total_pot_after_action": 115,
          "total_side_pots_after_action": [
            {
              "id": 0,
              "amount": 10,
              "eligible_players": [
                1340482412,
                3679017326
              ]
            },
            {
              "id": 1,
              "amount": 5,
              "eligible_players": [
                3679017326
              ]
            },
            {
              "id": 2,
              "amount": 100,
              "eligible_players": [
                1340482412,
                3679017326
              ]
            }
          ]
        },
        {
          "player": 1340482411,
          "action": "FOLD",
          "amount": 0,
          "timestamp": 1757697465137,
          "pot_after_action": 100,
          "side_pots_after_action": [
            {
              "amount": 100,
              "eligible_players": [
                1340482412,
                3679017326
              ]
            }
          ],
          "total_pot_after_action": 115,
          "total_side_pots_after_action": [
            {
              "id": 0,
              "amount": 10,
              "eligible_players": [
                1340482412,
                3679017326
              ]
            },
            {
              "id": 1,
              "amount": 5,
              "eligible_players": [
                3679017326
              ]
            },
            {
              "id": 2,
              "amount": 100,
              "eligible_players": [
                1340482412,
                3679017326
              ]
            }
          ]
        }
      ],
      "actionTimes": {
        "1340482411": 84,
        "3679017325": 43
      }
    }
  },
  "playerNames": {
    "3679017325": "player3679017326",
    "1340482411": "player1340482412"
  },
  "blinds": {
    "small": 5,
    "big": 10
  },
  "finalBoard": [
    "9d",
    "5h",
    "Qs",
    "6h"
  ],
  "sidePots": [
    {
      "amount": 0,
      "eligible_players": [
        3679017325
      ]
    }
  ],
  "playerMoney": {
    "initialAmount": 10000,
    "startingMoney": {
      "3679017326": 10010,
      "1340482412": 9990
    },
    "startingDelta": {
      "3679017326": 10,
      "1340482412": -10
    },
    "finalDelta": {
      "3679017326": 15,
      "1340482412": -15
    },
    "gameScores": {
      "3679017326": 5,
      "1340482412": -5
    },
    "finalMoney": {
      "3679017326": 10015,
      "1340482412": 9985
    },
    "thisGameDelta": {
      "3679017326": 5,
      "1340482412": -5
    }
  },
  "playerHands": {
    "3679017325": [
      "As",
      "9c"
    ],
    "1340482411": [
      "4c",
      "Td"
    ]
  },
  "usernameMapping": {
    "default": 3679017326,
    "client_container_6843_test_client_test_hermes_hermes_4_405b_iter_2_20250912_101738_iter2": 1340482412
  },
  "playerIdToUsername": {
    "3679017326": "default",
    "1340482412": "client_container_6843_test_client_test_hermes_hermes_4_405b_iter_2_20250912_101738_iter2"
  }
}