{
  "gameId": "657b53a4-f567-4655-9d79-21ba91e59380",
  "rounds": {
    "0": {
      "pot": 15,
      "bets": {
        "3679017325": 5,
        "1340482411": 10
      },
      "actions": {
        "3679017325": "RAISE",
        "1340482411": "RAISE"
      },
      "action_sequence": [
        {
          "player": 3679017325,
          "action": "RAISE",
          "amount": 5,
          "timestamp": 1757697465265,
          "pot_after_action": 5,
          "side_pots_after_action": [
            {
              "amount": 5,
              "eligible_players": [
                1340482412,
                3679017326
              ]
            }
          ],
          "total_pot_after_action": 5,
          "total_side_pots_after_action": [
            {
              "id": 0,
              "amount": 5,
              "eligible_players": [
                1340482412,
                3679017326
              ]
            }
          ]
        },
        {
          "player": 1340482411,
          "action": "RAISE",
          "amount": 10,
          "timestamp": 1757697465265,
          "pot_after_action": 15,
          "side_pots_after_action": [
            {
              "amount": 10,
              "eligible_players": [
                1340482412,
                3679017326
              ]
            },
            {
              "amount": 5,
              "eligible_players": [
                1340482412
              ]
            }
          ],
          "total_pot_after_action": 15,
          "total_side_pots_after_action": [
            {
              "id": 0,
              "amount": 10,
              "eligible_players": [
                1340482412,
                3679017326
              ]
            },
            {
              "id": 1,
              "amount": 5,
              "eligible_players": [
                1340482412
              ]
            }
          ]
        }
      ],
      "actionTimes": {}
    },
    "1": {
      "pot": 100,
      "bets": {
        "3679017325": 100,
        "1340482411": 0
      },
      "actions": {
        "3679017325": "RAISE",
        "1340482411": "FOLD"
      },
      "action_sequence": [
        {
          "player": 3679017325,
          "action": "RAISE",
          "amount": 100,
          "timestamp": 1757697465267,
          "pot_after_action": 100,
          "side_pots_after_action": [
            {
              "amount": 100,
              "eligible_players": [
                1340482412,
                3679017326
              ]
            }
          ],
          "total_pot_after_action": 115,
          "total_side_pots_after_action": [
            {
              "id": 0,
              "amount": 10,
              "eligible_players": [
                1340482412,
                3679017326
              ]
            },
            {
              "id": 1,
              "amount": 5,
              "eligible_players": [
                1340482412
              ]
            },
            {
              "id": 2,
              "amount": 100,
              "eligible_players": [
                1340482412,
                3679017326
              ]
            }
          ]
        },
        {
          "player": 1340482411,
          "action": "FOLD",
          "amount": 0,
          "timestamp": 1757697465269,
          "pot_after_action": 100,
          "side_pots_after_action": [
            {
              "amount": 100,
              "eligible_players": [
                1340482412,
                3679017326
              ]
            }
          ],
          "total_pot_after_action": 115,
          "total_side_pots_after_action": [
            {
              "id": 0,
              "amount": 10,
              "eligible_players": [
                1340482412,
                3679017326
              ]
            },
            {
              "id": 1,
              "amount": 5,
              "eligible_players": [
                1340482412
              ]
            },
            {
              "id": 2,
              "amount": 100,
              "eligible_players": [
                1340482412,
                3679017326
              ]
            }
          ]
        }
      ],
      "actionTimes": {
        "3679017325": 3,
        "1340482411": 5
      }
    }
  },
  "playerNames": {
    "3679017325": "player3679017326",
    "1340482411": "player1340482412"
  },
  "blinds": {
    "small": 5,
    "big": 10
  },
  "finalBoard": [
    "2d",
    "Qh",
    "Jh",
    "9c"
  ],
  "sidePots": [
    {
      "amount": 0,
      "eligible_players": [
        3679017325
      ]
    }
  ],
  "playerMoney": {
    "initialAmount": 10000,
    "startingMoney": {
      "3679017326": 10030,
      "1340482412": 9970
    },
    "startingDelta": {
      "3679017326": 30,
      "1340482412": -30
    },
    "finalDelta": {
      "3679017326": 40,
      "1340482412": -40
    },
    "gameScores": {
      "3679017326": 10,
      "1340482412": -10
    },
    "finalMoney": {
      "3679017326": 10040,
      "1340482412": 9960
    },
    "thisGameDelta": {
      "3679017326": 10,
      "1340482412": -10
    }
  },
  "playerHands": {
    "3679017325": [
      "Ac",
      "3s"
    ],
    "1340482411": [
      "8c",
      "6s"
    ]
  },
  "usernameMapping": {
    "default": 3679017326,
    "client_container_6843_test_client_test_hermes_hermes_4_405b_iter_2_20250912_101738_iter2": 1340482412
  },
  "playerIdToUsername": {
    "3679017326": "default",
    "1340482412": "client_container_6843_test_client_test_hermes_hermes_4_405b_iter_2_20250912_101738_iter2"
  }
}