{
  "gameId": "5e9bba73-0108-43d0-af18-52a178b64b1f",
  "rounds": {
    "0": {
      "pot": 15,
      "bets": {
        "3246818010": 5,
        "1648177404": 10
      },
      "actions": {
        "3246818010": "RAISE",
        "1648177404": "RAISE"
      },
      "action_sequence": [
        {
          "player": 3246818010,
          "action": "RAISE",
          "amount": 5,
          "timestamp": 1757645859184,
          "pot_after_action": 5,
          "side_pots_after_action": [
            {
              "amount": 5,
              "eligible_players": [
                3246818011,
                1648177405
              ]
            }
          ],
          "total_pot_after_action": 5,
          "total_side_pots_after_action": [
            {
              "id": 0,
              "amount": 5,
              "eligible_players": [
                3246818011,
                1648177405
              ]
            }
          ]
        },
        {
          "player": 1648177404,
          "action": "RAISE",
          "amount": 10,
          "timestamp": 1757645859184,
          "pot_after_action": 15,
          "side_pots_after_action": [
            {
              "amount": 10,
              "eligible_players": [
                3246818011,
                1648177405
              ]
            },
            {
              "amount": 5,
              "eligible_players": [
                1648177405
              ]
            }
          ],
          "total_pot_after_action": 15,
          "total_side_pots_after_action": [
            {
              "id": 0,
              "amount": 10,
              "eligible_players": [
                3246818011,
                1648177405
              ]
            },
            {
              "id": 1,
              "amount": 5,
              "eligible_players": [
                1648177405
              ]
            }
          ]
        }
      ],
      "actionTimes": {}
    },
    "1": {
      "pot": 100,
      "bets": {
        "3246818010": 100,
        "1648177404": 0
      },
      "actions": {
        "3246818010": "RAISE",
        "1648177404": "FOLD"
      },
      "action_sequence": [
        {
          "player": 3246818010,
          "action": "RAISE",
          "amount": 100,
          "timestamp": 1757645859188,
          "pot_after_action": 100,
          "side_pots_after_action": [
            {
              "amount": 100,
              "eligible_players": [
                3246818011,
                1648177405
              ]
            }
          ],
          "total_pot_after_action": 115,
          "total_side_pots_after_action": [
            {
              "id": 0,
              "amount": 10,
              "eligible_players": [
                3246818011,
                1648177405
              ]
            },
            {
              "id": 1,
              "amount": 5,
              "eligible_players": [
                1648177405
              ]
            },
            {
              "id": 2,
              "amount": 100,
              "eligible_players": [
                3246818011,
                1648177405
              ]
            }
          ]
        },
        {
          "player": 1648177404,
          "action": "FOLD",
          "amount": 0,
          "timestamp": 1757645859189,
          "pot_after_action": 100,
          "side_pots_after_action": [
            {
              "amount": 100,
              "eligible_players": [
                3246818011,
                1648177405
              ]
            }
          ],
          "total_pot_after_action": 115,
          "total_side_pots_after_action": [
            {
              "id": 0,
              "amount": 10,
              "eligible_players": [
                3246818011,
                1648177405
              ]
            },
            {
              "id": 1,
              "amount": 5,
              "eligible_players": [
                1648177405
              ]
            },
            {
              "id": 2,
              "amount": 100,
              "eligible_players": [
                3246818011,
                1648177405
              ]
            }
          ]
        }
      ],
      "actionTimes": {
        "3246818010": 5,
        "1648177404": 6
      }
    }
  },
  "playerNames": {
    "3246818010": "player3246818011",
    "1648177404": "player1648177405"
  },
  "blinds": {
    "small": 5,
    "big": 10
  },
  "finalBoard": [
    "2h",
    "Js",
    "Ks",
    "5c"
  ],
  "sidePots": [
    {
      "amount": 0,
      "eligible_players": [
        3246818010
      ]
    }
  ],
  "playerMoney": {
    "initialAmount": 10000,
    "startingMoney": {
      "3246818011": 10000,
      "1648177405": 10000
    },
    "startingDelta": {
      "3246818011": 0,
      "1648177405": 0
    },
    "finalDelta": {
      "3246818011": 10,
      "1648177405": -10
    },
    "gameScores": {
      "3246818011": 10,
      "1648177405": -10
    },
    "finalMoney": {
      "3246818011": 10010,
      "1648177405": 9990
    },
    "thisGameDelta": {
      "3246818011": 10,
      "1648177405": -10
    }
  },
  "playerHands": {
    "3246818010": [
      "6s",
      "Ad"
    ],
    "1648177404": [
      "4h",
      "Ac"
    ]
  },
  "usernameMapping": {
    "default": 3246818011,
    "client_container_5371_test_client_test_moonshotai_kimi_k2_iter_3_20250911_195733_iter3": 1648177405
  },
  "playerIdToUsername": {
    "3246818011": "default",
    "1648177405": "client_container_5371_test_client_test_moonshotai_kimi_k2_iter_3_20250911_195733_iter3"
  }
}