{
  "gameId": "33acbc42-a997-4bad-9478-d42cf10d9c37",
  "rounds": {
    "0": {
      "pot": 15,
      "bets": {
        "1090276587": 5,
        "294874038": 10
      },
      "actions": {
        "1090276587": "RAISE",
        "294874038": "RAISE"
      },
      "action_sequence": [
        {
          "player": 1090276587,
          "action": "RAISE",
          "amount": 5,
          "timestamp": 1757780313492,
          "pot_after_action": 5,
          "side_pots_after_action": [
            {
              "amount": 5,
              "eligible_players": [
                1090276588,
                294874039
              ]
            }
          ],
          "total_pot_after_action": 5,
          "total_side_pots_after_action": [
            {
              "id": 0,
              "amount": 5,
              "eligible_players": [
                1090276588,
                294874039
              ]
            }
          ]
        },
        {
          "player": 294874038,
          "action": "RAISE",
          "amount": 10,
          "timestamp": 1757780313492,
          "pot_after_action": 15,
          "side_pots_after_action": [
            {
              "amount": 10,
              "eligible_players": [
                1090276588,
                294874039
              ]
            },
            {
              "amount": 5,
              "eligible_players": [
                294874039
              ]
            }
          ],
          "total_pot_after_action": 15,
          "total_side_pots_after_action": [
            {
              "id": 0,
              "amount": 10,
              "eligible_players": [
                1090276588,
                294874039
              ]
            },
            {
              "id": 1,
              "amount": 5,
              "eligible_players": [
                294874039
              ]
            }
          ]
        }
      ],
      "actionTimes": {}
    },
    "1": {
      "pot": 100,
      "bets": {
        "1090276587": 100,
        "294874038": 0
      },
      "actions": {
        "1090276587": "RAISE",
        "294874038": "FOLD"
      },
      "action_sequence": [
        {
          "player": 1090276587,
          "action": "RAISE",
          "amount": 100,
          "timestamp": 1757780313495,
          "pot_after_action": 100,
          "side_pots_after_action": [
            {
              "amount": 100,
              "eligible_players": [
                1090276588,
                294874039
              ]
            }
          ],
          "total_pot_after_action": 115,
          "total_side_pots_after_action": [
            {
              "id": 0,
              "amount": 10,
              "eligible_players": [
                1090276588,
                294874039
              ]
            },
            {
              "id": 1,
              "amount": 5,
              "eligible_players": [
                294874039
              ]
            },
            {
              "id": 2,
              "amount": 100,
              "eligible_players": [
                1090276588,
                294874039
              ]
            }
          ]
        },
        {
          "player": 294874038,
          "action": "FOLD",
          "amount": 0,
          "timestamp": 1757780313536,
          "pot_after_action": 100,
          "side_pots_after_action": [
            {
              "amount": 100,
              "eligible_players": [
                1090276588,
                294874039
              ]
            }
          ],
          "total_pot_after_action": 115,
          "total_side_pots_after_action": [
            {
              "id": 0,
              "amount": 10,
              "eligible_players": [
                1090276588,
                294874039
              ]
            },
            {
              "id": 1,
              "amount": 5,
              "eligible_players": [
                294874039
              ]
            },
            {
              "id": 2,
              "amount": 100,
              "eligible_players": [
                1090276588,
                294874039
              ]
            }
          ]
        }
      ],
      "actionTimes": {
        "1090276587": 4,
        "294874038": 45
      }
    }
  },
  "playerNames": {
    "1090276587": "player1090276588",
    "294874038": "player294874039"
  },
  "blinds": {
    "small": 5,
    "big": 10
  },
  "finalBoard": [
    "Ad",
    "Tc",
    "Ks",
    "6h"
  ],
  "sidePots": [
    {
      "amount": 0,
      "eligible_players": [
        1090276587
      ]
    }
  ],
  "playerMoney": {
    "initialAmount": 10000,
    "startingMoney": {
      "1090276588": 10060,
      "294874039": 9940
    },
    "startingDelta": {
      "1090276588": 60,
      "294874039": -60
    },
    "finalDelta": {
      "1090276588": 70,
      "294874039": -70
    },
    "gameScores": {
      "1090276588": 10,
      "294874039": -10
    },
    "finalMoney": {
      "1090276588": 10070,
      "294874039": 9930
    },
    "thisGameDelta": {
      "1090276588": 10,
      "294874039": -10
    }
  },
  "playerHands": {
    "1090276587": [
      "2d",
      "Ah"
    ],
    "294874038": [
      "Kc",
      "4d"
    ]
  },
  "usernameMapping": {
    "default": 1090276588,
    "client_container_5633_test_client_test_hermes_hermes_4_405b_iter_1_20250913_121826_iter1": 294874039
  },
  "playerIdToUsername": {
    "1090276588": "default",
    "294874039": "client_container_5633_test_client_test_hermes_hermes_4_405b_iter_1_20250913_121826_iter1"
  }
}