{
  "gameId": "33acbc42-a997-4bad-9478-d42cf10d9c37",
  "rounds": {
    "0": {
      "pot": 15,
      "bets": {
        "1090276587": 10,
        "294874038": 5
      },
      "actions": {
        "294874038": "RAISE",
        "1090276587": "RAISE"
      },
      "action_sequence": [
        {
          "player": 294874038,
          "action": "RAISE",
          "amount": 5,
          "timestamp": 1757780313314,
          "pot_after_action": 5,
          "side_pots_after_action": [
            {
              "amount": 5,
              "eligible_players": [
                1090276588,
                294874039
              ]
            }
          ],
          "total_pot_after_action": 5,
          "total_side_pots_after_action": [
            {
              "id": 0,
              "amount": 5,
              "eligible_players": [
                1090276588,
                294874039
              ]
            }
          ]
        },
        {
          "player": 1090276587,
          "action": "RAISE",
          "amount": 10,
          "timestamp": 1757780313314,
          "pot_after_action": 15,
          "side_pots_after_action": [
            {
              "amount": 10,
              "eligible_players": [
                1090276588,
                294874039
              ]
            },
            {
              "amount": 5,
              "eligible_players": [
                1090276588
              ]
            }
          ],
          "total_pot_after_action": 15,
          "total_side_pots_after_action": [
            {
              "id": 0,
              "amount": 10,
              "eligible_players": [
                1090276588,
                294874039
              ]
            },
            {
              "id": 1,
              "amount": 5,
              "eligible_players": [
                1090276588
              ]
            }
          ]
        }
      ],
      "actionTimes": {}
    },
    "1": {
      "pot": 100,
      "bets": {
        "1090276587": 100,
        "294874038": 0
      },
      "actions": {
        "294874038": "FOLD",
        "1090276587": "RAISE"
      },
      "action_sequence": [
        {
          "player": 294874038,
          "action": "CHECK",
          "amount": 0,
          "timestamp": 1757780313318,
          "pot_after_action": 0,
          "side_pots_after_action": [
            {
              "amount": 0,
              "eligible_players": [
                1090276588,
                294874039
              ]
            }
          ],
          "total_pot_after_action": 15,
          "total_side_pots_after_action": [
            {
              "id": 0,
              "amount": 10,
              "eligible_players": [
                1090276588,
                294874039
              ]
            },
            {
              "id": 1,
              "amount": 5,
              "eligible_players": [
                1090276588
              ]
            },
            {
              "id": 2,
              "amount": 0,
              "eligible_players": [
                1090276588,
                294874039
              ]
            }
          ]
        },
        {
          "player": 1090276587,
          "action": "RAISE",
          "amount": 100,
          "timestamp": 1757780313357,
          "pot_after_action": 100,
          "side_pots_after_action": [
            {
              "amount": 100,
              "eligible_players": [
                1090276588,
                294874039
              ]
            }
          ],
          "total_pot_after_action": 115,
          "total_side_pots_after_action": [
            {
              "id": 0,
              "amount": 10,
              "eligible_players": [
                1090276588,
                294874039
              ]
            },
            {
              "id": 1,
              "amount": 5,
              "eligible_players": [
                1090276588
              ]
            },
            {
              "id": 2,
              "amount": 100,
              "eligible_players": [
                1090276588,
                294874039
              ]
            }
          ]
        },
        {
          "player": 294874038,
          "action": "FOLD",
          "amount": 0,
          "timestamp": 1757780313361,
          "pot_after_action": 100,
          "side_pots_after_action": [
            {
              "amount": 100,
              "eligible_players": [
                1090276588,
                294874039
              ]
            }
          ],
          "total_pot_after_action": 115,
          "total_side_pots_after_action": [
            {
              "id": 0,
              "amount": 10,
              "eligible_players": [
                1090276588,
                294874039
              ]
            },
            {
              "id": 1,
              "amount": 5,
              "eligible_players": [
                1090276588
              ]
            },
            {
              "id": 2,
              "amount": 100,
              "eligible_players": [
                1090276588,
                294874039
              ]
            }
          ]
        }
      ],
      "actionTimes": {
        "294874038": 47,
        "1090276587": 43
      }
    }
  },
  "playerNames": {
    "1090276587": "player1090276588",
    "294874038": "player294874039"
  },
  "blinds": {
    "small": 5,
    "big": 10
  },
  "finalBoard": [
    "Ah",
    "7c",
    "Qc",
    "Jc"
  ],
  "sidePots": [
    {
      "amount": 0,
      "eligible_players": [
        1090276587
      ]
    }
  ],
  "playerMoney": {
    "initialAmount": 10000,
    "startingMoney": {
      "1090276588": 10040,
      "294874039": 9960
    },
    "startingDelta": {
      "1090276588": 40,
      "294874039": -40
    },
    "finalDelta": {
      "1090276588": 45,
      "294874039": -45
    },
    "gameScores": {
      "1090276588": 5,
      "294874039": -5
    },
    "finalMoney": {
      "1090276588": 10045,
      "294874039": 9955
    },
    "thisGameDelta": {
      "1090276588": 5,
      "294874039": -5
    }
  },
  "playerHands": {
    "1090276587": [
      "6c",
      "4h"
    ],
    "294874038": [
      "Td",
      "Qd"
    ]
  },
  "usernameMapping": {
    "default": 1090276588,
    "client_container_5633_test_client_test_hermes_hermes_4_405b_iter_1_20250913_121826_iter1": 294874039
  },
  "playerIdToUsername": {
    "1090276588": "default",
    "294874039": "client_container_5633_test_client_test_hermes_hermes_4_405b_iter_1_20250913_121826_iter1"
  }
}