{
  "gameId": "a4cf75cd-8c3a-4e00-af17-00ed2104ede2",
  "rounds": {
    "0": {
      "pot": 15,
      "bets": {
        "1489447875": 10,
        "896986463": 5
      },
      "actions": {
        "896986463": "RAISE",
        "1489447875": "RAISE"
      },
      "action_sequence": [
        {
          "player": 896986463,
          "action": "RAISE",
          "amount": 5,
          "timestamp": 1756787980050,
          "pot_after_action": 5,
          "side_pots_after_action": [
            {
              "amount": 5,
              "eligible_players": [
                896986464,
                1489447876
              ]
            }
          ],
          "total_pot_after_action": 5,
          "total_side_pots_after_action": [
            {
              "id": 0,
              "amount": 5,
              "eligible_players": [
                896986464,
                1489447876
              ]
            }
          ]
        },
        {
          "player": 1489447875,
          "action": "RAISE",
          "amount": 10,
          "timestamp": 1756787980050,
          "pot_after_action": 15,
          "side_pots_after_action": [
            {
              "amount": 10,
              "eligible_players": [
                896986464,
                1489447876
              ]
            },
            {
              "amount": 5,
              "eligible_players": [
                1489447876
              ]
            }
          ],
          "total_pot_after_action": 15,
          "total_side_pots_after_action": [
            {
              "id": 0,
              "amount": 10,
              "eligible_players": [
                896986464,
                1489447876
              ]
            },
            {
              "id": 1,
              "amount": 5,
              "eligible_players": [
                1489447876
              ]
            }
          ]
        }
      ],
      "actionTimes": {}
    },
    "1": {
      "pot": 250,
      "bets": {
        "1489447875": 125,
        "896986463": 125
      },
      "actions": {
        "896986463": "RAISE",
        "1489447875": "CALL"
      },
      "action_sequence": [
        {
          "player": 896986463,
          "action": "CHECK",
          "amount": 0,
          "timestamp": 1756787980054,
          "pot_after_action": 0,
          "side_pots_after_action": [
            {
              "amount": 0,
              "eligible_players": [
                896986464,
                1489447876
              ]
            }
          ],
          "total_pot_after_action": 15,
          "total_side_pots_after_action": [
            {
              "id": 0,
              "amount": 10,
              "eligible_players": [
                896986464,
                1489447876
              ]
            },
            {
              "id": 1,
              "amount": 5,
              "eligible_players": [
                1489447876
              ]
            },
            {
              "id": 2,
              "amount": 0,
              "eligible_players": [
                896986464,
                1489447876
              ]
            }
          ]
        },
        {
          "player": 1489447875,
          "action": "RAISE",
          "amount": 100,
          "timestamp": 1756787980055,
          "pot_after_action": 100,
          "side_pots_after_action": [
            {
              "amount": 100,
              "eligible_players": [
                896986464,
                1489447876
              ]
            }
          ],
          "total_pot_after_action": 115,
          "total_side_pots_after_action": [
            {
              "id": 0,
              "amount": 10,
              "eligible_players": [
                896986464,
                1489447876
              ]
            },
            {
              "id": 1,
              "amount": 5,
              "eligible_players": [
                1489447876
              ]
            },
            {
              "id": 2,
              "amount": 100,
              "eligible_players": [
                896986464,
                1489447876
              ]
            }
          ]
        },
        {
          "player": 896986463,
          "action": "RAISE",
          "amount": 125,
          "timestamp": 1756787980096,
          "pot_after_action": 225,
          "side_pots_after_action": [
            {
              "amount": 200,
              "eligible_players": [
                896986464,
                1489447876
              ]
            },
            {
              "amount": 25,
              "eligible_players": [
                896986464
              ]
            }
          ],
          "total_pot_after_action": 240,
          "total_side_pots_after_action": [
            {
              "id": 0,
              "amount": 10,
              "eligible_players": [
                896986464,
                1489447876
              ]
            },
            {
              "id": 1,
              "amount": 5,
              "eligible_players": [
                1489447876
              ]
            },
            {
              "id": 2,
              "amount": 200,
              "eligible_players": [
                896986464,
                1489447876
              ]
            },
            {
              "id": 3,
              "amount": 25,
              "eligible_players": [
                896986464
              ]
            }
          ]
        },
        {
          "player": 1489447875,
          "action": "CALL",
          "amount": 25,
          "timestamp": 1756787980097,
          "pot_after_action": 250,
          "side_pots_after_action": [
            {
              "amount": 250,
              "eligible_players": [
                896986464,
                1489447876
              ]
            }
          ],
          "total_pot_after_action": 265,
          "total_side_pots_after_action": [
            {
              "id": 0,
              "amount": 10,
              "eligible_players": [
                896986464,
                1489447876
              ]
            },
            {
              "id": 1,
              "amount": 5,
              "eligible_players": [
                1489447876
              ]
            },
            {
              "id": 2,
              "amount": 250,
              "eligible_players": [
                896986464,
                1489447876
              ]
            }
          ]
        }
      ],
      "actionTimes": {
        "896986463": 46,
        "1489447875": 47
      }
    },
    "2": {
      "pot": 0,
      "bets": {
        "1489447875": 0,
        "896986463": 0
      },
      "actions": {
        "896986463": "CHECK",
        "1489447875": "CHECK"
      },
      "action_sequence": [
        {
          "player": 896986463,
          "action": "CHECK",
          "amount": 0,
          "timestamp": 1756787980138,
          "pot_after_action": 0,
          "side_pots_after_action": [
            {
              "amount": 0,
              "eligible_players": [
                896986464,
                1489447876
              ]
            }
          ],
          "total_pot_after_action": 265,
          "total_side_pots_after_action": [
            {
              "id": 0,
              "amount": 10,
              "eligible_players": [
                896986464,
                1489447876
              ]
            },
            {
              "id": 1,
              "amount": 5,
              "eligible_players": [
                1489447876
              ]
            },
            {
              "id": 2,
              "amount": 250,
              "eligible_players": [
                896986464,
                1489447876
              ]
            },
            {
              "id": 3,
              "amount": 0,
              "eligible_players": [
                896986464,
                1489447876
              ]
            }
          ]
        },
        {
          "player": 1489447875,
          "action": "CHECK",
          "amount": 0,
          "timestamp": 1756787980139,
          "pot_after_action": 0,
          "side_pots_after_action": [
            {
              "amount": 0,
              "eligible_players": [
                896986464,
                1489447876
              ]
            }
          ],
          "total_pot_after_action": 265,
          "total_side_pots_after_action": [
            {
              "id": 0,
              "amount": 10,
              "eligible_players": [
                896986464,
                1489447876
              ]
            },
            {
              "id": 1,
              "amount": 5,
              "eligible_players": [
                1489447876
              ]
            },
            {
              "id": 2,
              "amount": 250,
              "eligible_players": [
                896986464,
                1489447876
              ]
            },
            {
              "id": 3,
              "amount": 0,
              "eligible_players": [
                896986464,
                1489447876
              ]
            }
          ]
        }
      ],
      "actionTimes": {
        "896986463": 88,
        "1489447875": 89
      }
    },
    "3": {
      "pot": 0,
      "bets": {
        "1489447875": 0,
        "896986463": 0
      },
      "actions": {
        "896986463": "CHECK",
        "1489447875": "CHECK"
      },
      "action_sequence": [
        {
          "player": 896986463,
          "action": "CHECK",
          "amount": 0,
          "timestamp": 1756787980180,
          "pot_after_action": 0,
          "side_pots_after_action": [
            {
              "amount": 0,
              "eligible_players": [
                896986464,
                1489447876
              ]
            }
          ],
          "total_pot_after_action": 265,
          "total_side_pots_after_action": [
            {
              "id": 0,
              "amount": 10,
              "eligible_players": [
                896986464,
                1489447876
              ]
            },
            {
              "id": 1,
              "amount": 5,
              "eligible_players": [
                1489447876
              ]
            },
            {
              "id": 2,
              "amount": 250,
              "eligible_players": [
                896986464,
                1489447876
              ]
            },
            {
              "id": 3,
              "amount": 0,
              "eligible_players": [
                896986464,
                1489447876
              ]
            },
            {
              "id": 4,
              "amount": 0,
              "eligible_players": [
                896986464,
                1489447876
              ]
            }
          ]
        },
        {
          "player": 1489447875,
          "action": "CHECK",
          "amount": 0,
          "timestamp": 1756787980181,
          "pot_after_action": 0,
          "side_pots_after_action": [
            {
              "amount": 0,
              "eligible_players": [
                896986464,
                1489447876
              ]
            }
          ],
          "total_pot_after_action": 265,
          "total_side_pots_after_action": [
            {
              "id": 0,
              "amount": 10,
              "eligible_players": [
                896986464,
                1489447876
              ]
            },
            {
              "id": 1,
              "amount": 5,
              "eligible_players": [
                1489447876
              ]
            },
            {
              "id": 2,
              "amount": 250,
              "eligible_players": [
                896986464,
                1489447876
              ]
            },
            {
              "id": 3,
              "amount": 0,
              "eligible_players": [
                896986464,
                1489447876
              ]
            },
            {
              "id": 4,
              "amount": 0,
              "eligible_players": [
                896986464,
                1489447876
              ]
            }
          ]
        }
      ],
      "actionTimes": {
        "896986463": 130,
        "1489447875": 131
      }
    }
  },
  "playerNames": {
    "1489447875": "player1489447876",
    "896986463": "player896986464"
  },
  "blinds": {
    "small": 5,
    "big": 10
  },
  "finalBoard": [
    "2c",
    "8h",
    "6c",
    "3h",
    "Jh"
  ],
  "sidePots": [
    {
      "amount": 0,
      "eligible_players": [
        896986463,
        1489447875
      ]
    }
  ],
  "playerMoney": {
    "initialAmount": 10000,
    "startingMoney": {
      "1489447876": 9885,
      "896986464": 10115
    },
    "startingDelta": {
      "1489447876": -115,
      "896986464": 115
    },
    "finalDelta": {
      "1489447876": -245,
      "896986464": 245
    },
    "gameScores": {
      "1489447876": -130,
      "896986464": 130
    },
    "finalMoney": {
      "1489447876": 9755,
      "896986464": 10245
    },
    "thisGameDelta": {
      "1489447876": -130,
      "896986464": 130
    }
  },
  "playerHands": {
    "1489447875": [
      "Ts",
      "Kd"
    ],
    "896986463": [
      "As",
      "Ad"
    ]
  },
  "usernameMapping": {
    "default": 1489447876,
    "client_container_6175_test_client_test_moonshotai_kimi_k2_iter_3_20250901_213933_iter3": 896986464
  },
  "playerIdToUsername": {
    "1489447876": "default",
    "896986464": "client_container_6175_test_client_test_moonshotai_kimi_k2_iter_3_20250901_213933_iter3"
  }
}