{
  "gameId": "a4cf75cd-8c3a-4e00-af17-00ed2104ede2",
  "rounds": {
    "0": {
      "pot": 15,
      "bets": {
        "1489447875": 5,
        "896986463": 10
      },
      "actions": {
        "1489447875": "RAISE",
        "896986463": "RAISE"
      },
      "action_sequence": [
        {
          "player": 1489447875,
          "action": "RAISE",
          "amount": 5,
          "timestamp": 1756787979989,
          "pot_after_action": 5,
          "side_pots_after_action": [
            {
              "amount": 5,
              "eligible_players": [
                896986464,
                1489447876
              ]
            }
          ],
          "total_pot_after_action": 5,
          "total_side_pots_after_action": [
            {
              "id": 0,
              "amount": 5,
              "eligible_players": [
                896986464,
                1489447876
              ]
            }
          ]
        },
        {
          "player": 896986463,
          "action": "RAISE",
          "amount": 10,
          "timestamp": 1756787979989,
          "pot_after_action": 15,
          "side_pots_after_action": [
            {
              "amount": 10,
              "eligible_players": [
                896986464,
                1489447876
              ]
            },
            {
              "amount": 5,
              "eligible_players": [
                896986464
              ]
            }
          ],
          "total_pot_after_action": 15,
          "total_side_pots_after_action": [
            {
              "id": 0,
              "amount": 10,
              "eligible_players": [
                896986464,
                1489447876
              ]
            },
            {
              "id": 1,
              "amount": 5,
              "eligible_players": [
                896986464
              ]
            }
          ]
        }
      ],
      "actionTimes": {}
    },
    "1": {
      "pot": 100,
      "bets": {
        "1489447875": 100,
        "896986463": 0
      },
      "actions": {
        "1489447875": "RAISE",
        "896986463": "FOLD"
      },
      "action_sequence": [
        {
          "player": 1489447875,
          "action": "RAISE",
          "amount": 100,
          "timestamp": 1756787979992,
          "pot_after_action": 100,
          "side_pots_after_action": [
            {
              "amount": 100,
              "eligible_players": [
                896986464,
                1489447876
              ]
            }
          ],
          "total_pot_after_action": 115,
          "total_side_pots_after_action": [
            {
              "id": 0,
              "amount": 10,
              "eligible_players": [
                896986464,
                1489447876
              ]
            },
            {
              "id": 1,
              "amount": 5,
              "eligible_players": [
                896986464
              ]
            },
            {
              "id": 2,
              "amount": 100,
              "eligible_players": [
                896986464,
                1489447876
              ]
            }
          ]
        },
        {
          "player": 896986463,
          "action": "FOLD",
          "amount": 0,
          "timestamp": 1756787980032,
          "pot_after_action": 100,
          "side_pots_after_action": [
            {
              "amount": 100,
              "eligible_players": [
                896986464,
                1489447876
              ]
            }
          ],
          "total_pot_after_action": 115,
          "total_side_pots_after_action": [
            {
              "id": 0,
              "amount": 10,
              "eligible_players": [
                896986464,
                1489447876
              ]
            },
            {
              "id": 1,
              "amount": 5,
              "eligible_players": [
                896986464
              ]
            },
            {
              "id": 2,
              "amount": 100,
              "eligible_players": [
                896986464,
                1489447876
              ]
            }
          ]
        }
      ],
      "actionTimes": {
        "1489447875": 3,
        "896986463": 43
      }
    }
  },
  "playerNames": {
    "1489447875": "player1489447876",
    "896986463": "player896986464"
  },
  "blinds": {
    "small": 5,
    "big": 10
  },
  "finalBoard": [
    "3h",
    "Kc",
    "3d",
    "Kh"
  ],
  "sidePots": [
    {
      "amount": 0,
      "eligible_players": [
        1489447875
      ]
    }
  ],
  "playerMoney": {
    "initialAmount": 10000,
    "startingMoney": {
      "1489447876": 9875,
      "896986464": 10125
    },
    "startingDelta": {
      "1489447876": -125,
      "896986464": 125
    },
    "finalDelta": {
      "1489447876": -115,
      "896986464": 115
    },
    "gameScores": {
      "1489447876": 10,
      "896986464": -10
    },
    "finalMoney": {
      "1489447876": 9885,
      "896986464": 10115
    },
    "thisGameDelta": {
      "1489447876": 10,
      "896986464": -10
    }
  },
  "playerHands": {
    "1489447875": [
      "9c",
      "4d"
    ],
    "896986463": [
      "Ac",
      "2s"
    ]
  },
  "usernameMapping": {
    "default": 1489447876,
    "client_container_6175_test_client_test_moonshotai_kimi_k2_iter_3_20250901_213933_iter3": 896986464
  },
  "playerIdToUsername": {
    "1489447876": "default",
    "896986464": "client_container_6175_test_client_test_moonshotai_kimi_k2_iter_3_20250901_213933_iter3"
  }
}