{
  "gameId": "1d77b21c-effe-4922-a9b2-a256cef779b7",
  "rounds": {
    "0": {
      "pot": 15,
      "bets": {
        "1750992154": 10,
        "1938520595": 5
      },
      "actions": {
        "1938520595": "RAISE",
        "1750992154": "RAISE"
      },
      "action_sequence": [
        {
          "player": 1938520595,
          "action": "RAISE",
          "amount": 5,
          "timestamp": 1757646367823,
          "pot_after_action": 5,
          "side_pots_after_action": [
            {
              "amount": 5,
              "eligible_players": [
                1750992155,
                1938520596
              ]
            }
          ],
          "total_pot_after_action": 5,
          "total_side_pots_after_action": [
            {
              "id": 0,
              "amount": 5,
              "eligible_players": [
                1750992155,
                1938520596
              ]
            }
          ]
        },
        {
          "player": 1750992154,
          "action": "RAISE",
          "amount": 10,
          "timestamp": 1757646367823,
          "pot_after_action": 15,
          "side_pots_after_action": [
            {
              "amount": 10,
              "eligible_players": [
                1750992155,
                1938520596
              ]
            },
            {
              "amount": 5,
              "eligible_players": [
                1750992155
              ]
            }
          ],
          "total_pot_after_action": 15,
          "total_side_pots_after_action": [
            {
              "id": 0,
              "amount": 10,
              "eligible_players": [
                1750992155,
                1938520596
              ]
            },
            {
              "id": 1,
              "amount": 5,
              "eligible_players": [
                1750992155
              ]
            }
          ]
        }
      ],
      "actionTimes": {}
    },
    "1": {
      "pot": 200,
      "bets": {
        "1750992154": 100,
        "1938520595": 100
      },
      "actions": {
        "1938520595": "CALL",
        "1750992154": "RAISE"
      },
      "action_sequence": [
        {
          "player": 1938520595,
          "action": "CHECK",
          "amount": 0,
          "timestamp": 1757646367886,
          "pot_after_action": 0,
          "side_pots_after_action": [
            {
              "amount": 0,
              "eligible_players": [
                1750992155,
                1938520596
              ]
            }
          ],
          "total_pot_after_action": 15,
          "total_side_pots_after_action": [
            {
              "id": 0,
              "amount": 10,
              "eligible_players": [
                1750992155,
                1938520596
              ]
            },
            {
              "id": 1,
              "amount": 5,
              "eligible_players": [
                1750992155
              ]
            },
            {
              "id": 2,
              "amount": 0,
              "eligible_players": [
                1750992155,
                1938520596
              ]
            }
          ]
        },
        {
          "player": 1750992154,
          "action": "RAISE",
          "amount": 100,
          "timestamp": 1757646367887,
          "pot_after_action": 100,
          "side_pots_after_action": [
            {
              "amount": 100,
              "eligible_players": [
                1750992155,
                1938520596
              ]
            }
          ],
          "total_pot_after_action": 115,
          "total_side_pots_after_action": [
            {
              "id": 0,
              "amount": 10,
              "eligible_players": [
                1750992155,
                1938520596
              ]
            },
            {
              "id": 1,
              "amount": 5,
              "eligible_players": [
                1750992155
              ]
            },
            {
              "id": 2,
              "amount": 100,
              "eligible_players": [
                1750992155,
                1938520596
              ]
            }
          ]
        },
        {
          "player": 1938520595,
          "action": "CALL",
          "amount": 100,
          "timestamp": 1757646367953,
          "pot_after_action": 200,
          "side_pots_after_action": [
            {
              "amount": 200,
              "eligible_players": [
                1750992155,
                1938520596
              ]
            }
          ],
          "total_pot_after_action": 215,
          "total_side_pots_after_action": [
            {
              "id": 0,
              "amount": 10,
              "eligible_players": [
                1750992155,
                1938520596
              ]
            },
            {
              "id": 1,
              "amount": 5,
              "eligible_players": [
                1750992155
              ]
            },
            {
              "id": 2,
              "amount": 200,
              "eligible_players": [
                1750992155,
                1938520596
              ]
            }
          ]
        }
      ],
      "actionTimes": {
        "1938520595": 130,
        "1750992154": 64
      }
    },
    "2": {
      "pot": 0,
      "bets": {
        "1750992154": 0,
        "1938520595": 0
      },
      "actions": {
        "1938520595": "CHECK",
        "1750992154": "CHECK"
      },
      "action_sequence": [
        {
          "player": 1938520595,
          "action": "CHECK",
          "amount": 0,
          "timestamp": 1757646368013,
          "pot_after_action": 0,
          "side_pots_after_action": [
            {
              "amount": 0,
              "eligible_players": [
                1750992155,
                1938520596
              ]
            }
          ],
          "total_pot_after_action": 215,
          "total_side_pots_after_action": [
            {
              "id": 0,
              "amount": 10,
              "eligible_players": [
                1750992155,
                1938520596
              ]
            },
            {
              "id": 1,
              "amount": 5,
              "eligible_players": [
                1750992155
              ]
            },
            {
              "id": 2,
              "amount": 200,
              "eligible_players": [
                1750992155,
                1938520596
              ]
            },
            {
              "id": 3,
              "amount": 0,
              "eligible_players": [
                1750992155,
                1938520596
              ]
            }
          ]
        },
        {
          "player": 1750992154,
          "action": "CHECK",
          "amount": 0,
          "timestamp": 1757646368014,
          "pot_after_action": 0,
          "side_pots_after_action": [
            {
              "amount": 0,
              "eligible_players": [
                1750992155,
                1938520596
              ]
            }
          ],
          "total_pot_after_action": 215,
          "total_side_pots_after_action": [
            {
              "id": 0,
              "amount": 10,
              "eligible_players": [
                1750992155,
                1938520596
              ]
            },
            {
              "id": 1,
              "amount": 5,
              "eligible_players": [
                1750992155
              ]
            },
            {
              "id": 2,
              "amount": 200,
              "eligible_players": [
                1750992155,
                1938520596
              ]
            },
            {
              "id": 3,
              "amount": 0,
              "eligible_players": [
                1750992155,
                1938520596
              ]
            }
          ]
        }
      ],
      "actionTimes": {
        "1938520595": 190,
        "1750992154": 191
      }
    },
    "3": {
      "pot": 0,
      "bets": {
        "1750992154": 0,
        "1938520595": 0
      },
      "actions": {
        "1938520595": "FOLD",
        "1750992154": "CHECK"
      },
      "action_sequence": [
        {
          "player": 1938520595,
          "action": "FOLD",
          "amount": 0,
          "timestamp": 1757646368072,
          "pot_after_action": 0,
          "side_pots_after_action": [
            {
              "amount": 0,
              "eligible_players": [
                1750992155,
                1938520596
              ]
            }
          ],
          "total_pot_after_action": 215,
          "total_side_pots_after_action": [
            {
              "id": 0,
              "amount": 10,
              "eligible_players": [
                1750992155,
                1938520596
              ]
            },
            {
              "id": 1,
              "amount": 5,
              "eligible_players": [
                1750992155
              ]
            },
            {
              "id": 2,
              "amount": 200,
              "eligible_players": [
                1750992155,
                1938520596
              ]
            },
            {
              "id": 3,
              "amount": 0,
              "eligible_players": [
                1750992155,
                1938520596
              ]
            },
            {
              "id": 4,
              "amount": 0,
              "eligible_players": [
                1750992155,
                1938520596
              ]
            }
          ]
        },
        {
          "player": 1750992154,
          "action": "CHECK",
          "amount": 0,
          "timestamp": 1757646368073,
          "pot_after_action": 0,
          "side_pots_after_action": [
            {
              "amount": 0,
              "eligible_players": [
                1750992155,
                1938520596
              ]
            }
          ],
          "total_pot_after_action": 215,
          "total_side_pots_after_action": [
            {
              "id": 0,
              "amount": 10,
              "eligible_players": [
                1750992155,
                1938520596
              ]
            },
            {
              "id": 1,
              "amount": 5,
              "eligible_players": [
                1750992155
              ]
            },
            {
              "id": 2,
              "amount": 200,
              "eligible_players": [
                1750992155,
                1938520596
              ]
            },
            {
              "id": 3,
              "amount": 0,
              "eligible_players": [
                1750992155,
                1938520596
              ]
            },
            {
              "id": 4,
              "amount": 0,
              "eligible_players": [
                1750992155,
                1938520596
              ]
            }
          ]
        }
      ],
      "actionTimes": {
        "1938520595": 249,
        "1750992154": 250
      }
    }
  },
  "playerNames": {
    "1750992154": "player1750992155",
    "1938520595": "player1938520596"
  },
  "blinds": {
    "small": 5,
    "big": 10
  },
  "finalBoard": [
    "4s",
    "Qh",
    "2s",
    "4c",
    "Js"
  ],
  "sidePots": [
    {
      "amount": 0,
      "eligible_players": [
        1750992154
      ]
    }
  ],
  "playerMoney": {
    "initialAmount": 10000,
    "startingMoney": {
      "1750992155": 10055,
      "1938520596": 9945
    },
    "startingDelta": {
      "1750992155": 55,
      "1938520596": -55
    },
    "finalDelta": {
      "1750992155": 160,
      "1938520596": -160
    },
    "gameScores": {
      "1750992155": 105,
      "1938520596": -105
    },
    "finalMoney": {
      "1750992155": 10160,
      "1938520596": 9840
    },
    "thisGameDelta": {
      "1750992155": 105,
      "1938520596": -105
    }
  },
  "playerHands": {
    "1750992154": [
      "8c",
      "6s"
    ],
    "1938520595": [
      "2c",
      "8s"
    ]
  },
  "usernameMapping": {
    "default": 1750992155,
    "client_container_5489_test_client_test_deepseek_deepseek_r1_0528_iter_4_20250911_200601_iter4": 1938520596
  },
  "playerIdToUsername": {
    "1750992155": "default",
    "1938520596": "client_container_5489_test_client_test_deepseek_deepseek_r1_0528_iter_4_20250911_200601_iter4"
  }
}