{
  "gameId": "1d77b21c-effe-4922-a9b2-a256cef779b7",
  "rounds": {
    "0": {
      "pot": 15,
      "bets": {
        "1750992154": 10,
        "1938520595": 5
      },
      "actions": {
        "1938520595": "RAISE",
        "1750992154": "RAISE"
      },
      "action_sequence": [
        {
          "player": 1938520595,
          "action": "RAISE",
          "amount": 5,
          "timestamp": 1757646367597,
          "pot_after_action": 5,
          "side_pots_after_action": [
            {
              "amount": 5,
              "eligible_players": [
                1750992155,
                1938520596
              ]
            }
          ],
          "total_pot_after_action": 5,
          "total_side_pots_after_action": [
            {
              "id": 0,
              "amount": 5,
              "eligible_players": [
                1750992155,
                1938520596
              ]
            }
          ]
        },
        {
          "player": 1750992154,
          "action": "RAISE",
          "amount": 10,
          "timestamp": 1757646367597,
          "pot_after_action": 15,
          "side_pots_after_action": [
            {
              "amount": 10,
              "eligible_players": [
                1750992155,
                1938520596
              ]
            },
            {
              "amount": 5,
              "eligible_players": [
                1750992155
              ]
            }
          ],
          "total_pot_after_action": 15,
          "total_side_pots_after_action": [
            {
              "id": 0,
              "amount": 10,
              "eligible_players": [
                1750992155,
                1938520596
              ]
            },
            {
              "id": 1,
              "amount": 5,
              "eligible_players": [
                1750992155
              ]
            }
          ]
        }
      ],
      "actionTimes": {}
    },
    "1": {
      "pot": 100,
      "bets": {
        "1750992154": 100,
        "1938520595": 0
      },
      "actions": {
        "1938520595": "FOLD",
        "1750992154": "RAISE"
      },
      "action_sequence": [
        {
          "player": 1938520595,
          "action": "FOLD",
          "amount": 0,
          "timestamp": 1757646367603,
          "pot_after_action": 0,
          "side_pots_after_action": [
            {
              "amount": 0,
              "eligible_players": [
                1750992155,
                1938520596
              ]
            }
          ],
          "total_pot_after_action": 15,
          "total_side_pots_after_action": [
            {
              "id": 0,
              "amount": 10,
              "eligible_players": [
                1750992155,
                1938520596
              ]
            },
            {
              "id": 1,
              "amount": 5,
              "eligible_players": [
                1750992155
              ]
            },
            {
              "id": 2,
              "amount": 0,
              "eligible_players": [
                1750992155,
                1938520596
              ]
            }
          ]
        },
        {
          "player": 1750992154,
          "action": "RAISE",
          "amount": 100,
          "timestamp": 1757646367640,
          "pot_after_action": 100,
          "side_pots_after_action": [
            {
              "amount": 100,
              "eligible_players": [
                1750992155,
                1938520596
              ]
            }
          ],
          "total_pot_after_action": 115,
          "total_side_pots_after_action": [
            {
              "id": 0,
              "amount": 10,
              "eligible_players": [
                1750992155,
                1938520596
              ]
            },
            {
              "id": 1,
              "amount": 5,
              "eligible_players": [
                1750992155
              ]
            },
            {
              "id": 2,
              "amount": 100,
              "eligible_players": [
                1750992155,
                1938520596
              ]
            }
          ]
        }
      ],
      "actionTimes": {
        "1938520595": 6,
        "1750992154": 43
      }
    }
  },
  "playerNames": {
    "1750992154": "player1750992155",
    "1938520595": "player1938520596"
  },
  "blinds": {
    "small": 5,
    "big": 10
  },
  "finalBoard": [
    "Jh",
    "Tc",
    "2d",
    "Ts"
  ],
  "sidePots": [
    {
      "amount": 0,
      "eligible_players": [
        1750992154
      ]
    }
  ],
  "playerMoney": {
    "initialAmount": 10000,
    "startingMoney": {
      "1750992155": 10025,
      "1938520596": 9975
    },
    "startingDelta": {
      "1750992155": 25,
      "1938520596": -25
    },
    "finalDelta": {
      "1750992155": 30,
      "1938520596": -30
    },
    "gameScores": {
      "1750992155": 5,
      "1938520596": -5
    },
    "finalMoney": {
      "1750992155": 10030,
      "1938520596": 9970
    },
    "thisGameDelta": {
      "1750992155": 5,
      "1938520596": -5
    }
  },
  "playerHands": {
    "1750992154": [
      "3h",
      "8c"
    ],
    "1938520595": [
      "Jc",
      "4s"
    ]
  },
  "usernameMapping": {
    "default": 1750992155,
    "client_container_5489_test_client_test_deepseek_deepseek_r1_0528_iter_4_20250911_200601_iter4": 1938520596
  },
  "playerIdToUsername": {
    "1750992155": "default",
    "1938520596": "client_container_5489_test_client_test_deepseek_deepseek_r1_0528_iter_4_20250911_200601_iter4"
  }
}