{
  "gameId": "78f46600-87bc-40e1-a2d5-42531c2cf836",
  "rounds": {
    "0": {
      "pot": 15,
      "bets": {
        "68173249": 10,
        "1286188688": 5
      },
      "actions": {
        "1286188688": "RAISE",
        "68173249": "RAISE"
      },
      "action_sequence": [
        {
          "player": 1286188688,
          "action": "RAISE",
          "amount": 5,
          "timestamp": 1758180972533,
          "pot_after_action": 5,
          "side_pots_after_action": [
            {
              "amount": 5,
              "eligible_players": [
                1286188689,
                68173250
              ]
            }
          ],
          "total_pot_after_action": 5,
          "total_side_pots_after_action": [
            {
              "id": 0,
              "amount": 5,
              "eligible_players": [
                1286188689,
                68173250
              ]
            }
          ]
        },
        {
          "player": 68173249,
          "action": "RAISE",
          "amount": 10,
          "timestamp": 1758180972533,
          "pot_after_action": 15,
          "side_pots_after_action": [
            {
              "amount": 10,
              "eligible_players": [
                1286188689,
                68173250
              ]
            },
            {
              "amount": 5,
              "eligible_players": [
                68173250
              ]
            }
          ],
          "total_pot_after_action": 15,
          "total_side_pots_after_action": [
            {
              "id": 0,
              "amount": 10,
              "eligible_players": [
                1286188689,
                68173250
              ]
            },
            {
              "id": 1,
              "amount": 5,
              "eligible_players": [
                68173250
              ]
            }
          ]
        }
      ],
      "actionTimes": {}
    },
    "1": {
      "pot": 200,
      "bets": {
        "68173249": 100,
        "1286188688": 100
      },
      "actions": {
        "1286188688": "CALL",
        "68173249": "RAISE"
      },
      "action_sequence": [
        {
          "player": 1286188688,
          "action": "CHECK",
          "amount": 0,
          "timestamp": 1758180972542,
          "pot_after_action": 0,
          "side_pots_after_action": [
            {
              "amount": 0,
              "eligible_players": [
                1286188689,
                68173250
              ]
            }
          ],
          "total_pot_after_action": 15,
          "total_side_pots_after_action": [
            {
              "id": 0,
              "amount": 10,
              "eligible_players": [
                1286188689,
                68173250
              ]
            },
            {
              "id": 1,
              "amount": 5,
              "eligible_players": [
                68173250
              ]
            },
            {
              "id": 2,
              "amount": 0,
              "eligible_players": [
                1286188689,
                68173250
              ]
            }
          ]
        },
        {
          "player": 68173249,
          "action": "RAISE",
          "amount": 100,
          "timestamp": 1758180972581,
          "pot_after_action": 100,
          "side_pots_after_action": [
            {
              "amount": 100,
              "eligible_players": [
                1286188689,
                68173250
              ]
            }
          ],
          "total_pot_after_action": 115,
          "total_side_pots_after_action": [
            {
              "id": 0,
              "amount": 10,
              "eligible_players": [
                1286188689,
                68173250
              ]
            },
            {
              "id": 1,
              "amount": 5,
              "eligible_players": [
                68173250
              ]
            },
            {
              "id": 2,
              "amount": 100,
              "eligible_players": [
                1286188689,
                68173250
              ]
            }
          ]
        },
        {
          "player": 1286188688,
          "action": "CALL",
          "amount": 100,
          "timestamp": 1758180972585,
          "pot_after_action": 200,
          "side_pots_after_action": [
            {
              "amount": 200,
              "eligible_players": [
                1286188689,
                68173250
              ]
            }
          ],
          "total_pot_after_action": 215,
          "total_side_pots_after_action": [
            {
              "id": 0,
              "amount": 10,
              "eligible_players": [
                1286188689,
                68173250
              ]
            },
            {
              "id": 1,
              "amount": 5,
              "eligible_players": [
                68173250
              ]
            },
            {
              "id": 2,
              "amount": 200,
              "eligible_players": [
                1286188689,
                68173250
              ]
            }
          ]
        }
      ],
      "actionTimes": {
        "1286188688": 52,
        "68173249": 48
      }
    },
    "2": {
      "pot": 0,
      "bets": {
        "68173249": 0,
        "1286188688": 0
      },
      "actions": {
        "1286188688": "CHECK",
        "68173249": "CHECK"
      },
      "action_sequence": [
        {
          "player": 1286188688,
          "action": "CHECK",
          "amount": 0,
          "timestamp": 1758180972631,
          "pot_after_action": 0,
          "side_pots_after_action": [
            {
              "amount": 0,
              "eligible_players": [
                1286188689,
                68173250
              ]
            }
          ],
          "total_pot_after_action": 215,
          "total_side_pots_after_action": [
            {
              "id": 0,
              "amount": 10,
              "eligible_players": [
                1286188689,
                68173250
              ]
            },
            {
              "id": 1,
              "amount": 5,
              "eligible_players": [
                68173250
              ]
            },
            {
              "id": 2,
              "amount": 200,
              "eligible_players": [
                1286188689,
                68173250
              ]
            },
            {
              "id": 3,
              "amount": 0,
              "eligible_players": [
                1286188689,
                68173250
              ]
            }
          ]
        },
        {
          "player": 68173249,
          "action": "CHECK",
          "amount": 0,
          "timestamp": 1758180972634,
          "pot_after_action": 0,
          "side_pots_after_action": [
            {
              "amount": 0,
              "eligible_players": [
                1286188689,
                68173250
              ]
            }
          ],
          "total_pot_after_action": 215,
          "total_side_pots_after_action": [
            {
              "id": 0,
              "amount": 10,
              "eligible_players": [
                1286188689,
                68173250
              ]
            },
            {
              "id": 1,
              "amount": 5,
              "eligible_players": [
                68173250
              ]
            },
            {
              "id": 2,
              "amount": 200,
              "eligible_players": [
                1286188689,
                68173250
              ]
            },
            {
              "id": 3,
              "amount": 0,
              "eligible_players": [
                1286188689,
                68173250
              ]
            }
          ]
        }
      ],
      "actionTimes": {
        "1286188688": 98,
        "68173249": 101
      }
    },
    "3": {
      "pot": 0,
      "bets": {
        "68173249": 0,
        "1286188688": 0
      },
      "actions": {
        "1286188688": "CHECK",
        "68173249": "CHECK"
      },
      "action_sequence": [
        {
          "player": 1286188688,
          "action": "CHECK",
          "amount": 0,
          "timestamp": 1758180972678,
          "pot_after_action": 0,
          "side_pots_after_action": [
            {
              "amount": 0,
              "eligible_players": [
                1286188689,
                68173250
              ]
            }
          ],
          "total_pot_after_action": 215,
          "total_side_pots_after_action": [
            {
              "id": 0,
              "amount": 10,
              "eligible_players": [
                1286188689,
                68173250
              ]
            },
            {
              "id": 1,
              "amount": 5,
              "eligible_players": [
                68173250
              ]
            },
            {
              "id": 2,
              "amount": 200,
              "eligible_players": [
                1286188689,
                68173250
              ]
            },
            {
              "id": 3,
              "amount": 0,
              "eligible_players": [
                1286188689,
                68173250
              ]
            },
            {
              "id": 4,
              "amount": 0,
              "eligible_players": [
                1286188689,
                68173250
              ]
            }
          ]
        },
        {
          "player": 68173249,
          "action": "CHECK",
          "amount": 0,
          "timestamp": 1758180972681,
          "pot_after_action": 0,
          "side_pots_after_action": [
            {
              "amount": 0,
              "eligible_players": [
                1286188689,
                68173250
              ]
            }
          ],
          "total_pot_after_action": 215,
          "total_side_pots_after_action": [
            {
              "id": 0,
              "amount": 10,
              "eligible_players": [
                1286188689,
                68173250
              ]
            },
            {
              "id": 1,
              "amount": 5,
              "eligible_players": [
                68173250
              ]
            },
            {
              "id": 2,
              "amount": 200,
              "eligible_players": [
                1286188689,
                68173250
              ]
            },
            {
              "id": 3,
              "amount": 0,
              "eligible_players": [
                1286188689,
                68173250
              ]
            },
            {
              "id": 4,
              "amount": 0,
              "eligible_players": [
                1286188689,
                68173250
              ]
            }
          ]
        }
      ],
      "actionTimes": {
        "1286188688": 145,
        "68173249": 148
      }
    }
  },
  "playerNames": {
    "68173249": "player68173250",
    "1286188688": "player1286188689"
  },
  "blinds": {
    "small": 5,
    "big": 10
  },
  "finalBoard": [
    "9s",
    "Jh",
    "Ts",
    "Ad",
    "Ks"
  ],
  "sidePots": [
    {
      "amount": 0,
      "eligible_players": [
        1286188688,
        68173249
      ]
    }
  ],
  "playerMoney": {
    "initialAmount": 10000,
    "startingMoney": {
      "68173250": 10105,
      "1286188689": 9895
    },
    "startingDelta": {
      "68173250": 105,
      "1286188689": -105
    },
    "finalDelta": {
      "68173250": 0,
      "1286188689": 0
    },
    "gameScores": {
      "68173250": -105,
      "1286188689": 105
    },
    "finalMoney": {
      "68173250": 10000,
      "1286188689": 10000
    },
    "thisGameDelta": {
      "68173250": -105,
      "1286188689": 105
    }
  },
  "playerHands": {
    "68173249": [
      "9d",
      "7c"
    ],
    "1286188688": [
      "5d",
      "Qd"
    ]
  },
  "usernameMapping": {
    "default": 68173250,
    "client_container_5680_test_client_test_hermes_hermes_4_405b_iter_4_20250918_003605_iter4": 1286188689
  },
  "playerIdToUsername": {
    "68173250": "default",
    "1286188689": "client_container_5680_test_client_test_hermes_hermes_4_405b_iter_4_20250918_003605_iter4"
  }
}