{
  "gameId": "1d932427-2e10-4ffb-a637-905ee26a57f0",
  "rounds": {
    "0": {
      "pot": 15,
      "bets": {
        "1731510510": 10,
        "2351181223": 5
      },
      "actions": {
        "2351181223": "RAISE",
        "1731510510": "RAISE"
      },
      "action_sequence": [
        {
          "player": 2351181223,
          "action": "RAISE",
          "amount": 5,
          "timestamp": 1757019753083,
          "pot_after_action": 5,
          "side_pots_after_action": [
            {
              "amount": 5,
              "eligible_players": [
                2351181224,
                1731510511
              ]
            }
          ],
          "total_pot_after_action": 5,
          "total_side_pots_after_action": [
            {
              "id": 0,
              "amount": 5,
              "eligible_players": [
                2351181224,
                1731510511
              ]
            }
          ]
        },
        {
          "player": 1731510510,
          "action": "RAISE",
          "amount": 10,
          "timestamp": 1757019753083,
          "pot_after_action": 15,
          "side_pots_after_action": [
            {
              "amount": 10,
              "eligible_players": [
                2351181224,
                1731510511
              ]
            },
            {
              "amount": 5,
              "eligible_players": [
                1731510511
              ]
            }
          ],
          "total_pot_after_action": 15,
          "total_side_pots_after_action": [
            {
              "id": 0,
              "amount": 10,
              "eligible_players": [
                2351181224,
                1731510511
              ]
            },
            {
              "id": 1,
              "amount": 5,
              "eligible_players": [
                1731510511
              ]
            }
          ]
        }
      ],
      "actionTimes": {}
    },
    "1": {
      "pot": 100,
      "bets": {
        "1731510510": 100,
        "2351181223": 0
      },
      "actions": {
        "2351181223": "FOLD",
        "1731510510": "RAISE"
      },
      "action_sequence": [
        {
          "player": 2351181223,
          "action": "FOLD",
          "amount": 0,
          "timestamp": 1757019753087,
          "pot_after_action": 0,
          "side_pots_after_action": [
            {
              "amount": 0,
              "eligible_players": [
                2351181224,
                1731510511
              ]
            }
          ],
          "total_pot_after_action": 15,
          "total_side_pots_after_action": [
            {
              "id": 0,
              "amount": 10,
              "eligible_players": [
                2351181224,
                1731510511
              ]
            },
            {
              "id": 1,
              "amount": 5,
              "eligible_players": [
                1731510511
              ]
            },
            {
              "id": 2,
              "amount": 0,
              "eligible_players": [
                2351181224,
                1731510511
              ]
            }
          ]
        },
        {
          "player": 1731510510,
          "action": "RAISE",
          "amount": 100,
          "timestamp": 1757019753125,
          "pot_after_action": 100,
          "side_pots_after_action": [
            {
              "amount": 100,
              "eligible_players": [
                2351181224,
                1731510511
              ]
            }
          ],
          "total_pot_after_action": 115,
          "total_side_pots_after_action": [
            {
              "id": 0,
              "amount": 10,
              "eligible_players": [
                2351181224,
                1731510511
              ]
            },
            {
              "id": 1,
              "amount": 5,
              "eligible_players": [
                1731510511
              ]
            },
            {
              "id": 2,
              "amount": 100,
              "eligible_players": [
                2351181224,
                1731510511
              ]
            }
          ]
        }
      ],
      "actionTimes": {
        "2351181223": 4,
        "1731510510": 42
      }
    }
  },
  "playerNames": {
    "1731510510": "player1731510511",
    "2351181223": "player2351181224"
  },
  "blinds": {
    "small": 5,
    "big": 10
  },
  "finalBoard": [
    "5s",
    "3d",
    "Kc",
    "Qs"
  ],
  "sidePots": [
    {
      "amount": 0,
      "eligible_players": [
        1731510510
      ]
    }
  ],
  "playerMoney": {
    "initialAmount": 10000,
    "startingMoney": {
      "1731510511": 10025,
      "2351181224": 9975
    },
    "startingDelta": {
      "1731510511": 25,
      "2351181224": -25
    },
    "finalDelta": {
      "1731510511": 30,
      "2351181224": -30
    },
    "gameScores": {
      "1731510511": 5,
      "2351181224": -5
    },
    "finalMoney": {
      "1731510511": 10030,
      "2351181224": 9970
    },
    "thisGameDelta": {
      "1731510511": 5,
      "2351181224": -5
    }
  },
  "playerHands": {
    "1731510510": [
      "Kd",
      "6c"
    ],
    "2351181223": [
      "Jh",
      "As"
    ]
  },
  "usernameMapping": {
    "default": 1731510511,
    "client_container_5902_test_client_test_hermes_hermes_4_405b_iter_1_20250904_140226_iter1": 2351181224
  },
  "playerIdToUsername": {
    "1731510511": "default",
    "2351181224": "client_container_5902_test_client_test_hermes_hermes_4_405b_iter_1_20250904_140226_iter1"
  }
}