{
  "gameId": "488af79b-0de0-403d-8e42-c6b246a3fd10",
  "rounds": {
    "0": {
      "pot": 15,
      "bets": {
        "3597106480": 10,
        "3791886668": 5
      },
      "actions": {
        "3791886668": "RAISE",
        "3597106480": "RAISE"
      },
      "action_sequence": [
        {
          "player": 3791886668,
          "action": "RAISE",
          "amount": 5,
          "timestamp": 1758145761870,
          "pot_after_action": 5,
          "side_pots_after_action": [
            {
              "amount": 5,
              "eligible_players": [
                3597106481,
                3791886669
              ]
            }
          ],
          "total_pot_after_action": 5,
          "total_side_pots_after_action": [
            {
              "id": 0,
              "amount": 5,
              "eligible_players": [
                3597106481,
                3791886669
              ]
            }
          ]
        },
        {
          "player": 3597106480,
          "action": "RAISE",
          "amount": 10,
          "timestamp": 1758145761870,
          "pot_after_action": 15,
          "side_pots_after_action": [
            {
              "amount": 10,
              "eligible_players": [
                3597106481,
                3791886669
              ]
            },
            {
              "amount": 5,
              "eligible_players": [
                3597106481
              ]
            }
          ],
          "total_pot_after_action": 15,
          "total_side_pots_after_action": [
            {
              "id": 0,
              "amount": 10,
              "eligible_players": [
                3597106481,
                3791886669
              ]
            },
            {
              "id": 1,
              "amount": 5,
              "eligible_players": [
                3597106481
              ]
            }
          ]
        }
      ],
      "actionTimes": {}
    },
    "1": {
      "pot": 100,
      "bets": {
        "3597106480": 100,
        "3791886668": 0
      },
      "actions": {
        "3791886668": "FOLD",
        "3597106480": "RAISE"
      },
      "action_sequence": [
        {
          "player": 3791886668,
          "action": "CHECK",
          "amount": 0,
          "timestamp": 1758145761874,
          "pot_after_action": 0,
          "side_pots_after_action": [
            {
              "amount": 0,
              "eligible_players": [
                3597106481,
                3791886669
              ]
            }
          ],
          "total_pot_after_action": 15,
          "total_side_pots_after_action": [
            {
              "id": 0,
              "amount": 10,
              "eligible_players": [
                3597106481,
                3791886669
              ]
            },
            {
              "id": 1,
              "amount": 5,
              "eligible_players": [
                3597106481
              ]
            },
            {
              "id": 2,
              "amount": 0,
              "eligible_players": [
                3597106481,
                3791886669
              ]
            }
          ]
        },
        {
          "player": 3597106480,
          "action": "RAISE",
          "amount": 100,
          "timestamp": 1758145761875,
          "pot_after_action": 100,
          "side_pots_after_action": [
            {
              "amount": 100,
              "eligible_players": [
                3597106481,
                3791886669
              ]
            }
          ],
          "total_pot_after_action": 115,
          "total_side_pots_after_action": [
            {
              "id": 0,
              "amount": 10,
              "eligible_players": [
                3597106481,
                3791886669
              ]
            },
            {
              "id": 1,
              "amount": 5,
              "eligible_players": [
                3597106481
              ]
            },
            {
              "id": 2,
              "amount": 100,
              "eligible_players": [
                3597106481,
                3791886669
              ]
            }
          ]
        },
        {
          "player": 3791886668,
          "action": "FOLD",
          "amount": 0,
          "timestamp": 1758145761916,
          "pot_after_action": 100,
          "side_pots_after_action": [
            {
              "amount": 100,
              "eligible_players": [
                3597106481,
                3791886669
              ]
            }
          ],
          "total_pot_after_action": 115,
          "total_side_pots_after_action": [
            {
              "id": 0,
              "amount": 10,
              "eligible_players": [
                3597106481,
                3791886669
              ]
            },
            {
              "id": 1,
              "amount": 5,
              "eligible_players": [
                3597106481
              ]
            },
            {
              "id": 2,
              "amount": 100,
              "eligible_players": [
                3597106481,
                3791886669
              ]
            }
          ]
        }
      ],
      "actionTimes": {
        "3791886668": 46,
        "3597106480": 5
      }
    }
  },
  "playerNames": {
    "3597106480": "player3597106481",
    "3791886668": "player3791886669"
  },
  "blinds": {
    "small": 5,
    "big": 10
  },
  "finalBoard": [
    "Th",
    "6h",
    "3d",
    "Ah"
  ],
  "sidePots": [
    {
      "amount": 0,
      "eligible_players": [
        3597106480
      ]
    }
  ],
  "playerMoney": {
    "initialAmount": 10000,
    "startingMoney": {
      "3597106481": 10025,
      "3791886669": 9975
    },
    "startingDelta": {
      "3597106481": 25,
      "3791886669": -25
    },
    "finalDelta": {
      "3597106481": 30,
      "3791886669": -30
    },
    "gameScores": {
      "3597106481": 5,
      "3791886669": -5
    },
    "finalMoney": {
      "3597106481": 10030,
      "3791886669": 9970
    },
    "thisGameDelta": {
      "3597106481": 5,
      "3791886669": -5
    }
  },
  "playerHands": {
    "3597106480": [
      "7d",
      "3s"
    ],
    "3791886668": [
      "4d",
      "9s"
    ]
  },
  "usernameMapping": {
    "default": 3597106481,
    "client_container_6519_test_client_test_moonshotai_kimi_k2_iter_4_20250917_144915_iter4": 3791886669
  },
  "playerIdToUsername": {
    "3597106481": "default",
    "3791886669": "client_container_6519_test_client_test_moonshotai_kimi_k2_iter_4_20250917_144915_iter4"
  }
}