{
  "gameId": "488af79b-0de0-403d-8e42-c6b246a3fd10",
  "rounds": {
    "0": {
      "pot": 15,
      "bets": {
        "3597106480": 5,
        "3791886668": 10
      },
      "actions": {
        "3597106480": "RAISE",
        "3791886668": "RAISE"
      },
      "action_sequence": [
        {
          "player": 3597106480,
          "action": "RAISE",
          "amount": 5,
          "timestamp": 1758145761698,
          "pot_after_action": 5,
          "side_pots_after_action": [
            {
              "amount": 5,
              "eligible_players": [
                3597106481,
                3791886669
              ]
            }
          ],
          "total_pot_after_action": 5,
          "total_side_pots_after_action": [
            {
              "id": 0,
              "amount": 5,
              "eligible_players": [
                3597106481,
                3791886669
              ]
            }
          ]
        },
        {
          "player": 3791886668,
          "action": "RAISE",
          "amount": 10,
          "timestamp": 1758145761698,
          "pot_after_action": 15,
          "side_pots_after_action": [
            {
              "amount": 10,
              "eligible_players": [
                3597106481,
                3791886669
              ]
            },
            {
              "amount": 5,
              "eligible_players": [
                3791886669
              ]
            }
          ],
          "total_pot_after_action": 15,
          "total_side_pots_after_action": [
            {
              "id": 0,
              "amount": 10,
              "eligible_players": [
                3597106481,
                3791886669
              ]
            },
            {
              "id": 1,
              "amount": 5,
              "eligible_players": [
                3791886669
              ]
            }
          ]
        }
      ],
      "actionTimes": {}
    },
    "1": {
      "pot": 100,
      "bets": {
        "3597106480": 100,
        "3791886668": 0
      },
      "actions": {
        "3597106480": "RAISE",
        "3791886668": "FOLD"
      },
      "action_sequence": [
        {
          "player": 3597106480,
          "action": "RAISE",
          "amount": 100,
          "timestamp": 1758145761702,
          "pot_after_action": 100,
          "side_pots_after_action": [
            {
              "amount": 100,
              "eligible_players": [
                3597106481,
                3791886669
              ]
            }
          ],
          "total_pot_after_action": 115,
          "total_side_pots_after_action": [
            {
              "id": 0,
              "amount": 10,
              "eligible_players": [
                3597106481,
                3791886669
              ]
            },
            {
              "id": 1,
              "amount": 5,
              "eligible_players": [
                3791886669
              ]
            },
            {
              "id": 2,
              "amount": 100,
              "eligible_players": [
                3597106481,
                3791886669
              ]
            }
          ]
        },
        {
          "player": 3791886668,
          "action": "FOLD",
          "amount": 0,
          "timestamp": 1758145761703,
          "pot_after_action": 100,
          "side_pots_after_action": [
            {
              "amount": 100,
              "eligible_players": [
                3597106481,
                3791886669
              ]
            }
          ],
          "total_pot_after_action": 115,
          "total_side_pots_after_action": [
            {
              "id": 0,
              "amount": 10,
              "eligible_players": [
                3597106481,
                3791886669
              ]
            },
            {
              "id": 1,
              "amount": 5,
              "eligible_players": [
                3791886669
              ]
            },
            {
              "id": 2,
              "amount": 100,
              "eligible_players": [
                3597106481,
                3791886669
              ]
            }
          ]
        }
      ],
      "actionTimes": {
        "3597106480": 5,
        "3791886668": 6
      }
    }
  },
  "playerNames": {
    "3597106480": "player3597106481",
    "3791886668": "player3791886669"
  },
  "blinds": {
    "small": 5,
    "big": 10
  },
  "finalBoard": [
    "4s",
    "5c",
    "Jd",
    "Jh"
  ],
  "sidePots": [
    {
      "amount": 0,
      "eligible_players": [
        3597106480
      ]
    }
  ],
  "playerMoney": {
    "initialAmount": 10000,
    "startingMoney": {
      "3597106481": 10000,
      "3791886669": 10000
    },
    "startingDelta": {
      "3597106481": 0,
      "3791886669": 0
    },
    "finalDelta": {
      "3597106481": 10,
      "3791886669": -10
    },
    "gameScores": {
      "3597106481": 10,
      "3791886669": -10
    },
    "finalMoney": {
      "3597106481": 10010,
      "3791886669": 9990
    },
    "thisGameDelta": {
      "3597106481": 10,
      "3791886669": -10
    }
  },
  "playerHands": {
    "3597106480": [
      "Kh",
      "7h"
    ],
    "3791886668": [
      "2d",
      "2h"
    ]
  },
  "usernameMapping": {
    "default": 3597106481,
    "client_container_6519_test_client_test_moonshotai_kimi_k2_iter_4_20250917_144915_iter4": 3791886669
  },
  "playerIdToUsername": {
    "3597106481": "default",
    "3791886669": "client_container_6519_test_client_test_moonshotai_kimi_k2_iter_4_20250917_144915_iter4"
  }
}